n_nodes,influence,nodes
0.7309941520467838,18.29,"[115, 41, 223, 342, 247]"
1.169590643274854,23.87,"[453, 22, 223, 226, 450, 354, 342, 247]"
0.14619883040935688,6.66,[247]
1.4619883040935673,26.25,"[41, 342, 247, 53, 469, 450, 223, 226, 215, 354]"
0.7309941520467838,18.29,"[115, 41, 342, 223, 247]"
2.192982456140351,30.79,"[41, 22, 223, 115, 551, 120, 247, 450, 342, 128, 418, 226, 354, 586, 469]"
0.29239766081871377,10.6,"[247, 223]"
1.7543859649122808,27.83,"[41, 586, 223, 450, 418, 226, 342, 247, 128, 354, 469, 22]"
1.3157894736842106,25.2,"[120, 223, 22, 450, 354, 247, 226, 469, 342]"
0.5847953216374271,16.94,"[471, 247, 223, 354]"
0.8771929824561404,20.07,"[482, 41, 223, 342, 247, 354]"
2.4853801169590644,32.12,"[53, 450, 223, 469, 375, 342, 247, 586, 551, 418, 22, 41, 166, 128, 226, 354, 453]"
1.4619883040935673,26.25,"[53, 41, 469, 342, 247, 450, 223, 226, 215, 354]"
0.4385964912280702,13.92,"[342, 223, 247]"
1.608187134502924,27.26,"[204, 469, 120, 450, 226, 223, 354, 41, 342, 247, 22]"
2.3391812865497075,31.53,"[205, 469, 375, 453, 226, 223, 354, 445, 586, 247, 128, 342, 41, 418, 551, 22]"
2.046783625730994,30.31,"[239, 469, 120, 342, 284, 418, 223, 128, 226, 551, 22, 247, 354, 41]"
1.9005847953216375,29.15,"[205, 469, 551, 342, 128, 223, 450, 586, 418, 354, 41, 22, 247]"
1.0233918128654973,22.32,"[205, 450, 354, 342, 247, 223, 453]"
