n_nodes,influence,nodes
0.14619883040935688,6.66,[247]
1.7543859649122808,28.29,"[223, 450, 22, 53, 317, 205, 342, 226, 354, 453, 41, 247]"
0.4385964912280702,13.82,"[223, 586, 247]"
1.0233918128654973,21.92,"[223, 450, 205, 354, 41, 115, 247]"
2.3391812865497075,31.38,"[223, 375, 450, 247, 41, 22, 586, 469, 284, 342, 53, 354, 226, 453, 128, 418]"
2.192982456140351,30.72,"[223, 482, 586, 22, 450, 469, 317, 128, 418, 226, 53, 354, 247, 342, 41]"
1.4619883040935673,25.92,"[223, 450, 473, 354, 586, 342, 247, 53, 226, 41]"
0.29239766081871377,10.31,"[223, 41]"
1.169590643274854,23.37,"[223, 205, 128, 342, 124, 41, 247, 354]"
0.8771929824561404,20.34,"[205, 342, 469, 223, 41, 247]"
1.3157894736842106,24.65,"[223, 482, 239, 22, 450, 226, 354, 342, 247]"
1.608187134502924,27.07,"[223, 488, 450, 342, 205, 247, 53, 354, 216, 41, 226]"
0.7309941520467838,18.33,"[247, 41, 223, 22, 342]"
0.5847953216374271,16.68,"[223, 41, 354, 247]"
1.9005847953216375,29.12,"[223, 239, 22, 205, 53, 342, 247, 128, 418, 469, 354, 41, 226]"
2.046783625730994,29.97,"[223, 658, 586, 53, 450, 341, 22, 128, 418, 226, 469, 247, 354, 342]"
