n_nodes,influence,nodes
0.10152284263959377,23.45,[665]
0.30456852791878175,32.49,"[673, 235, 481]"
0.5076142131979691,35.09,"[637, 839, 804, 26, 235]"
0.20304568527918754,29.8,"[643, 769]"
1.2182741116751268,38.24,"[26, 607, 855, 235, 897, 519, 765, 769, 115, 730, 477, 921]"
1.5228426395939083,38.96,"[812, 847, 348, 769, 60, 235, 921, 115, 829, 730, 897, 765, 477, 26, 561]"
0.6091370558375631,35.79,"[637, 847, 804, 279, 235, 26]"
0.4060913705583755,33.8,"[590, 481, 235, 849]"
1.6243654822335023,39.23,"[235, 879, 90, 348, 829, 943, 769, 26, 169, 730, 921, 561, 115, 897, 477, 765]"
0.5076142131979691,35.09,"[839, 804, 637, 26, 235]"
0.9137055837563448,37.21,"[637, 847, 804, 26, 187, 275, 921, 115, 730]"
0.710659898477157,36.38,"[637, 829, 769, 26, 235, 921, 730]"
1.3197969543147205,38.49,"[637, 693, 897, 235, 348, 262, 829, 730, 477, 769, 115, 921, 26]"
1.0152284263959388,37.43,"[637, 235, 686, 943, 769, 115, 921, 26, 341, 829]"
1.4213197969543145,38.77,"[805, 847, 235, 888, 961, 348, 863, 730, 90, 115, 921, 765, 26, 477]"
0.812182741116751,36.74,"[637, 804, 829, 348, 888, 26, 730, 235]"
1.7258883248730963,39.61,"[460, 855, 897, 235, 348, 121, 765, 730, 829, 477, 849, 942, 250, 115, 921, 26, 769]"
1.1167512690355328,37.91,"[839, 943, 637, 730, 26, 235, 115, 921, 769, 829, 239]"
