n_nodes,influence,nodes
0.20533880903490762,7.014373716632442,"[294]"
0.41067761806981523,11.034907597535936,"[294, 198]"
0.6160164271047228,12.375770020533881,"[294, 198, 401]"
0.8213552361396305,14.04106776180698,"[294, 198, 401, 183]"
1.0266940451745379,15.901437371663244,"[294, 198, 401, 183, 96]"
1.2320328542094456,17.17453798767967,"[294, 198, 401, 183, 96, 108]"
1.4373716632443532,18.722792607802877,"[294, 198, 401, 183, 96, 108, 240]"
1.642710472279261,18.61601642710472,"[294, 198, 401, 183, 96, 108, 240, 323]"
1.8480492813141685,19.93429158110883,"[294, 198, 401, 183, 96, 108, 240, 323, 151]"
2.0533880903490758,20.06365503080082,"[294, 198, 401, 183, 96, 108, 240, 323, 151, 153]"
2.2587268993839835,21.073921971252567,"[294, 198, 401, 183, 96, 108, 240, 323, 151, 153, 78]"
2.4640657084188913,21.527720739219713,"[294, 198, 401, 183, 96, 108, 240, 323, 151, 153, 78, 391]"
