influence,nodes,comm
1385.0,0.2,6
1353.8,0.14285714285714285,8
1401.4,0.09090909090909091,7
1382.5,0.09090909090909091,8
1397.2,0.14285714285714285,7
1057.5,1.0,5
1419.6,0.0625,8
1365.6,0.3333333333333333,6
1355.8,0.25,7
1365.3,0.5,6
1374.0,0.25,6
