n_nodes,influence,nodes
0.001979610016826685,1.3240423636543601,[9187]
0.00395922003365337,2.7224586756408984,"[9187, 41998]"
0.005938830050480056,3.5961793526675243,"[9187, 41998, 3875]"
