n_nodes,influence,nodes
0.001979610016826685,7.345976442640801,[43209]
0.00395922003365337,7.328555874492724,"[43209, 35121]"
