n_nodes,influence,nodes
0.001979610016826685,7.345976442640801,[43209]
