n_nodes,influence,nodes
0.001979610016826685,7.403345540928437,[36353]
