n_nodes,influence,nodes
0.001979610016826685,7.403345540928437,[36353]
0.00395922003365337,7.488508363852321,"[36353, 34673]"
