n_nodes,influence,communities,time,nodes,std
0.0727802037845704,87.78,12,13,[564],16.889049706836673
1.3100436681222705,88.04,12,10,"[970, 135, 1279, 648, 268, 1047, 1315, 138, 1284, 1348, 408, 586, 409, 944, 664, 753, 466, 471]",9.235258523723092
1.0917030567685588,88.15,11,8,"[1000, 370, 555, 171, 300, 476, 1283, 419, 202, 409, 830, 1348, 586, 466, 471]",8.12465383877984
0.1455604075691408,87.99,12,12,"[1000, 676]",7.990619500389191
0.6550218340611353,88.04,11,8,"[1000, 11, 392, 648, 435, 516, 157, 519, 1259]",10.007996802557443
