n_nodes,influence,communities,time,nodes,std
2.099927588703838,83.39,13,10,"[202, 671, 1427, 169, 194, 1747, 4799, 312, 260, 313, 1763, 1012, 1750, 3135, 588, 77, 1614, 589, 4177, 1111, 3687, 2664, 4718, 122, 634, 5247, 128, 3202, 4229, 2698, 1686, 4761, 3744, 1186, 4271, 4275, 1716, 3764, 713, 3278, 5327, 4306, 3287, 5335, 217, 4823, 3806, 4318, 5348, 235, 2796, 3826, 4851, 3829, 2806, 1271, 4344, 5371, 3839, 3331, 2826, 3854, 4879, 2836, 791, 792, 2851, 2859, 1324, 5420, 4910, 2871, 2873, 4925, 832, 847, 1367, 866, 3939, 4963, 2405, 2919, 3943, 4969, 876, 4462, 3442, 371, 370, 3446, 842, 4475, 1917, 383, 3456, 900, 2951, 2952, 1438, 1960, 936, 5036, 5038, 5048, 3018, 1486, 4559, 2516, 4564, 3543, 4576, 2533, 2024, 4584, 5100, 3071]",17.05872210923198
0.10861694424330226,83.12,13,13,"[2817, 1027, 1030, 2085, 3236, 4438]",38.070460990116736
1.1404779145546708,83.34,13,12,"[2817, 1666, 3021, 2085, 4576, 3083, 154, 561, 4019, 269, 1346, 2331, 1692, 5247, 4509, 1257, 158, 3352, 902, 166, 1446, 2216, 3496, 8, 299, 4401, 2470, 1432, 4150, 440, 5049, 57, 1467, 1592, 3773, 3905, 704, 707, 2885, 3014, 4039, 1093, 78, 2127, 2896, 208, 2000, 1363, 2388, 341, 4177, 4558, 5463, 2512, 1498, 3932, 4189, 4958, 1131, 4593, 498, 2291, 1780]",31.58939695530765
0.9956553222302684,83.32,13,12,"[2817, 1666, 3908, 2085, 3052, 3652, 2447, 1553, 4377, 967, 3071, 299, 4401, 2127, 2291, 4019, 57, 1467, 4150, 440, 902, 3773, 5241, 1346, 2670, 2885, 3014, 4039, 4429, 78, 2896, 3665, 2000, 1363, 2388, 161, 341, 1592, 4177, 5463, 1257, 1498, 4558, 3932, 4189, 4958, 4382, 2512, 1131, 4593, 498, 2420, 1780, 505, 3839]",34.62369131100842
0.19913106444605377,83.12,13,13,"[2817, 132, 1030, 4506, 1549, 199, 3083, 3352, 269, 2331, 479]",32.63142657010263
0.23533671252715482,83.21,13,14,"[2817, 4599, 3626, 303, 1692, 4231, 5130, 2957, 2319, 3352, 2331, 2420, 3839]",26.379727064547126
1.5749456915278788,83.38,13,10,"[2817, 808, 1030, 1170, 5117, 154, 3083, 1043, 269, 266, 3071, 3395, 2224, 2513, 226, 3637, 518, 5049, 671, 5219, 4024, 4297, 75, 2637, 3278, 602, 5341, 4415, 319, 1592, 3773, 3905, 1346, 525, 3914, 2384, 5456, 4438, 4150, 440, 1370, 5478, 1901, 879, 3392, 4992, 3458, 4997, 3466, 5003, 1933, 2960, 1940, 2272, 5345, 4497, 3298, 4838, 3816, 4341, 4348, 1755, 2253, 4490, 1444, 191, 2759, 4288, 4802, 4498, 3260, 2989, 3255, 687, 2502, 5293, 4556, 5266, 5267, 1184, 673, 155, 1172, 2180, 4748, 3911, 3201]",34.14454568448671
