n_nodes,influence,communities,time,nodes,std
1.7397607828923523,81.6,12,10,"[2309, 136, 778, 1674, 2233, 1934, 141, 2672, 2077, 2162, 681, 821, 430, 2608, 2311, 1845, 2103, 1335, 1593, 2654, 1315, 2111, 2084, 1062, 2216, 426, 43, 2220, 941, 433, 315, 2369, 588, 195, 846, 719, 1229, 2061, 324, 720, 211, 2032, 475, 2254, 1803, 2662, 1638, 492]",20.411761315476916
0.10873504893077213,81.37,12,15,"[903, 1714, 1000]",19.19505144562004
0.0724900326205149,81.28,12,17,"[379, 1000]",19.86177232776572
1.4135556361000363,81.47,12,10,"[641, 136, 778, 2233, 1934, 2216, 426, 43, 2220, 941, 430, 2608, 433, 1845, 2103, 1335, 1593, 2151, 141, 105, 475, 33, 2111, 2369, 588, 1674, 195, 1803, 1229, 846, 719, 720, 211, 1238, 2061, 2254, 2662, 492, 1638]",28.77307769426135
1.3048205871692642,81.54,11,9,"[1605, 539, 28, 1315, 818, 1062, 2216, 2252, 2125, 2118, 1641, 725, 1499, 988, 1630, 2399, 863, 351, 1506, 2430, 129, 1256, 1932, 2197, 2668, 318, 2587, 111, 2488, 499, 2662, 1638, 1803, 475, 492, 2254]",24.71861646613742
0.03624501631025723,81.0,11,15,[982],664.9147990532321
0.14498006524102935,81.46,12,12,"[474, 2098, 46, 1000]",46.49774188065481
0.03624501631025723,80.98,12,15,[2352],13.462540622037135
