n_nodes,influence,communities,time,nodes,std
0.0727802037845704,77.63,11,14,[519],36.20718160807328
0.5822416302765645,79.08,11,11,"[216, 615, 637, 1317, 43, 407, 200, 333]",12.239281024635394
1.5283842794759823,79.45,12,9,"[1106, 226, 1191, 370, 67, 407, 376, 1216, 1351, 631, 772, 90, 668, 337, 4, 73, 576, 1229, 848, 768, 1130]",15.883639381451594
0.36390101892285287,78.77,12,11,"[3, 95, 1283, 370, 755]",14.22708684165525
1.2372634643377,79.08,12,10,"[518, 615, 637, 1101, 601, 1072, 1374, 133, 996, 531, 877, 1115, 364, 379, 1003, 1145, 6]",40.700859941775185
1.0917030567685588,78.98,12,9,"[3, 324, 366, 538, 903, 974, 796, 186, 1170, 1010, 707, 834, 325, 1228, 207]",15.774663229368796
0.21834061135371163,78.64,12,12,"[809, 324, 1368]",9.455686120002081
0.5094614264919939,78.95,12,10,"[3, 95, 370, 1283, 755, 1228, 629]",10.945775440780794
0.1455604075691408,78.61,12,12,"[216, 383]",469.22122714131336
