n_nodes,influence,communities,time,nodes,std
0.6524102935846321,90.09,12,10,"[1283, 773, 1935, 669, 1951, 2683, 203, 1069, 2219, 559, 721, 468, 886, 87, 1620, 220, 989, 2655]",18.18240908130713
0.14498006524102935,89.97,12,12,"[1283, 1348, 1771, 1145]",9.65608616365865
0.6886553098948895,90.14,12,9,"[1283, 752, 1628, 1293, 87, 1620, 48, 290, 2655, 125, 1507, 2666, 2283, 108, 1387, 2159, 633, 1142, 1145]",14.817557153593167
1.0873504893077202,90.24,12,8,"[91, 595, 1136, 523, 1848, 1851, 2495, 8, 1477, 1990, 583, 1871, 1488, 849, 2646, 345, 2395, 604, 2014, 1370, 1507, 739, 2666, 2283, 108, 1387, 2159, 633, 1142, 1145]",16.905916124244794
0.43494019572308806,89.98,12,11,"[1048, 2288, 1935, 48, 290, 2655, 1620, 886, 87, 1523, 307, 969]",11.508257904652641
0.5436752446538602,89.98,12,11,"[1971, 72, 2384, 886, 1199, 87, 1559, 48, 819, 975, 1387, 2159, 633, 1142, 1145]",11.931470990619722
0.10873504893077213,89.87,12,11,"[2123, 2354, 1395]",15.415900881881669
