n_nodes,influence,communities,time,nodes,std
1.1766835626357717,60.61,13,15,"[2912, 3394, 3151, 799, 4034, 2242, 2371, 4550, 4451, 2344, 4926, 4283, 2844, 708, 1042, 4046, 4541, 1483, 2895, 5224, 3193, 3063, 3832, 5369, 1768, 5450, 3132, 701, 4593, 2249, 3918, 3022, 4093, 1071, 4942, 3027, 856, 5341, 1886, 248, 740, 4964, 995, 3428, 3347, 3307, 3731, 3863, 3214, 4248, 5355, 1697, 678, 5031, 887, 1040, 1010, 1819, 1268, 1815, 173, 1308, 3867, 5021, 4504]",70.75563581793325
1.1585807385952211,60.59,13,15,"[1550, 2844, 1040, 3347, 4046, 3863, 4504, 4248, 872, 1308, 4451, 2493, 3214, 3731, 4283, 2249, 1697, 805, 678, 5031, 5034, 43, 173, 2864, 3867, 823, 1336, 2106, 3132, 701, 4541, 4093, 3193, 1815, 3394, 4034, 2371, 708, 1819, 5450, 1483, 3022, 2895, 4964, 3918, 5021, 4942, 1071, 3027, 856, 1670, 740, 995, 3428, 3307, 5355, 887, 1010, 1268, 3063, 3832, 5369, 1886, 248]",42.04806773206113
1.1223750905141205,60.57,13,14,"[3383, 3394, 3151, 799, 4034, 2242, 2371, 5034, 4451, 43, 2864, 5021, 823, 708, 1336, 2106, 4541, 1483, 2895, 3132, 3193, 3063, 3832, 5369, 701, 5450, 2493, 4283, 4942, 3022, 3918, 4046, 2844, 3027, 856, 1071, 5341, 1886, 248, 2678, 995, 4964, 3428, 3307, 5355, 887, 1010, 3347, 1268, 3731, 3863, 3214, 4248, 1697, 678, 5031, 1040, 4504, 3867, 1308, 1819, 173]",46.75082886965749
0.8327299058653153,60.46,13,14,"[1550, 2844, 3347, 1040, 872, 1815, 3863, 4504, 4248, 805, 4451, 1308, 4046, 3214, 5034, 3731, 43, 1697, 2864, 678, 5031, 3867, 823, 173, 1336, 1768, 2670, 1528, 1819, 5021, 1071, 4541, 4283, 3193, 3394, 4034, 2371, 708, 5450, 1483, 422, 2895, 3918, 3063, 3832, 5369]",50.53117849407433
1.0137581462708185,60.54,13,14,"[1550, 369, 1040, 3347, 3612, 3863, 4504, 4248, 5323, 1308, 4451, 1659, 5240, 4593, 2106, 3132, 701, 3022, 1697, 805, 678, 5031, 5034, 43, 173, 2864, 4964, 823, 1336, 4942, 3731, 1815, 4541, 3027, 3193, 856, 3394, 4034, 2371, 708, 3214, 5450, 1483, 5341, 1886, 4173, 1819, 3918, 740, 995, 3428, 3867, 5021, 1071, 3063, 5369]",53.491027284956864
