generation,hv
1,0.151932894033781
2,0.15877795215378368
3,0.16593176778875232
4,0.1689555917105807
5,0.17159522849655892
6,0.1729086877645636
7,0.1751756958242546
8,0.1761530013470147
9,0.17708919252710828
10,0.1773465571137412
11,0.17931808583138967
