generation,hv
1,0.055923711227610313
2,0.05843026430755789
3,0.062242825742682396
4,0.06318551359764088
5,0.0655366016819572
6,0.06780662953254699
7,0.06960002320882482
8,0.07234105368064657
9,0.07353989187418086
10,0.0751413007863696
11,0.07538925977501092
