generation,hv
1,0.014316431847968544
2,0.01478009638488423
3,0.015459978429445175
4,0.01654823339886413
5,0.016754723678462213
6,0.01706736020096112
7,0.017470954838357363
8,0.01776038253604194
9,0.018310056247269547
10,0.018610405744866755
11,0.019083285550458715
