generation,hv
1,0.10169260709726342
2,0.10429640881414719
3,0.1082173892872341
4,0.11096597108237906
5,0.11224579497861094
6,0.11759693866124021
7,0.11849397522900852
8,0.11900830445730667
9,0.12236416269121367
10,0.12365834461178142
11,0.1249348089702857
