generation,hv
1,0.1732755054338207
2,0.17610259441333356
3,0.1809416540336998
4,0.18286517951314388
5,0.18393084552710726
6,0.18542158085789692
7,0.18638305573704478
8,0.1888276520347959
9,0.19093972413416474
10,0.19151262836114233
11,0.1920835113956599
