generation,hv
1,0.09706122112405613
2,0.10189667291011399
3,0.10405101564003184
4,0.10679890798572252
5,0.10800757459741543
6,0.11027098132070505
7,0.11130815928251402
8,0.11316691993858644
9,0.11471127982816771
10,0.11521616463852793
11,0.11578047999937169
