generation,hv
1,0.0919960271952818
2,0.09720965077544778
3,0.09871651785714286
4,0.10514809278069027
5,0.10783400229357798
6,0.108654502512014
7,0.10923131006989951
8,0.10944036014635213
9,0.10964650911970293
10,0.10986921144604632
11,0.11036888379204893
