generation,hv
1,0.30971828401541485
2,0.3202950772387492
3,0.32627369257017064
4,0.3333328480826511
5,0.33572597696589035
6,0.33689240034924894
7,0.3387274374881977
8,0.339922048590207
9,0.3411627831807838
10,0.343004938700502
11,0.3453955549721582
