generation,hv
1,0.188720230693109
2,0.19567454944062931
3,0.20127041712806598
4,0.20539453594572557
5,0.20915089437457923
6,0.21006625810204146
7,0.2122309387774841
8,0.21297088027105612
9,0.21359279481693055
10,0.21436275399994606
11,0.2151094766661864
