generation,hv,influence_k,influence_comm,k_comm
1,0.09133306773797738,0.16613676615307774,0.40074318744838977,0.271622934888241
2,0.0918931581378232,0.18366610610254508,0.40348472336911645,0.271622934888241
