generation,hv
1,0.579365561475813
2,0.5833189070425857
3,0.5854158753096613
4,0.5854601493776702
5,0.5936268727144036
6,0.6120563832469403
7,0.682416804872238
8,0.6839513493258575
9,0.6841594903857496
10,0.6843272236640321
11,0.6843382830010616
12,0.6843666686327711
13,0.6843677551641284
14,0.6844297805827534
15,0.6844297805827534
16,0.6844297805827534
17,0.6845398824269592
18,0.6845398824269592
19,0.6845597007589161
20,0.6845597007589161
21,0.6845597007589161
22,0.6845597007589161
23,0.6848019248161693
24,0.6848019248161693
25,0.6850123150793367
26,0.6850123150793367
27,0.6850473143014429
28,0.6850522813019335
29,0.6850569606303123
30,0.6850569606303123
31,0.6850569606303123
32,0.6850569606303123
33,0.685066334626336
34,0.6850753411191065
35,0.6850822224843695
36,0.6850827576135807
37,0.6850827576135807
38,0.6851472218945382
39,0.6851649168337856
40,0.6851690456529431
41,0.6851704817639546
42,0.6851704817639546
43,0.6851704817639546
44,0.6851810331906911
45,0.6851810331906911
46,0.6852659033622666
47,0.6852659033622666
48,0.6852659033622666
49,0.6852659033622666
50,0.6852659033622666
51,0.6853032187826962
52,0.6853058037825167
53,0.6853058037825167
54,0.6853058037825167
55,0.6853058037825167
56,0.6853337720444633
57,0.6853337720444633
58,0.6853337720444633
59,0.6853337720444633
60,0.6853337720444633
61,0.6853337720444633
62,0.6853337720444633
63,0.6853452409865682
64,0.6853452409865682
65,0.6853452409865682
66,0.6853452409865682
67,0.6853452409865682
68,0.6853452409865682
69,0.6853452409865682
70,0.6853452409865682
71,0.6853452409865682
72,0.6853452409865682
73,0.6854046520342242
74,0.6854078903237595
75,0.6854097407749224
76,0.6854097407749224
77,0.6854097407749224
78,0.6854097407749224
79,0.6854097407749224
80,0.6854097407749224
81,0.6854097407749224
82,0.6854097407749224
83,0.6854125719652021
84,0.6854125719652021
85,0.6854125719652021
86,0.6854125719652021
87,0.6854125719652021
88,0.6854125719652021
89,0.6854125719652021
90,0.6856606249436189
91,0.6856606249436189
92,0.6856606249436189
93,0.6856606249436189
94,0.6858987201817144
95,0.6858987201817144
96,0.6858987201817144
97,0.6859075676513381
98,0.6859400083732916
99,0.6859400083732916
100,0.6859400083732916
101,0.6859400083732916
