n_nodes,influence,communities,time,nodes,std
11.0,1773.2,7,18,"[569, 1641, 408, 862, 524, 1442, 506, 640, 1969, 147, 1918]",27.442485310190108
58.0,1785.0,7,12,"[881, 640, 862, 1969, 74, 147, 1354, 805, 812, 1710, 1433, 1918, 1508, 1154, 1714, 200, 1320, 1641, 1136, 444, 80, 1379, 861, 1633, 1634, 869, 169, 1838, 557, 560, 1968, 178, 308, 1972, 1080, 1465, 1210, 1082, 960, 1137, 1029, 1345, 961, 967, 1481, 1996, 77, 1563, 1651, 372, 1397, 1909, 1653, 1656, 2034, 754, 500, 380]",18.788294228055936
3.0,1760.3,7,21,"[1479, 640, 1227]",24.806450773941844
29.0,1778.4,7,15,"[1479, 640, 862, 805, 1726, 86, 1379, 812, 1416, 200, 1795, 74, 1710, 1712, 1354, 1969, 147, 1918, 1320, 404, 930, 1459, 439, 1980, 1983, 963, 1641, 317, 1136]",32.088003989029914
72.0,1789.1,7,14,"[89, 1436, 640, 862, 257, 560, 495, 2038, 141, 654, 1422, 145, 1712, 1969, 147, 86, 1918, 1416, 1795, 1600, 1487, 1831, 439, 1980, 1983, 1459, 930, 775, 316, 1727, 477, 960, 963, 983, 707, 968, 808, 851, 1237, 1878, 482, 486, 344, 2017, 1369, 1503, 992, 230, 360, 1388, 1133, 1646, 1262, 1516, 241, 1399, 1016, 1148, 1512, 234, 236, 1772, 1389, 1008, 628, 373, 374, 247, 760, 1017, 1268, 767]",23.24241811860375
39.0,1784.2,7,14,"[89, 1436, 640, 862, 257, 560, 495, 2038, 141, 654, 1422, 145, 1712, 1969, 147, 86, 1918, 1416, 1795, 1600, 1487, 1831, 439, 1980, 1983, 1459, 930, 775, 316, 1457, 477, 960, 963, 983, 707, 968, 808, 851, 1237]",16.36734553921313
63.0,1788.4,7,14,"[569, 640, 862, 603, 560, 517, 878, 1419, 1801, 535, 362, 287, 1905, 1910, 1398, 86, 1918, 1795, 1487, 1831, 930, 1416, 404, 775, 1983, 1980, 316, 1727, 439, 960, 707, 968, 477, 1459, 808, 851, 1237, 1878, 344, 801, 1503, 992, 983, 230, 360, 1388, 1133, 963, 1646, 1262, 1516, 241, 486, 2017, 1399, 482, 1016, 1148, 1512, 234, 236, 1772, 1389]",19.969977466186585
35.0,1782.8,7,14,"[89, 2038, 1436, 862, 141, 640, 495, 654, 560, 257, 1422, 145, 1795, 1600, 1656, 1712, 1918, 1969, 775, 86, 1416, 147, 930, 1831, 1459, 1487, 439, 1980, 316, 1983, 963, 983, 2017, 482, 486]",28.614681546367066
