generation,hv
1,0.018776623687652313
2,0.02488126867296131
3,0.027423338379564458
4,0.02774570075889368
5,0.028471399615012074
6,0.02856363401502859
7,0.02944046654501858
8,0.029748254416133286
9,0.031163760650180505
10,0.031244703422407125
11,0.03195460550006203
12,0.03220841665900814
13,0.03230620665725501
14,0.03232391640563049
15,0.03389223953701047
16,0.03455682461169051
17,0.0345884788918997
18,0.03493959941008635
19,0.03591291367505681
20,0.04034171498659965
21,0.040358313673718574
22,0.04076067693116027
23,0.04077422386974398
24,0.040784491751681105
25,0.04083143249329567
26,0.04083143249329567
27,0.041931882199496416
28,0.041931882199496416
29,0.04193340334339662
30,0.04240418462154156
31,0.04240727416903923
32,0.04240727416903923
33,0.043628880345228396
34,0.043638055498912226
35,0.044128500231718645
36,0.044163847910900285
37,0.044165405272512406
38,0.044165405272512406
39,0.044213428860998424
40,0.04434325626842346
41,0.04434325626842346
42,0.04434869927312763
43,0.04498997697881491
44,0.04498997697881491
45,0.0450401066821238
46,0.04557606414390377
47,0.045604862398830937
48,0.04565303195567101
49,0.04565876716285576
50,0.045679411258644366
51,0.045679411258644366
52,0.045679411258644366
53,0.045679411258644366
54,0.045679411258644366
55,0.045679411258644366
56,0.045679411258644366
57,0.045679411258644366
58,0.046137710185151386
59,0.04613964179645324
60,0.04613964179645324
61,0.046318557293287814
62,0.04657155813192905
63,0.046575457572244676
64,0.046575457572244676
65,0.04659947979279868
66,0.04659947979279868
67,0.04660980184069299
68,0.04660980184069299
69,0.046616584900737806
70,0.046620077714924275
71,0.04662342009233767
72,0.04683106255844421
73,0.0468629300185684
74,0.04693414172272808
75,0.047005650576751386
76,0.047016702466416
77,0.04704373640137727
78,0.047047177084008705
79,0.04705864602611348
80,0.04705968865721392
81,0.04705968865721392
82,0.04705968865721392
83,0.047082709951911515
84,0.047221872876849307
85,0.047221872876849307
86,0.047221872876849307
87,0.04727692379895226
88,0.047641636157884276
89,0.047641636157884276
90,0.04764868251494584
91,0.04777025330125651
92,0.04789916421051424
93,0.047902693115777245
94,0.047913015163671545
95,0.048127713759873035
96,0.048127713759873035
97,0.048127713759873035
98,0.048127713759873035
99,0.048127713759873035
100,0.048127713759873035
101,0.04831509232772229
