generation,hv,influence_k,influence_comm,k_comm
1,0.05751968061514897,0.18819703522979633,0.336247582205029,0.25895219198790626
2,0.06051603093249613,0.1891565344623856,0.34531085935341255,0.26716570466570466
