n_nodes,influence,communities,time,nodes,std
2.0,123.42,3,14,"[164, 363]",47.002947779899934
5.0,134.86,6,14,"[144, 468, 363, 222, 493]",52.48145958336144
1.0,78.75,2,11,[111],39.2344236608619
5.0,149.88,5,14,"[128, 21, 363, 408, 236]",46.758155438383156
3.0,139.84,4,14,"[128, 52, 363]",57.18345564933969
4.0,143.64,5,15,"[128, 363, 470, 24]",49.224079473363446
5.0,159.56,4,14,"[215, 331, 363, 77, 201]",34.657789889143245
4.0,151.85,4,14,"[128, 363, 273, 76]",47.17741408767547
