generation,hv,influence_k,influence_comm,k_comm
1,0.13831184896595777,0.2823531327730109,0.4160608839171098,0.4438399438399438
2,0.14100453382849282,0.28324471814959656,0.4160608839171098,0.4492094134951278
