n_nodes,influence,communities
0.4344677769732078,57.57241129616221,12
0.724112961622013,59.32114409847936,12
1.5930485155684286,59.78656770456191,12
1.3034033309196236,59.783490224475024,12
0.5792903692976104,59.02588703837799,12
0.724112961622013,59.290369297610425,12
0.724112961622013,59.39898624185373,13
1.0137581462708183,59.46198406951484,12
1.8826937002172341,60.05774800868936,12
0.4344677769732078,57.49493120926864,12
1.0137581462708183,59.575488776249095,13
