generation,hv,influence_k,influence_comm,k_comm
1,0.06420448491669824,0.20569937190826937,0.35031776733904396,0.272415910808768
2,0.07244673886673282,0.20807674090440464,0.35031776733904396,0.302827380952381
