generation,hv,influence_k,influence_comm,k_comm
1,0.040848608155529965,0.11303340202941264,0.3423487151146726,0.1563852813852814
2,0.049980001634636895,0.11990549038995606,0.35204200055263885,0.18614718614718617
