generation,hv
1,0.020289703172390157
2,0.021559814589664727
3,0.02216276468349591
4,0.022502990735200932
5,0.022979138764319392
6,0.02326067497302773
7,0.023509516644436273
8,0.023655214163475432
9,0.023872452614800622
10,0.024150793585448572
11,0.02448861420324009
