generation,hv
1,0.10500066401487637
2,0.10791961585329035
3,0.10948787299949315
4,0.1107810898092699
5,0.11326665796814801
6,0.1151730913727162
7,0.11594829767474342
8,0.116782319418448
9,0.11740943591821897
10,0.11901191765666631
11,0.11944458262205218
