generation,hv
1,0.006788098809758016
2,0.007415714660823871
3,0.007818444665329721
4,0.007965608598871634
5,0.00811354598344894
6,0.008189388807092584
7,0.008296268832541108
8,0.008394184758810201
9,0.008476750656838419
10,0.008630022870352153
11,0.00872043235516237
