generation,hv
1,0.010722808920200427
2,0.012129447015721682
3,0.012570086378869248
4,0.012927760166613102
5,0.013228033277314259
6,0.013407037119364052
7,0.013509091419642358
8,0.013885654538323987
9,0.014029321999262835
10,0.014357242436126688
11,0.014450844321237083
