generation,hv
1,0.07697529780487333
2,0.07842428646466763
3,0.07990327978249308
4,0.08095724309684031
5,0.0818150251944268
6,0.08384129823622495
7,0.0852188849891053
8,0.08631759985388789
9,0.08693797928285198
10,0.08732915243182733
11,0.08791511457954308
