generation,hv
1,0.042321963288783626
2,0.043404309761461674
3,0.04376283623752325
4,0.04453550583657587
5,0.0455409617661986
6,0.046212231432921656
7,0.04657756724750465
8,0.047149572830316344
9,0.0473218998477415
10,0.04843839874809678
11,0.04874467095246151
