generation,hv
1,0.23819471308833007
2,0.2508220502901354
3,0.25463571889103803
