n_nodes,influence,communities,time,nodes,std
12,192.28,7,13,"[43, 474, 471, 213, 168, 507, 220, 408, 276, 399, 147, 53]",38.46361917448746
12,193.08,6,13,"[43, 378, 464, 60, 213, 147, 410, 53, 399, 507, 168, 276]",30.948505618203924
12,195.74,5,13,"[103, 326, 69, 484, 408, 166, 52, 163, 478, 147, 21, 276]",26.24563963785223
