n_nodes,influence,nodes,time,std
0.19342359767891715,14.07,[380],12,46.68702603507745
1.9342359767891686,35.11,"[391, 370, 150, 414, 420, 464, 114, 33, 22, 313]",14,38.011661368585294
1.353965183752418,30.52,"[257, 289, 327, 139, 110, 392, 93]",14,35.39925987926866
0.5802707930367508,23.9,"[192, 338, 181]",13,51.42420052854492
0.9671179883945844,28.76,"[171, 74, 21, 385, 187]",14,52.104974810472754
0.7736943907156675,24.21,"[390, 370, 387, 112]",13,41.06402805376014
1.7408123791102517,33.44,"[33, 257, 132, 69, 364, 464, 180, 388, 473]",14,42.8613392231274
0.38684719535783385,21.16,"[171, 410]",13,56.5517674348026
