generation,hv,influence_k,influence_comm,k_comm
1,0.16938588007736946,0.2408188265635074,0.3256544165054803,0.611111111111111
2,0.17355093488072212,0.2478207607994842,0.3256544165054803,0.611111111111111
3,0.18119116698903934,0.2524661508704062,0.33899419729206964,0.6249999999999999
