n_nodes,influence,communities,time,nodes,std
1.945525291828794,27.55,5,7,"[69, 89, 154, 141, 44]",21.32627487396709
0.3891050583657589,9.03,1,1,[249],2.6758176320519302
0.7782101167315176,13.27,2,3,"[26, 176]",5.292447448959696
1.1673151750972763,18.17,4,7,"[237, 166, 5]",20.431348462595412
2.3346303501945527,20.19,6,7,"[124, 15, 237, 36, 94, 182]",11.796609682446903
1.5564202334630353,22.1,4,9,"[126, 15, 237, 36]",20.88923167567443
