generation,hv
1,0.013605013106159894
2,0.014574322848405418
