influence,nodes,comm
1385.0,0.2,6
1382.5,0.09090909090909091,8
1397.2,0.14285714285714285,7
1057.5,1.0,5
1419.6,0.0625,8
1365.6,0.3333333333333333,6
1365.3,0.5,6
1374.0,0.25,6
1362.5,0.25,7
1372.0,0.2,7
1402.3,0.09090909090909091,7
1331.0,0.14285714285714285,9
1346.3,0.09090909090909091,9
1373.7,0.14285714285714285,8
