n_nodes,influence,nodes
1.8480492813141685,40.55,"[205, 251, 455, 198, 108, 271, 54, 376, 216]"
1.2320328542094456,32.16,"[356, 216, 271, 251, 108, 54]"
0.4106776180698155,11.92,"[108, 251]"
1.6427104722792607,37.74,"[108, 376, 54, 198, 331, 251, 271, 216]"
2.4640657084188913,46.99,"[325, 251, 298, 20, 147, 198, 455, 108, 271, 216, 54, 376]"
0.20533880903490775,7.31,[271]
2.053388090349076,42.79,"[356, 216, 198, 455, 108, 271, 147, 54, 251, 296]"
0.8213552361396304,23.45,"[198, 54, 251, 108]"
0.6160164271047228,18.14,"[54, 251, 108]"
1.026694045174538,27.44,"[271, 198, 147, 108, 54]"
1.4373716632443534,34.87,"[356, 198, 108, 216, 271, 251, 54]"
2.2587268993839835,44.54,"[356, 216, 147, 198, 455, 108, 271, 71, 251, 54, 376]"
