n_nodes,influence,nodes
0.20533880903490775,7.72,[324]
0.4106776180698155,13.35,"[329, 216]"
1.6427104722792607,21.73,"[427, 216, 251, 108, 198, 54, 298, 146]"
1.8480492813141685,22.41,"[318, 400, 216, 108, 198, 427, 146, 54, 251]"
0.6160164271047228,15.72,"[311, 216, 108]"
2.2587268993839835,24.0,"[123, 427, 108, 395, 54, 216, 251, 318, 446, 146, 77]"
1.026694045174538,18.8,"[303, 216, 108, 198, 146]"
0.8213552361396304,17.76,"[146, 216, 298, 108]"
2.053388090349076,23.38,"[303, 407, 198, 108, 251, 427, 318, 146, 446, 54]"
1.4373716632443534,21.05,"[303, 216, 251, 198, 108, 146, 54]"
2.4640657084188913,24.53,"[251, 339, 395, 110, 318, 198, 108, 216, 427, 146, 446, 54]"
1.2320328542094456,19.91,"[198, 306, 251, 108, 146, 54]"
1.2320328542094456,19.91,"[306, 146, 108, 198, 251, 54]"
