n_nodes,influence,nodes
0.20533880903490775,7.72,[324]
1.4373716632443534,21.05,"[198, 216, 251, 301, 146, 108, 54]"
1.8480492813141685,22.41,"[317, 147, 216, 198, 108, 420, 271, 54, 74]"
1.026694045174538,18.8,"[146, 216, 198, 303, 108]"
0.4106776180698155,13.35,"[329, 216]"
0.8213552361396304,17.4,"[292, 216, 108, 146]"
0.6160164271047228,15.72,"[311, 216, 108]"
1.2320328542094456,20.04,"[198, 216, 308, 146, 108, 54]"
0.6160164271047228,15.72,"[311, 108, 216]"
1.6427104722792607,21.72,"[108, 331, 430, 54, 398, 251, 146, 216]"
2.053388090349076,23.11,"[382, 216, 406, 108, 306, 251, 54, 146, 424, 198]"
