measure,Hyperarea,GD,HyperVolume
page_rank,0.9989515468177177,0.08532630650499674,0.23298152269747302
