measure,Hyperarea,GD,HyperVolume
two-hop,0.3783340514191814,1.293290440431933,0.021561487820180948
page_rank,0.977643773973494,0.06861678486385024,0.055716513609952334
degree_centrality,0.9703553840934502,0.07935578132072141,0.05530114383544272
katz_centrality,0.8197274898518604,0.4095864798091197,0.046716768480153506
betweenness,0.9332831359575187,0.16480702565490485,0.05318837385438706
closeness,0.873014281033072,0.29455072671131166,0.04975361513648904
eigenvector_centrality,0.8232488387735917,0.4034901290699005,0.046917452298069734
core,0.7762668253515133,0.4879753488810359,0.04423991876290996
