measure,Hyperarea,GD,HyperVolume
page_rank,0.948490821738615,0.10908606051741811,0.22088843365609415
