measure,Hyperarea,GD,HyperVolume
two-hop,0.44684996269712723,1.0170197483365055,0.025586920222663855
page_rank,0.9782321132875738,0.06055721208092187,0.056014208641441014
degree_centrality,0.9687028730683912,0.07657291192723838,0.055468558133160484
katz_centrality,0.8247965222491039,0.3720744162933717,0.04722838665429767
betweenness,0.9291488495229774,0.15789712482805668,0.05320366895462463
closeness,0.8626284138859723,0.2955113607431521,0.049394665436872216
eigenvector_centrality,0.8051725731931278,0.41349623170777833,0.04610470653599091
core,0.7979410049168377,0.4179173927384265,0.04569062222130652
