measure,Hyperarea,GD,HyperVolume
two-hop,0.2922631195297724,1.2725503458644403,0.016735176787972088
page_rank,0.9598432136046169,0.08083898149335753,0.054961248255519936
degree_centrality,0.9493508808681511,0.10148586683511585,0.05436045044173661
katz_centrality,0.800364362900159,0.44578783420495993,0.04582938527952843
betweenness,0.9154918038371359,0.16823043837755292,0.052421657613879034
closeness,0.8570324447790509,0.31083640879335706,0.04907423659708212
eigenvector_centrality,0.8031522646826594,0.4350282268501695,0.04598902235338404
core,0.7329426327406,0.5664047984165496,0.04196877304974543
