measure,Hyperarea,GD,HyperVolume
two-hop,0.4670536625654947,0.9508862647121433,0.026695818596971715
page_rank,0.9776683648408319,0.05976906338353002,0.0558814958701429
degree_centrality,0.9669064939953819,0.06989983687410808,0.05526636965471817
katz_centrality,0.8272234739097128,0.37355847531645786,0.047282377954918006
betweenness,0.9282698794571099,0.14556690385245546,0.05305798090716137
closeness,0.8618251218845138,0.2979892279010365,0.049260136382970214
eigenvector_centrality,0.8040247336416756,0.4208513533877923,0.045956386079654764
core,0.7962795176064713,0.4375971756091681,0.04551368559608629
