measure,Hyperarea,GD,HyperVolume
page_rank,0.9701783290678758,0.0812911811544062,0.22599695091224983
