measure,Hyperarea,GD,HyperVolume
page_rank,0.9963689369025951,0.06028171662765699,0.23350324757178442
