measure,Hyperarea,GD,HyperVolume
page_rank,0.9699424734190095,0.07209642492474604,0.22685948876617718
