measure,Hyperarea,GD,HyperVolume
two-hop,0.3711539896596472,1.2009432757911052,0.02114199086605983
page_rank,0.9794899840749567,0.08468934674363233,0.05579454585871394
degree_centrality,0.9714554043959687,0.08239284720789311,0.05533687326211444
katz_centrality,0.8193813356109765,0.39863847653971,0.046674300144780606
betweenness,0.9318359779482994,0.1568801589426481,0.053080037621351765
closeness,0.8751340958339875,0.27946606010139824,0.04985013653676828
eigenvector_centrality,0.8152958161293625,0.41252422045222537,0.046441577291275515
core,0.7807074425796273,0.47272614422531795,0.044471324786834035
