measure,Hyperarea,GD,HyperVolume
page_rank,0.9419606791753764,0.12688594493881153,0.22088843365609415
