measure,Hyperarea,GD,HyperVolume
page_rank,0.944475163748054,0.11084596302571888,0.22055148514532472
