measure,Hyperarea,GD,HyperVolume
two-hop,0.3122140320573622,1.4891426334621003,0.01778916532420303
page_rank,0.9659459426338829,0.0971259588399732,0.05503715497514932
degree_centrality,0.9571288780547305,0.10763618700971546,0.05453478095166565
katz_centrality,0.8041066308921696,0.47020510391075915,0.0458159606119196
betweenness,0.9212498803186451,0.19584115444153635,0.05249048647140774
closeness,0.8635841792965442,0.3315764314636857,0.04920484078066651
eigenvector_centrality,0.8026287956155195,0.4720107261300196,0.04573175729829839
core,0.7415943727243554,0.5813105808161287,0.04225417036178697
