measure,Hyperarea,GD,HyperVolume
page_rank,0.9643297087154447,0.1125958370603827,0.22447673506322416
