measure,Hyperarea,GD,HyperVolume
page_rank,0.9437215372791281,0.10796996039822092,0.22010044577048113
