measure,Hyperarea,GD,HyperVolume
page_rank,1.0014108867118876,0.07260927757860934,0.2329327577557029
