measure,Hyperarea,GD,HyperVolume
two-hop,0.32064395124742684,1.1731982705136292,0.01831189204273962
page_rank,0.960054427650464,0.08220968000218086,0.05482845681602595
degree_centrality,0.9491186864053027,0.09419132522079468,0.054203919498825165
katz_centrality,0.8070955367096169,0.4202055331667015,0.04609301463166803
betweenness,0.91451921798257,0.15500033815615513,0.05222795292272608
closeness,0.8593795861863907,0.2994902931883043,0.0490789429981668
eigenvector_centrality,0.8015474198555347,0.43230150111716714,0.045776163131812174
core,0.7323108007716973,0.5674746634166427,0.04182207795685383
