measure,Hyperarea,GD,HyperVolume
two-hop,0.3772265615379618,1.0323891389302535,0.021561487820180948
page_rank,0.974781936443799,0.05682437448255464,0.055716513609952334
degree_centrality,0.9675148817251351,0.06256594984814508,0.05530114383544272
katz_centrality,0.8173279175771391,0.3805248555744194,0.046716768480153506
betweenness,0.9305511544572844,0.1343103405199412,0.05318837385438706
closeness,0.8704587233750247,0.27088719652158183,0.04975361513648904
eigenvector_centrality,0.820838958522931,0.3753773041764772,0.046917452298069734
core,0.7739944746313537,0.46412722142147406,0.04423991876290996
