measure,Hyperarea,GD,HyperVolume
two-hop,0.45735853451498987,0.9126834491453197,0.026130577707460512
page_rank,0.9835459769455981,0.06543506797811628,0.05619360444796681
degree_centrality,0.9744739367184588,0.06757677365640777,0.055675285373912885
katz_centrality,0.8270431513156293,0.36977768620113444,0.04725202155852145
betweenness,0.9350208573501873,0.1394425339237497,0.05342118562845938
closeness,0.8672406702632631,0.2868715985316347,0.04954865387920647
eigenvector_centrality,0.8081955778561997,0.40654644983245436,0.04617519026378903
core,0.7998793065535349,0.4228636259573335,0.0457000510521833
