measure,Hyperarea,GD,HyperVolume
page_rank,0.9491691169089794,0.09566316693303215,0.22104639781800733
