measure,Hyperarea,GD,HyperVolume
page_rank,0.9429724724390113,0.11291948424107894,0.22055148514532472
