measure,Hyperarea,GD,HyperVolume
page_rank,0.9375772779426577,0.12135251470370437,0.21986053232880196
