measure,Hyperarea,GD,HyperVolume
page_rank,0.9465945452034311,0.10975015853139317,0.22104639781800733
