measure,Hyperarea,GD,HyperVolume
page_rank,0.9643392289627227,0.08684306283833931,0.22599695091224983
