measure,Hyperarea,GD,HyperVolume
page_rank,0.9956767212405147,0.04214323196602681,0.2328784625347862
