measure,Hyperarea,GD,HyperVolume
two-hop,0.3670444558714435,1.0669399948690483,0.020894107856029465
page_rank,0.9807073845660534,0.05434654315981484,0.055827040949787875
degree_centrality,0.9735778520674294,0.053850801024975796,0.05542119032704616
katz_centrality,0.8195316157019273,0.38654738974775227,0.04665206542691816
betweenness,0.935649499513781,0.12133606613536618,0.053262108296571346
closeness,0.8767942556672211,0.26235867026599874,0.04991175715203956
eigenvector_centrality,0.8233070840257144,0.3811916908995083,0.04686698501254966
core,0.773845705719175,0.4763152329549667,0.04405138227965707
