measure,Hyperarea,GD,HyperVolume
page_rank,0.966769275813269,0.077434752930081,0.22520283335885238
