measure,Hyperarea,GD,HyperVolume
two-hop,0.29429994375891055,1.1241066707865683,0.016814439808909752
page_rank,0.9639465928625648,0.08511314287505665,0.055073819443094925
degree_centrality,0.9535871955897717,0.09511042567597316,0.05448194891918257
katz_centrality,0.8098682965436664,0.4133616760967066,0.0462707588436821
betweenness,0.918781588830535,0.15515183736216098,0.05249337640234515
closeness,0.8609262002083569,0.2952049391950442,0.04918788494630323
eigenvector_centrality,0.8036781184053646,0.42357994778144425,0.045917091165790284
core,0.7309078162112994,0.5611236201155952,0.04175945575991795
