measure,Hyperarea,GD,HyperVolume
page_rank,0.9960030401158677,0.05557811740604692,0.2322938541280924
