measure,Hyperarea,GD,HyperVolume
two-hop,0.2951030315802782,1.3925744974278174,0.016816646756874058
page_rank,0.9621227635934488,0.07750088640524044,0.054827219379808535
degree_centrality,0.952437614838428,0.09020026025746185,0.0542753045976093
katz_centrality,0.802534736605505,0.44862084744951136,0.0457329872327807
betweenness,0.9186163878260926,0.16312290714710914,0.05234797899710705
closeness,0.8600907315848279,0.3103379649203243,0.04901285471202883
eigenvector_centrality,0.8049855063303589,0.4402109719439368,0.04587264601068146
core,0.7312823542445536,0.5821250543660871,0.04167262181283453
