measure,Hyperarea,GD,HyperVolume
page_rank,0.967358271942325,0.07610723978178244,0.22561314801411922
