measure,Hyperarea,GD,HyperVolume
two-hop,0.3757858512641036,1.326192071896239,0.021416264342672128
page_rank,0.9798742886686457,0.08181912158835931,0.055843631999776995
degree_centrality,0.9722215398010176,0.0887912065798831,0.05540749718483948
katz_centrality,0.8162386434948802,0.4305083302780906,0.046517937003181416
betweenness,0.9330298744758934,0.17696870601519807,0.05317394032843056
closeness,0.8745443863323301,0.30349652720457837,0.04984081676861757
eigenvector_centrality,0.8165910453348758,0.4340041204584564,0.04653802059849189
core,0.7751451872972053,0.5053362485986127,0.04417599592763807
