measure,Hyperarea,GD,HyperVolume
page_rank,0.9627015246071421,0.08364755971239847,0.22561314801411922
