measure,Hyperarea,GD,HyperVolume
page_rank,0.9609506933826722,0.088531770082988,0.22520283335885238
