measure,Hyperarea,GD,HyperVolume
two-hop,0.3651022678834693,1.1081361977763577,0.020894107856029465
page_rank,0.9755180455866657,0.0594811261388623,0.055827040949787875
degree_centrality,0.9684262384702322,0.06597500941973541,0.05542119032704616
katz_centrality,0.8151951261178456,0.3984756222081148,0.04665206542691816
betweenness,0.9306985809265614,0.13691601793715236,0.053262108296571346
closeness,0.8721547651530852,0.2762257910178243,0.04991175715203956
eigenvector_centrality,0.8189506168364404,0.3930101830848952,0.04686698501254966
core,0.7697509596736996,0.4860067577125658,0.04405138227965707
