measure,Hyperarea,GD,HyperVolume
page_rank,1.0015993217321502,0.07922559422139178,0.2331523581114907
