measure,Hyperarea,GD,HyperVolume
page_rank,0.9431635981493502,0.1332929599863797,0.22075819043099892
