measure,Hyperarea,GD,HyperVolume
page_rank,0.9659551061191267,0.08708448669776185,0.22556742772657382
