measure,Hyperarea,GD,HyperVolume
two-hop,0.4696584309759236,0.9439491909409132,0.026822069936248666
page_rank,0.9795201491702571,0.054440718159161676,0.05594013907174212
degree_centrality,0.9697776610737487,0.06750947592312484,0.05538374812921262
katz_centrality,0.8269849853911752,0.3693721637866182,0.047228895834570433
betweenness,0.9321657415565111,0.14177376503291764,0.053235741260408816
closeness,0.867226717591351,0.2850893106044555,0.04952709061665077
eigenvector_centrality,0.8062449790888382,0.4111560738308806,0.046044439508802826
core,0.7951656516186553,0.4327240753536654,0.04541170201991256
