measure,Hyperarea,GD,HyperVolume
two-hop,0.30590899044987274,1.1939509334539948,0.017413954463399946
page_rank,0.9725825654614976,0.08131552324678933,0.05536453335986046
degree_centrality,0.9617433882816719,0.0732483486915566,0.05474751018067039
katz_centrality,0.8150318404378141,0.4045580921946856,0.04639591446702134
betweenness,0.9263709622369871,0.12444701797031954,0.052733924978430116
closeness,0.8681241973935715,0.27798754752582155,0.049418211670586645
eigenvector_centrality,0.8063990494950762,0.42091371704623265,0.04590449043875787
core,0.7415266543390293,0.5475737666018743,0.04221161128042466
