measure,Hyperarea,GD,HyperVolume
two-hop,0.3672672366891785,1.1344014805365867,0.02102996144129392
page_rank,0.9697302619468069,0.060892351375165604,0.05552738709022474
degree_centrality,0.9610731638384497,0.07501914999921604,0.055031676007871025
katz_centrality,0.8122408460841092,0.40167001930988916,0.046509440450439365
betweenness,0.924766260248923,0.1469378341223187,0.052952719035221966
closeness,0.8660670366179402,0.2844487926700155,0.04959156321658253
eigenvector_centrality,0.8120029315995121,0.40210331347942263,0.04649581731192447
core,0.76553489323965,0.48940781300959946,0.043835027136983
