measure,Hyperarea,GD,HyperVolume
page_rank,0.9996840353820826,0.07400425535493557,0.2331523581114907
