measure,Hyperarea,GD,HyperVolume
two-hop,0.4688514394982236,0.9310774738445213,0.026689498747698465
page_rank,0.9867843153301729,0.05298753197585898,0.056172971925690166
degree_centrality,0.9769559032277956,0.05698721802197746,0.05561348682998693
katz_centrality,0.8317388362588306,0.3589474793136273,0.04734696485628759
betweenness,0.936867772266576,0.12908883134882887,0.05333145881225895
closeness,0.8673597952971973,0.282077167529515,0.04937469786839858
eigenvector_centrality,0.809281219389536,0.4033283238814052,0.046068558762556056
core,0.8008259954390686,0.41838560334425273,0.04558724278477208
