measure,Hyperarea,GD,HyperVolume
page_rank,0.9655989716561258,0.07478518239085585,0.22520283335885238
