measure,Hyperarea,GD,HyperVolume
page_rank,0.9974654849054637,0.06725876220753253,0.2322938541280924
