measure,Hyperarea,GD,HyperVolume
page_rank,0.9714881432743641,0.06920602204625273,0.22685948876617718
