measure,Hyperarea,GD,HyperVolume
page_rank,0.9590261773538045,0.0919614171699936,0.22489026860051445
