measure,Hyperarea,GD,HyperVolume
page_rank,0.9333090108922268,0.15303064223130305,0.21845161195978183
