measure,Hyperarea,GD,HyperVolume
two-hop,0.4664488007851091,1.0683305133536534,0.026570255366853524
page_rank,0.9793657684943913,0.06417949798044129,0.05578747018461935
degree_centrality,0.9685166699023069,0.0712765646786605,0.05516947455550281
katz_centrality,0.8262145540510438,0.37556004203701004,0.04706353977542064
betweenness,0.9325007150081672,0.13968173228899172,0.05311790294205314
closeness,0.8638958552361693,0.2944421448846508,0.04920997426803573
eigenvector_centrality,0.805257416349265,0.41993572952929265,0.0458697613809702
core,0.7953500153310172,0.43785801074466174,0.04530540753413088
