measure,Hyperarea,GD,HyperVolume
two-hop,0.3767640215285947,1.0694780327563929,0.021561487820180948
page_rank,0.9735866981122896,0.056472379463858684,0.055716513609952334
degree_centrality,0.9663285539632949,0.06716661477369373,0.05530114383544272
katz_centrality,0.8163257430189349,0.3842378179605364,0.046716768480153506
betweenness,0.9294101501283621,0.14099642797163062,0.05318837385438706
closeness,0.8693914019636636,0.2743031710028208,0.04975361513648904
eigenvector_centrality,0.819832478867797,0.3789290506955016,0.046917452298069734
core,0.7730454337947633,0.46470868344547434,0.04423991876290996
