measure,Hyperarea,GD,HyperVolume
page_rank,0.9297476126052897,0.14293691533714953,0.21711234412630598
