measure,Hyperarea,GD,HyperVolume
two-hop,0.3742263960241349,1.0901595263014756,0.021416264342672128
page_rank,0.9758079565041039,0.06270468673823681,0.055843631999776995
degree_centrality,0.9681869654029848,0.06908223506137036,0.05540749718483948
katz_centrality,0.8128513748540276,0.3995519633940031,0.046517937003181416
betweenness,0.9291579396441155,0.1457797278316693,0.05317394032843056
closeness,0.870915157554122,0.27656718204093383,0.04984081676861757
eigenvector_centrality,0.8132023142789425,0.40286845797760945,0.04653802059849189
core,0.7719284503711054,0.4734359536134402,0.04417599592763807
