measure,Hyperarea,GD,HyperVolume
page_rank,0.9949460458385573,0.05694869773253148,0.2328784625347862
