measure,Hyperarea,GD,HyperVolume
page_rank,0.9621088419808015,0.10148701513138922,0.22405985407667312
