measure,Hyperarea,GD,HyperVolume
page_rank,0.9957510347196769,0.05543567594641879,0.23195395214668904
