measure,Hyperarea,GD,HyperVolume
two-hop,0.37836677627278614,1.2280759180111085,0.021561487820180948
page_rank,0.9777283374677417,0.06125447356817035,0.055716513609952334
degree_centrality,0.9704393171620438,0.07117521732114,0.05530114383544272
katz_centrality,0.8197983940223958,0.39647964162046123,0.046716768480153506
betweenness,0.9333638623787367,0.15369352966349595,0.05318837385438706
closeness,0.8730897943643052,0.28328037794647115,0.04975361513648904
eigenvector_centrality,0.8233200475311119,0.39185049419636714,0.046917452298069734
core,0.7763339702942499,0.47516843684664345,0.04423991876290996
