measure,Hyperarea,GD,HyperVolume
two-hop,0.29507750818839396,1.455356815721482,0.016816646756874058
page_rank,0.96203954982162,0.08530068459444075,0.054827219379808535
degree_centrality,0.95235523873284,0.09785064842465895,0.0542753045976093
katz_centrality,0.8024653255646444,0.4563999272588738,0.0457329872327807
betweenness,0.9185369369104845,0.17204378364666623,0.05234797899710705
closeness,0.8600163425394809,0.31928018521407364,0.04901285471202883
eigenvector_centrality,0.8049158833230006,0.44999162945201954,0.04587264601068146
core,0.7312191058055069,0.5919002557549038,0.04167262181283453
