measure,Hyperarea,GD,HyperVolume
page_rank,0.9456554523637194,0.10476173557721656,0.22055148514532472
