measure,Hyperarea,GD,HyperVolume
two-hop,0.36943098060966956,1.0584647684097732,0.02102996144129392
page_rank,0.9754433987289464,0.056891290145767284,0.05552738709022474
degree_centrality,0.9667352975864771,0.059604346013370745,0.055031676007871025
katz_centrality,0.8170261386915638,0.3888366171361331,0.046509440450439365
betweenness,0.9302144929623201,0.13018503496984352,0.052952719035221966
closeness,0.8711694446141256,0.2689972200468091,0.04959156321658253
eigenvector_centrality,0.8167868225409095,0.38874581216090354,0.04649581731192447
core,0.7700450191253764,0.47890285679249267,0.043835027136983
