measure,Hyperarea,GD,HyperVolume
two-hop,0.2924638985484924,1.1394569503269594,0.01670953978316492
page_rank,0.9598870579213384,0.09692256953738439,0.05484188325904545
degree_centrality,0.9497151350389363,0.09512069966235975,0.054260723837597745
katz_centrality,0.8020245953325328,0.4329232693363411,0.04582261930206628
betweenness,0.9153185817352686,0.15793632317896328,0.05229552205138107
closeness,0.8594016657047887,0.29558265984028337,0.04910078267465668
eigenvector_centrality,0.8006548142429526,0.4296499820563398,0.045744358662978296
core,0.7260684769597301,0.5742159700412522,0.04148296648329388
