measure,Hyperarea,GD,HyperVolume
two-hop,0.2951825331164718,1.3182934742965247,0.016814439808909752
page_rank,0.9668374157191769,0.08362160023207267,0.055073819443094925
degree_centrality,0.9564469511832817,0.09070912626353876,0.05448194891918257
katz_centrality,0.8122970470572624,0.4199526523820018,0.0462707588436821
betweenness,0.9215369643221775,0.1610745330986198,0.05249337640234515
closeness,0.8635080705690661,0.29760517085918076,0.04918788494630323
eigenvector_centrality,0.8060883049149159,0.43264372624225417,0.045917091165790284
core,0.7330997685837908,0.5646689474398747,0.04175945575991795
