measure,Hyperarea,GD,HyperVolume
page_rank,0.9700180859728976,0.070076030197717,0.22590179126444218
