measure,Hyperarea,GD,HyperVolume
two-hop,0.3702067753734634,1.2019527784431137,0.021088034836097544
page_rank,0.981322215633537,0.07519809526349651,0.05589891499916568
degree_centrality,0.9726140711452622,0.07448154489534438,0.055402874228055385
katz_centrality,0.8222232418599479,0.39760537257144296,0.046836183238137756
betweenness,0.9353532080155795,0.14992702446115064,0.053280389087395436
closeness,0.8765713565568376,0.27946298121199437,0.04993200701080658
eigenvector_centrality,0.8243533350597863,0.3975606749512558,0.046957519428046796
core,0.7791140997667516,0.47876166927217617,0.04438056343134595
