measure,Hyperarea,GD,HyperVolume
page_rank,0.95905064600185,0.12229812982019282,0.22447673506322416
