measure,Hyperarea,GD,HyperVolume
page_rank,1.00420068567171,0.09911946074019563,0.23375790378594832
