measure,Hyperarea,GD,HyperVolume
two-hop,0.3658589339163052,1.0739371715501458,0.020894107856029465
page_rank,0.9775397842457898,0.052327488369050656,0.055827040949787875
degree_centrality,0.9704332795226077,0.05921796690615775,0.05542119032704616
katz_centrality,0.8168845992225804,0.3909423376788466,0.04665206542691816
betweenness,0.9326274322784804,0.130025813068886,0.053262108296571346
closeness,0.8739622857965286,0.2689801044901633,0.04991175715203956
eigenvector_centrality,0.8206478731091075,0.38560524411420743,0.04686698501254966
core,0.771346250791184,0.4795116604771307,0.04405138227965707
