measure,Hyperarea,GD,HyperVolume
page_rank,0.9411031798132877,0.11458673155059686,0.22055148514532472
