measure,Hyperarea,GD,HyperVolume
page_rank,0.9377870764089029,0.12161473144790215,0.21845161195978183
