measure,Hyperarea,GD,HyperVolume
page_rank,1.0034951869307187,0.08500722440981864,0.23375790378594832
