measure,Hyperarea,GD,HyperVolume
page_rank,0.9999389387051628,0.060293332967483994,0.23350324757178442
