measure,Hyperarea,GD,HyperVolume
page_rank,1.0008654297990214,0.09111482751801563,0.23298152269747302
