measure,Hyperarea,GD,HyperVolume
page_rank,0.957972576941785,0.09904858923230503,0.22405985407667312
