measure,Hyperarea,GD,HyperVolume
page_rank,0.9491911537804566,0.10451820495213662,0.22105152985504103
