measure,Hyperarea,GD,HyperVolume
page_rank,0.9941427132257125,0.07544496085271378,0.23298152269747302
