measure,Hyperarea,GD,HyperVolume
page_rank,0.9931537184872836,0.08795168157806495,0.23245894788907304
