measure,Hyperarea,GD,HyperVolume
two-hop,0.31250027767732824,1.1392404742589792,0.01778916532420303
page_rank,0.9668315459918772,0.07162633162409231,0.05503715497514932
degree_centrality,0.9580063977077736,0.07206956017520548,0.05453478095166565
katz_centrality,0.8048438559283468,0.4180254959784961,0.0458159606119196
betweenness,0.9220945052107351,0.1364399669343333,0.05249048647140774
closeness,0.864375934834137,0.2833996098612554,0.04920484078066651
eigenvector_centrality,0.8033646657354164,0.41860547718760965,0.04573175729829839
core,0.7422742849614351,0.5361815170451761,0.04225417036178697
