measure,Hyperarea,GD,HyperVolume
page_rank,0.9479315597548535,0.1131411424500394,0.22075819043099892
