measure,Hyperarea,GD,HyperVolume
two-hop,0.4706808834055893,1.103948889587785,0.026822069936248666
page_rank,0.9816525771016467,0.07348165503916085,0.05594013907174212
degree_centrality,0.9718888794835621,0.08604711350700288,0.05538374812921262
katz_centrality,0.8287853423140846,0.4002730755626565,0.047228895834570433
betweenness,0.9341950783349974,0.17114811691204157,0.053235741260408816
closeness,0.869114681281537,0.3111500333207109,0.04952709061665077
eigenvector_centrality,0.8080001847519458,0.4444090516535088,0.046044439508802826
core,0.7968967374437192,0.45700470881662075,0.04541170201991256
