measure,Hyperarea,GD,HyperVolume
two-hop,0.369444044147504,1.2876353475446272,0.021054840895880667
page_rank,0.9761170450113439,0.06653529336386008,0.05562950439733022
degree_centrality,0.9683668889278507,0.0778216988460039,0.055187818285884774
katz_centrality,0.8171651371622264,0.39953166599591367,0.04657073844108801
betweenness,0.9299642707327948,0.1654903265879381,0.05299922970558185
closeness,0.8691980140011463,0.2919393263344028,0.049536123756004614
eigenvector_centrality,0.8170403673557552,0.40597854303764613,0.04656362773389033
core,0.7727133885029214,0.48119320057818143,0.04403740623451529
