measure,Hyperarea,GD,HyperVolume
page_rank,0.9690152158262364,0.08364803217641399,0.22556742772657382
