measure,Hyperarea,GD,HyperVolume
two-hop,0.36424099477293065,1.3896341693643703,0.02075352997804201
page_rank,0.9789181458859999,0.09064252309797691,0.055776278283446605
degree_centrality,0.9702794430484305,0.10351641056497626,0.05528406686055979
katz_centrality,0.8168088094944891,0.43601222220776986,0.04653969859911135
betweenness,0.934004780546949,0.18915325818716755,0.05321722840340818
closeness,0.8737955943939637,0.3136316350848901,0.04978666136754098
eigenvector_centrality,0.8193744508305429,0.43429843714120775,0.0466858823487299
core,0.7759606936191089,0.5096679891093062,0.04421227634425307
