measure,Hyperarea,GD,HyperVolume
page_rank,0.9612843956447121,0.0928359882702874,0.22447673506322416
