measure,Hyperarea,GD,HyperVolume
page_rank,0.9999529320744959,0.06733451632967677,0.2329327577557029
