measure,Hyperarea,GD,HyperVolume
two-hop,0.45854639214940746,1.1141088074866556,0.026130577707460512
page_rank,0.9861004555643352,0.0662068519552873,0.05619360444796681
degree_centrality,0.9770048533143402,0.07305685441479119,0.055675285373912885
katz_centrality,0.8291911587258877,0.3906282153516224,0.04725202155852145
betweenness,0.9374493058865656,0.16136173464779616,0.05342118562845938
closeness,0.8694930792013452,0.3035144052283694,0.04954865387920647
eigenvector_centrality,0.8102946340994096,0.42808859385490544,0.04617519026378903
core,0.8019567636669347,0.4336357426949592,0.0457000510521833
