measure,Hyperarea,GD,HyperVolume
page_rank,0.9619138671243145,0.09318311206401743,0.22556742772657382
