measure,Hyperarea,GD,HyperVolume
two-hop,0.30555831760370367,1.456991258686741,0.017413954463399946
page_rank,0.971467664275157,0.10358093007662245,0.05536453335986046
degree_centrality,0.9606409123761517,0.10040746450383771,0.05474751018067039
katz_centrality,0.8140975444735652,0.44506707220228425,0.04639591446702134
betweenness,0.9253090348269483,0.16879414374488802,0.052733924978430116
closeness,0.8671290400342518,0.31453313065497884,0.049418211670586645
eigenvector_centrality,0.8054746495635194,0.4630620341669318,0.04590449043875787
core,0.7406766196211713,0.5858062629333961,0.04221161128042466
