measure,Hyperarea,GD,HyperVolume
two-hop,0.45577441616438846,1.2161770262952332,0.02596887265528408
page_rank,0.9789579190490435,0.06722615811332422,0.055778544457609845
degree_centrality,0.9699994674276211,0.07789666195086495,0.05526811455831218
katz_centrality,0.8277673303643914,0.3979223220064169,0.047164087381956335
betweenness,0.9302547726574498,0.16388334959950213,0.05300356244523911
closeness,0.8626453117208276,0.31988780421879376,0.04915134648250221
eigenvector_centrality,0.8027944680477465,0.4530189206761695,0.045741196894165136
core,0.7968089690785892,0.46026099886725047,0.045400158312367433
