measure,Hyperarea,GD,HyperVolume
two-hop,0.3199807984197888,1.2121536327517868,0.01831189204273962
page_rank,0.9580688520426724,0.09032785085653451,0.05482845681602595
degree_centrality,0.9471557279954993,0.10148416666024469,0.054203919498825165
katz_centrality,0.8054263092526174,0.4323521483816064,0.04609301463166803
betweenness,0.9126278178704672,0.16421078663394587,0.05222795292272608
closeness,0.8576022253461916,0.3058933500915404,0.0490789429981668
eigenvector_centrality,0.7998896669620364,0.4419520613951847,0.045776163131812174
core,0.7307962424076543,0.5742606901480041,0.04182207795685383
