measure,Hyperarea,GD,HyperVolume
page_rank,0.9985096572303406,0.06464758584460262,0.2328784625347862
