measure,Hyperarea,GD,HyperVolume
page_rank,0.9726879264066742,0.06895783367681788,0.2262516656649537
