measure,Hyperarea,GD,HyperVolume
two-hop,0.4639204006704607,1.2276932904718414,0.02643301023472603
page_rank,0.9834516538398153,0.07411320179509027,0.056034586092219896
degree_centrality,0.9741949987306664,0.08898257982097421,0.055507165312952925
katz_centrality,0.829618357555524,0.40792135274105973,0.04726955422630561
betweenness,0.9337388545175219,0.18329340378072287,0.05320207661131762
closeness,0.8674382947327871,0.32667987255128583,0.04942443852334994
eigenvector_centrality,0.8088730764453814,0.45067974392972254,0.04608754061553494
core,0.8020197252241266,0.45695484150827786,0.04569705400897098
