measure,Hyperarea,GD,HyperVolume
page_rank,0.9673437130788168,0.07850539246570955,0.2262516656649537
