measure,Hyperarea,GD,HyperVolume
page_rank,0.9354828050275541,0.1323486232592305,0.21845161195978183
