measure,Hyperarea,GD,HyperVolume
page_rank,1.000655940463392,0.09888389968062047,0.2329327577557029
