measure,Hyperarea,GD,HyperVolume
page_rank,0.9466165223010443,0.11105496340483521,0.22105152985504103
