measure,Hyperarea,GD,HyperVolume
page_rank,0.9993739110488412,0.06792123557308781,0.23245894788907304
