measure,Hyperarea,GD,HyperVolume
two-hop,0.3205095655605399,1.128920408046422,0.01831189204273962
page_rank,0.9596520574413684,0.10547029343128664,0.05482845681602595
degree_centrality,0.9487208994952001,0.11097107376165304,0.054203919498825165
katz_centrality,0.8067572733877542,0.4267742054030897,0.04609301463166803
betweenness,0.9141359321204734,0.1661169935165175,0.05222795292272608
closeness,0.8590194099986379,0.3028521808903296,0.0490789429981668
eigenvector_centrality,0.8012114818153169,0.43780478007432955,0.045776163131812174
core,0.7320038806205653,0.5746585018329733,0.04182207795685383
