measure,Hyperarea,GD,HyperVolume
two-hop,0.292429379651939,1.2300858594376611,0.016735176787972088
page_rank,0.9603892409316755,0.08046809523680144,0.054961248255519936
degree_centrality,0.949890939407477,0.09880187029334808,0.05436045044173661
katz_centrality,0.800819667274408,0.4422445121082443,0.04582938527952843
betweenness,0.9160126009168131,0.1619292169376192,0.052421657613879034
closeness,0.8575199860028597,0.30710707444441226,0.04907423659708212
eigenvector_centrality,0.803609155014424,0.43129433740655443,0.04598902235338404
core,0.7333595828226241,0.5626601910378365,0.04196877304974543
