measure,Hyperarea,GD,HyperVolume
two-hop,0.3636320589717355,1.264545834936243,0.02072181994355067
page_rank,0.9852908585914035,0.07311748659872422,0.056147469014398675
degree_centrality,0.9762092876726302,0.07564617540555235,0.05562994952528774
katz_centrality,0.8216663373705076,0.40351242026522816,0.04682321450098506
betweenness,0.9370226333594996,0.15709286546486528,0.0533968714046098
closeness,0.8776954379804054,0.2845537797137381,0.05001607086717149
eigenvector_centrality,0.8209293732483962,0.4119676386481464,0.046781218099769956
core,0.7845677705589463,0.4702955615119992,0.044709127465296296
