measure,Hyperarea,GD,HyperVolume
page_rank,0.9309094965432912,0.13761606589094014,0.21711234412630598
