measure,Hyperarea,GD,HyperVolume
two-hop,0.3701118216820607,1.3910591057353279,0.021088034836097544
page_rank,0.9810705180066205,0.0905101281976563,0.05589891499916568
degree_centrality,0.9723646070551674,0.09706428110501031,0.055402874228055385
katz_centrality,0.8220123512518736,0.4330822667570726,0.046836183238137756
betweenness,0.9351133008994094,0.18745837312348607,0.053280389087395436
closeness,0.8763465262954275,0.3160186449247504,0.04993200701080658
eigenvector_centrality,0.824141898107815,0.4320049362528625,0.046957519428046796
core,0.7789142661474934,0.5098315911273981,0.04438056343134595
