measure,Hyperarea,GD,HyperVolume
page_rank,0.9282683533185544,0.1472177161635717,0.21711234412630598
