measure,Hyperarea,GD,HyperVolume
two-hop,0.47074870857078416,1.215971688315134,0.026822069936248666
page_rank,0.9817940333420704,0.09216217461250592,0.05594013907174212
degree_centrality,0.972028928774124,0.10659384440664546,0.05538374812921262
katz_centrality,0.8289047703697703,0.42681487165466153,0.047228895834570433
betweenness,0.934329695944818,0.19790716808212513,0.053235741260408816
closeness,0.8692399207992432,0.33813678718609697,0.04952709061665077
eigenvector_centrality,0.8081166176642233,0.47470927450119504,0.046044439508802826
core,0.7970115703480626,0.4840316267211081,0.04541170201991256
