measure,Hyperarea,GD,HyperVolume
two-hop,0.29379104701471975,1.3355495101764752,0.016735176787972088
page_rank,0.9648611947637391,0.08910916497557061,0.054961248255519936
degree_centrality,0.9543140089770662,0.09909010499022504,0.05436045044173661
katz_centrality,0.8045486017805729,0.4447446369474457,0.04582938527952843
betweenness,0.9202779194838084,0.16551674559213309,0.052421657613879034
closeness,0.8615129397179142,0.3053086700213924,0.04907423659708212
eigenvector_centrality,0.8073510784836643,0.4348891063857251,0.04598902235338404
core,0.736774396376244,0.5663622293067245,0.04196877304974543
