measure,Hyperarea,GD,HyperVolume
page_rank,0.9753010439287643,0.06251385879966138,0.22685948876617718
