measure,Hyperarea,GD,HyperVolume
page_rank,1.0049583062580962,0.08541486133546411,0.23375790378594832
