measure,Hyperarea,GD,HyperVolume
page_rank,0.9618626001892495,0.08971832794392294,0.22405985407667312
