measure,Hyperarea,GD,HyperVolume
page_rank,0.9578523990573248,0.09459355815895427,0.22447673506322416
