measure,Hyperarea,GD,HyperVolume
two-hop,0.32019775253680016,1.2069170972725685,0.018334732088113564
page_rank,0.9561344102982168,0.08324131087319518,0.05474887975995237
degree_centrality,0.9461581526764417,0.10977772788195862,0.05417763274373159
katz_centrality,0.8054437743377888,0.4229530218711212,0.04612023569036489
betweenness,0.9130364878565325,0.17567249363570842,0.05228106461989525
closeness,0.8573734665524504,0.30008369722821737,0.04909376372618267
eigenvector_centrality,0.8009957279513538,0.42879194564628037,0.04586553765402745
core,0.7334676803139669,0.5495038210488702,0.041998837616142065
