measure,Hyperarea,GD,HyperVolume
page_rank,0.9685958834835761,0.07411848627833457,0.22590179126444218
