measure,Hyperarea,GD,HyperVolume
page_rank,0.9496306330771269,0.10087504921759491,0.22088843365609415
