measure,Hyperarea,GD,HyperVolume
page_rank,0.9410440441893291,0.11532315194824495,0.22010044577048113
