measure,Hyperarea,GD,HyperVolume
two-hop,0.363600608520369,1.328128395220215,0.02072181994355067
page_rank,0.9852056410164803,0.08186542104344353,0.056147469014398675
degree_centrality,0.9761248555606424,0.08393310266355972,0.05562994952528774
katz_centrality,0.8215952716419909,0.4174931045776236,0.04682321450098506
betweenness,0.936941590492039,0.17068703228003146,0.0533968714046098
closeness,0.8776195263081374,0.29737069893486356,0.05001607086717149
eigenvector_centrality,0.8208583712597332,0.4264294703640766,0.046781218099769956
core,0.7844999134767588,0.4846194181355219,0.044709127465296296
