measure,Hyperarea,GD,HyperVolume
page_rank,0.9976153669741158,0.05863463517751736,0.23350324757178442
