measure,Hyperarea,GD,HyperVolume
two-hop,0.3025764182326255,1.3338034532754601,0.017235616614078318
page_rank,0.9671600749100057,0.09507840866487473,0.055092199031770796
degree_centrality,0.957785835584248,0.09812895920020435,0.054558215597069824
katz_centrality,0.8119401929856601,0.4252606768937606,0.046250431416973714
betweenness,0.9219179258604494,0.1622342226205743,0.05251507705917994
closeness,0.8647888297526467,0.29686357084219656,0.04926084064586533
eigenvector_centrality,0.8065510566413379,0.440183879054602,0.04594345082524656
core,0.7358836896512829,0.5701665920618535,0.041918035851794974
