measure,Hyperarea,GD,HyperVolume
page_rank,0.9972634003847684,0.060169848034999904,0.2328784625347862
