measure,Hyperarea,GD,HyperVolume
two-hop,0.31214204903671006,1.4211424898040699,0.01778916532420303
page_rank,0.9657232373753164,0.09059768596815171,0.05503715497514932
degree_centrality,0.9569082056290175,0.09881072157273227,0.05453478095166565
katz_centrality,0.8039212387628134,0.4589411517697247,0.0458159606119196
betweenness,0.9210374800343794,0.18261123428145204,0.05249048647140774
closeness,0.8633850742230037,0.31910846063255593,0.04920484078066651
eigenvector_centrality,0.8024437442109107,0.4607377436905274,0.04573175729829839
core,0.7414233932116936,0.5687312851511674,0.04225417036178697
