measure,Hyperarea,GD,HyperVolume
two-hop,0.29326574318958637,1.5092226872283157,0.01670953978316492
page_rank,0.9625187683555821,0.09561343928168842,0.05484188325904545
degree_centrality,0.9523189572384497,0.10611698118594022,0.054260723837597745
katz_centrality,0.8042234962122128,0.455391580932223,0.04582261930206628
betweenness,0.9178280993314598,0.18457008272510644,0.05229552205138107
closeness,0.8617578765862434,0.32148944073298874,0.04910078267465668
eigenvector_centrality,0.8028499596108186,0.4547585221029195,0.045744358662978296
core,0.7280591298923036,0.601198965931735,0.04148296648329388
