measure,Hyperarea,GD,HyperVolume
page_rank,0.9952939796848603,0.057351539045587215,0.23184748404575045
