measure,Hyperarea,GD,HyperVolume
two-hop,0.3057071926569633,1.3367108109563623,0.017413954463399946
page_rank,0.9719409857065392,0.10075642991502859,0.05536453335986046
degree_centrality,0.9611089587645298,0.09137092076629608,0.05474751018067039
katz_centrality,0.81449419155633,0.4258585018952366,0.04639591446702134
betweenness,0.9257598667104386,0.14842558857365784,0.052733924978430116
closeness,0.8675515252836485,0.29025201473855483,0.049418211670586645
eigenvector_centrality,0.8058670953731881,0.44121483624698893,0.04590449043875787
core,0.7410374943375232,0.5651112551382486,0.04221161128042466
