measure,Hyperarea,GD,HyperVolume
page_rank,0.9727021893814214,0.06245781922635318,0.22685948876617718
