measure,Hyperarea,GD,HyperVolume
two-hop,0.29322348965364314,1.3784896086856295,0.01670953978316492
page_rank,0.9623800892826962,0.08666108466606004,0.05484188325904545
degree_centrality,0.9521817477476601,0.09415462308635313,0.054260723837597745
katz_centrality,0.8041076242183208,0.4392902063751517,0.04582261930206628
betweenness,0.917695859260857,0.165185115823656,0.05229552205138107
closeness,0.8616337150765604,0.30175546365690575,0.04910078267465668
eigenvector_centrality,0.8027342855151794,0.43463119017632823,0.045744358662978296
core,0.7279542316103593,0.578250837501876,0.04148296648329388
