measure,Hyperarea,GD,HyperVolume
page_rank,0.9503318067153065,0.09715161065557888,0.22105152985504103
