measure,Hyperarea,GD,HyperVolume
two-hop,0.29198140031435105,1.2165539108077472,0.01670953978316492
page_rank,0.9583034648258458,0.08590507736991593,0.05484188325904545
degree_centrality,0.9481483232790306,0.09185696214497237,0.054260723837597745
katz_centrality,0.8007014390287753,0.43328861396251894,0.04582261930206628
betweenness,0.9138085163851315,0.15821680932463492,0.05229552205138107
closeness,0.8579838504182569,0.2987160407363083,0.04910078267465668
eigenvector_centrality,0.7993339177632628,0.42996579166334953,0.045744358662978296
core,0.7248706307991014,0.5727136612775783,0.04148296648329388
