measure,Hyperarea,GD,HyperVolume
page_rank,0.9650572485885109,0.08213775947856936,0.22447673506322416
