measure,Hyperarea,GD,HyperVolume
two-hop,0.4489673102298262,1.1852337165838533,0.025586920222663855
page_rank,0.9828673544745138,0.07895087639916151,0.056014208641441014
degree_centrality,0.973292961038478,0.08999923620742777,0.055468558133160484
katz_centrality,0.8287047264051968,0.39978982850382966,0.04722838665429767
betweenness,0.9335515152682602,0.18240573823946477,0.05320366895462463
closeness,0.8667158801414311,0.3193181180840822,0.049394665436872216
eigenvector_centrality,0.8089877915070273,0.44342633564548206,0.04610470653599091
core,0.8017219572700667,0.43971245112796453,0.04569062222130652
