measure,Hyperarea,GD,HyperVolume
page_rank,1.0023549797159397,0.0823816049350978,0.2331523581114907
