measure,Hyperarea,GD,HyperVolume
two-hop,0.3684909351917131,1.0989224921074312,0.021088034836097544
page_rank,0.9767739680031967,0.0672685694396401,0.05589891499916568
degree_centrality,0.9681061841598788,0.0743252249808307,0.055402874228055385
katz_centrality,0.8184123886541169,0.39245139664067236,0.046836183238137756
betweenness,0.93101801826433,0.14380067629809873,0.053280389087395436
closeness,0.872508609854716,0.2783179094593734,0.04993200701080658
eigenvector_centrality,0.82053260926451,0.39171777457102874,0.046957519428046796
core,0.7755030494903232,0.47459800578444683,0.04438056343134595
