measure,Hyperarea,GD,HyperVolume
two-hop,0.4626519535510462,0.912462035563541,0.02643301023472603
page_rank,0.9807627088923767,0.06268000397016517,0.056034586092219896
degree_centrality,0.9715313632490148,0.07121622069038022,0.055507165312952925
katz_centrality,0.8273500222671129,0.37061302714204747,0.04726955422630561
betweenness,0.9311858338730613,0.14531250537629425,0.05320207661131762
closeness,0.8650665525015047,0.2923904561203707,0.04942443852334994
eigenvector_centrality,0.8066614627239193,0.4100238825369396,0.04608754061553494
core,0.7998268498758904,0.4272966900763425,0.04569705400897098
