measure,Hyperarea,GD,HyperVolume
page_rank,0.9648317439116403,0.09735251180928223,0.2262516656649537
