measure,Hyperarea,GD,HyperVolume
page_rank,0.9637455336584295,0.09923680415373232,0.22599695091224983
