measure,Hyperarea,GD,HyperVolume
page_rank,0.9715928716414218,0.07671698856998824,0.22599695091224983
