measure,Hyperarea,GD,HyperVolume
page_rank,0.9661508956692972,0.07993433456446018,0.22561314801411922
