measure,Hyperarea,GD,HyperVolume
two-hop,0.30245522710351436,1.390763545234435,0.017235616614078318
page_rank,0.966772697657693,0.08961294045802963,0.055092199031770796
degree_centrality,0.9574022130020947,0.10028529632208077,0.054558215597069824
katz_centrality,0.8116149860533638,0.43656699524292963,0.046250431416973714
betweenness,0.9215486694754494,0.17371674262622377,0.05251507705917994
closeness,0.864442455321577,0.3097906005116645,0.04926084064586533
eigenvector_centrality,0.8062280082233181,0.4519282407197784,0.04594345082524656
core,0.7355889456796139,0.5791968943166454,0.041918035851794974
