measure,Hyperarea,GD,HyperVolume
page_rank,0.9391785743652373,0.11504982579933924,0.22010044577048113
