measure,Hyperarea,GD,HyperVolume
page_rank,0.967016773739113,0.07610998008371281,0.22520283335885238
