measure,Hyperarea,GD,HyperVolume
page_rank,0.9630552844468899,0.0855058097124262,0.22489026860051445
