measure,Hyperarea,GD,HyperVolume
two-hop,0.3701994022631987,1.0566863207361816,0.02114199086605983
page_rank,0.9769707903715483,0.06625025434738778,0.05579454585871394
degree_centrality,0.9689568751841487,0.07082607569738952,0.05533687326211444
katz_centrality,0.8172739324369552,0.38442874201166594,0.046674300144780606
betweenness,0.929439347695389,0.13973951049684646,0.053080037621351765
closeness,0.8728832996648516,0.26947480193112683,0.04985013653676828
eigenvector_centrality,0.8131989206839761,0.39251536104030793,0.046441577291275515
core,0.7786995065052139,0.4569956447249875,0.044471324786834035
