measure,Hyperarea,GD,HyperVolume
page_rank,0.996710910276523,0.06130035181177494,0.23245894788907304
