measure,Hyperarea,GD,HyperVolume
page_rank,0.9560735489997594,0.10084802336682441,0.22405985407667312
