measure,Hyperarea,GD,HyperVolume
page_rank,0.9476889464918238,0.10676358652343404,0.22075819043099892
