measure,Hyperarea,GD,HyperVolume
page_rank,1.001029461715758,0.06837055020823186,0.23375790378594832
