measure,Hyperarea,GD,HyperVolume
two-hop,0.31066997482925574,1.2338882928492014,0.01778916532420303
page_rank,0.961168848520413,0.0764061665071824,0.05503715497514932
degree_centrality,0.9523953888113056,0.08944564464843027,0.05453478095166565
katz_centrality,0.8001299145113719,0.4377513683803252,0.0458159606119196
betweenness,0.916693830972545,0.1616807187755364,0.05249048647140774
closeness,0.8593133161795519,0.3016407208637973,0.04920484078066651
eigenvector_centrality,0.7986593878820168,0.4386063613705647,0.04573175729829839
core,0.7379268112634478,0.5498011323483817,0.04225417036178697
