measure,Hyperarea,GD,HyperVolume
page_rank,0.9968477674884462,0.04576577705513479,0.2331523581114907
