measure,Hyperarea,GD,HyperVolume
two-hop,0.3046638627070345,1.201097491897495,0.017413954463399946
page_rank,0.9686239059507847,0.08845083160527274,0.05536453335986046
degree_centrality,0.957828846991206,0.08249477971937066,0.05474751018067039
katz_centrality,0.8117144526280172,0.41491412996895344,0.04639591446702134
betweenness,0.9226003957572482,0.13487124995931077,0.052733924978430116
closeness,0.864590710127263,0.2880283605158181,0.049418211670586645
eigenvector_centrality,0.8031167993498676,0.4319853207052796,0.04590449043875787
core,0.7385084514152978,0.5565283066684364,0.04221161128042466
