measure,Hyperarea,GD,HyperVolume
two-hop,0.44803077591867424,0.9418163352703148,0.025586920222663855
page_rank,0.9808171183441697,0.051837458888010564,0.056014208641441014
degree_centrality,0.9712626968476427,0.06522471454957779,0.055468558133160484
katz_centrality,0.8269760695689229,0.35780531004522115,0.04722838665429767
betweenness,0.9316041507155289,0.14301675657193805,0.05320366895462463
closeness,0.8649079330119235,0.2826293718526308,0.049394665436872216
eigenvector_centrality,0.8073002636920031,0.39591874093746426,0.04610470653599091
core,0.800049585799184,0.4067346604853662,0.04569062222130652
