measure,Hyperarea,GD,HyperVolume
two-hop,0.30167172131928965,1.144408211014,0.017235616614078318
page_rank,0.9642682873094267,0.09961454778100647,0.055092199031770796
degree_centrality,0.9549220767554828,0.10415798078589562,0.054558215597069824
katz_centrality,0.8095125094579813,0.4190767119387642,0.046250431416973714
betweenness,0.9191614113020886,0.16025315875043183,0.05251507705917994
closeness,0.8622031299498187,0.29551104759915975,0.04926084064586533
eigenvector_centrality,0.8041394865141835,0.43229227721272745,0.04594345082524656
core,0.7336834134153145,0.5666767485097901,0.041918035851794974
