measure,Hyperarea,GD,HyperVolume
page_rank,0.9628594086897234,0.08320375141866788,0.22520283335885238
