measure,Hyperarea,GD,HyperVolume
page_rank,0.9644182395093893,0.08695641021275859,0.22556742772657382
