measure,Hyperarea,GD,HyperVolume
page_rank,0.9463850889555541,0.10795358954858979,0.22099748611729206
