measure,Hyperarea,GD,HyperVolume
two-hop,0.3047931347961531,1.1586904601159747,0.017413954463399946
page_rank,0.9690349032866025,0.10532975978383799,0.05536453335986046
degree_centrality,0.9582352638696913,0.0968809944799613,0.05474751018067039
katz_centrality,0.8120588716284417,0.4167556900318061,0.04639591446702134
betweenness,0.9229918648324497,0.1489047283335027,0.052733924978430116
closeness,0.8649575650812362,0.28919627803417625,0.049418211670586645
eigenvector_centrality,0.8034575702753581,0.4335877767904461,0.04590449043875787
core,0.7388218083375725,0.5581379312181136,0.04221161128042466
