measure,Hyperarea,GD,HyperVolume
page_rank,0.9897580231285767,0.05171620052915275,0.23195395214668904
