measure,Hyperarea,GD,HyperVolume
page_rank,0.9625388294948584,0.11308216377457232,0.22405985407667312
