measure,Hyperarea,GD,HyperVolume
two-hop,0.9466743913524658,0.9395431963004496,0.5341661465970465
page_rank,0.9639061327587376,0.7270998824646949,0.5438892499050327
degree_centrality,0.9618858138885505,0.7934654120561976,0.5427492740530998
katz_centrality,0.9690074666403666,0.5929093028837992,0.5467677051447078
betweenness,0.9627929303279619,0.7547131766127235,0.5432611194113153
closeness,0.9603157094004637,0.8595194617071478,0.5418633341018164
eigenvector_centrality,0.9623702846810507,0.7672563400720398,0.5430226393186363
core,0.962349293898006,0.7616833257894557,0.5430107951557483
