measure,Hyperarea,GD,HyperVolume
two-hop,0.9311746067228617,1.7642601824253663,0.5145542001631652
page_rank,0.941133642267088,1.5246478033393498,0.520057425371261
degree_centrality,0.9390057869172763,1.5479936694979546,0.5188816019545995
katz_centrality,0.9468601394542537,1.428979205435274,0.5232218084618274
betweenness,0.946027711124687,1.4008760435227163,0.5227618200877664
closeness,0.9457492680677014,1.370670580253822,0.5226079563081446
eigenvector_centrality,0.9440983132610743,1.5044705720445095,0.5216956615313151
core,0.941582958748318,1.7144664844782564,0.5203057114402219
