measure,Hyperarea,GD,HyperVolume
two-hop,0.21937430940384015,7.536529067478462,0.06147154927498485
page_rank,0.8796291938090471,0.9920544994142245,0.24648359909549877
degree_centrality,0.8707537035418295,1.0628259020737008,0.2439965706973988
katz_centrality,0.557039182447284,2.7599765208904374,0.15608966084023185
betweenness,0.8176119434935104,1.167961902999648,0.22910555483393197
closeness,0.804255355730297,1.2622358731320986,0.2253628643381156
eigenvector_centrality,0.7819227299702141,1.2999326607079067,0.21910497065593632
core,0.2169239247215073,7.904574645641444,0.06078491945423677
