measure,Hyperarea,GD,HyperVolume
two-hop,0.8432058054522046,1.2963717551755447,0.4756980310994787
page_rank,0.8288942546172744,1.6137737080838956,0.46762411069933946
degree_centrality,0.8329762715267917,1.4390191338486027,0.46992699736617255
katz_centrality,0.8385631453488165,1.3932247371634503,0.47307885526367977
betweenness,0.8408526586909101,1.3808509949959036,0.4743704936536999
closeness,0.8377192593359704,1.338440629546609,0.47260277349077495
eigenvector_centrality,0.8354604598430084,1.4265844443081577,0.47132846244535437
core,0.8382956207362849,2.0523159142961456,0.4729279301507014
