measure,Hyperarea,GD,HyperVolume
two-hop,0.9151758045238076,1.1437052143796023,0.5163002027581907
page_rank,0.9248091440320241,1.0525677033303438,0.5217348909533387
degree_centrality,0.9223569332365894,1.117111318615528,0.5203514661243273
katz_centrality,0.9286813697163436,1.0119648346381573,0.5239194230356525
betweenness,0.9287353142618504,0.9291780879611261,0.5239498560733762
closeness,0.9289005542703608,0.9376777072744124,0.5240430769053475
eigenvector_centrality,0.9274370377837174,1.0072645602512018,0.5232174280463426
core,0.922398615929496,0.991934912461811,0.5203749815873594
