measure,Hyperarea,GD,HyperVolume
two-hop,0.24722009986462737,3.404094704211126,0.07000272473367337
page_rank,0.9427602333964356,0.35828284955017103,0.2669515348648523
degree_centrality,0.9290303403430797,0.40007517336482773,0.2630637849425639
katz_centrality,0.5945117432253783,1.4515234452451387,0.16834165965765452
betweenness,0.8670830739317659,0.6713412091733452,0.24552282673985584
closeness,0.831855278276221,0.8640316169696018,0.2355477410425377
eigenvector_centrality,0.8186551873048309,0.8102609266218714,0.2318100096233058
core,0.46277238882827126,1.7209509901124578,0.13103840734320935
