measure,Hyperarea,GD,HyperVolume
two-hop,0.22730336549039376,1.6370900943344604,0.06462526759244679
page_rank,0.8748347940666036,0.4194527294764796,0.24872677333115273
degree_centrality,0.8626157934609568,0.4778462729124799,0.24525275444828862
katz_centrality,0.5494246826694941,1.1445968003766294,0.15620849723367508
betweenness,0.8185394332458464,0.6375458068184651,0.23272127887045355
closeness,0.7941583535144036,0.7467224649629344,0.2257894246128717
eigenvector_centrality,0.7765074491275065,0.7947417680032604,0.2207710456865811
core,0.20240894029521708,1.4959727963749696,0.05754746262318233
