measure,Hyperarea,GD,HyperVolume
two-hop,0.25364984144474245,1.6106397643071477,0.07211590925098266
page_rank,0.9459544370294233,0.24753689390563655,0.26894700169264496
degree_centrality,0.9321153313610382,0.2853551652126697,0.2650123661225556
katz_centrality,0.5893862156038576,1.193718533910086,0.16757007454123485
betweenness,0.8700995353760891,0.5570452510056996,0.24738047843871352
closeness,0.8348109172243818,0.6242536912358687,0.2373474708494874
eigenvector_centrality,0.8229156517410425,0.6979194948571539,0.23396549402179947
core,0.4708328562951395,1.3434793482045613,0.13386383111285416
