measure,Hyperarea,GD,HyperVolume
two-hop,0.23014886139756102,1.6591891861464818,0.06545258684498581
page_rank,0.8749539053961006,0.42360592210217063,0.24883024026511505
degree_centrality,0.8634802740477894,0.4875685856598897,0.24556722671948014
katz_centrality,0.5519564561681318,1.3840526997550406,0.15697222077318565
betweenness,0.8136199996532208,0.7214835546054001,0.2313873436641912
closeness,0.7956757530793096,0.7888706603481175,0.2262841363308387
eigenvector_centrality,0.7738314658459537,0.8288199254243346,0.2200717870777253
core,0.23509725887558833,1.607776145374059,0.06685987347550539
