measure,Hyperarea,GD,HyperVolume
two-hop,0.8506696391753749,1.7163703626582143,0.47548681795916403
page_rank,0.8456038012663044,1.7682366134700302,0.47265523794648623
degree_centrality,0.8425583089647896,1.8053374609806623,0.4709529420411449
katz_centrality,0.8513629048481007,1.6320404911005457,0.47587432290061726
betweenness,0.8521401170838637,1.5926553367136467,0.4763087502691785
closeness,0.8528066679503189,1.4552524433301164,0.47668132281191783
eigenvector_centrality,0.8494903087885586,1.7400436295844572,0.4748276242755932
core,0.843300433342317,2.7697418330753214,0.47136775684415405
