measure,Hyperarea,GD,HyperVolume
two-hop,0.8448543780043329,1.2982607194316695,0.4762768767085903
page_rank,0.8353052266931829,1.4707858013040982,0.4708936531849868
degree_centrality,0.834542740389978,1.382100217890856,0.4704638103570651
katz_centrality,0.8457895278072308,1.2446931604245477,0.47680405658594494
betweenness,0.8440799655008738,1.256989806951434,0.4758403106233167
closeness,0.8459231201702033,1.1891895645220336,0.47687936773428624
eigenvector_centrality,0.8424485693899494,1.4250696914406207,0.4749206299486175
core,0.8371684192926996,2.8518467221179105,0.4719440064471674
