measure,Hyperarea,GD,HyperVolume
two-hop,0.1956119248672937,1.904865778140795,0.05547260214395163
page_rank,0.757108487641937,0.6198756018838747,0.2147045889112473
degree_centrality,0.7444902795134537,0.6904424322045395,0.211126254718402
katz_centrality,0.4644834983960203,1.501095989459028,0.1317205396676781
betweenness,0.7169394217267574,0.7950972515105683,0.2033132454974006
closeness,0.6939796433211527,0.9564792836985774,0.19680219739196705
eigenvector_centrality,0.6830229748382941,0.9043128192463363,0.1936950508722182
core,0.12054229297808405,2.246470463528019,0.03418398272206227
