measure,Hyperarea,GD,HyperVolume
two-hop,0.9237952961570569,1.2424692381529785,0.5155536870305313
page_rank,0.9302585712309345,1.0861237809532498,0.5191607256336631
degree_centrality,0.9284455370909878,1.1121401196311633,0.5181489035996583
katz_centrality,0.9354838622483456,1.0908154078906898,0.5220768674034257
betweenness,0.9348791228490959,0.9785747629942358,0.5217393731249067
closeness,0.9360199394756614,0.972054118766615,0.5223760425477737
eigenvector_centrality,0.9336363102971756,1.0906893213539024,0.5210457815942984
core,0.9333408845803214,1.114282619624183,0.5208809097680384
