measure,Hyperarea,GD,HyperVolume
two-hop,0.22423029119757637,1.7514910932025485,0.06375155308286912
page_rank,0.8744686734523681,0.3809545689618845,0.24862268053597994
degree_centrality,0.8616319106082752,0.42395606458305296,0.2449730239106567
katz_centrality,0.5542002829307631,1.360379817562309,0.1575662617530575
betweenness,0.8159251955400696,0.6947476186965499,0.231978017498491
closeness,0.797346836048328,0.7606896170339833,0.2266959511683591
eigenvector_centrality,0.7788253182631424,0.8229022699933545,0.22143004566580082
core,0.20726929860413187,1.800198660379553,0.05892932494462722
