measure,Hyperarea,GD,HyperVolume
two-hop,0.2531886769823418,3.3268492555110734,0.07169278416351688
page_rank,0.9472329827991307,0.30443568229502366,0.2682180364373823
degree_centrality,0.933910943374196,0.3724062628535483,0.2644457741526186
katz_centrality,0.5959538813217733,1.5134533220066617,0.16875001478834642
betweenness,0.8762087569243647,0.5819116433348127,0.24810685075282027
closeness,0.8355204363198285,0.7954068505560137,0.23658556543372825
eigenvector_centrality,0.8202944254660176,0.8319918087263288,0.23227417551367363
core,0.46799427088027,2.088433759803942,0.13251703295689507
