measure,Hyperarea,GD,HyperVolume
two-hop,0.19553041116397174,1.697573728868475,0.05547260214395163
page_rank,0.7567929919650448,0.670189478515908,0.2147045889112473
degree_centrality,0.7441800419867206,0.7239267530191024,0.211126254718402
katz_centrality,0.46428994286451636,1.424956718828209,0.1317205396676781
betweenness,0.716640664954326,0.8360676286578128,0.2033132454974006
closeness,0.6936904541482761,0.9811939398978753,0.19680219739196705
eigenvector_centrality,0.6827383514331985,0.9092896351377083,0.1936950508722182
core,0.12049206164012125,1.8725883042554197,0.03418398272206227
