measure,Hyperarea,GD,HyperVolume
two-hop,0.9490652152840935,0.9603333541952225,0.5329484762976673
page_rank,0.9654747829756402,0.7635372651645642,0.5421632846765576
degree_centrality,0.9638455834917193,0.8232929839734868,0.5412484061533988
katz_centrality,0.9722697072346054,0.5839743622800081,0.5459789808711437
betweenness,0.9648705359963137,0.7734865886212529,0.5418239692093448
closeness,0.9618334052351993,0.8928067929902859,0.5401184655354291
eigenvector_centrality,0.9648763389365405,0.7908219852341,0.5418272278559606
core,0.9542029165298853,1.4092666395845348,0.5358335573295305
