measure,Hyperarea,GD,HyperVolume
two-hop,0.8426286103766987,1.4506406238599951,0.47520946949466025
page_rank,0.8307196833159564,1.5650900906055476,0.46849330196712285
degree_centrality,0.8303455169538545,1.523527884166948,0.4682822868220785
katz_centrality,0.8363879395787142,1.3817506970156177,0.4716899760634139
betweenness,0.8385781975516737,1.3593008005654672,0.4729251956092127
closeness,0.8388131145500134,1.291540787103518,0.47305767957757255
eigenvector_centrality,0.835680264729658,1.5602137065466548,0.47129087521939633
core,0.834548922343555,3.1766287178140447,0.4706528425102097
