measure,Hyperarea,GD,HyperVolume
two-hop,0.8462309956696406,1.2886627382814155,0.47664452143715635
page_rank,0.8332857793964209,1.5024262548334126,0.46935305321273074
degree_centrality,0.8361315303184566,1.3545187255918723,0.47095593894169135
katz_centrality,0.8448350799954405,1.2574721363989279,0.47585826382912677
betweenness,0.8442203076158075,1.2886284520695694,0.4755119897169961
closeness,0.8425568455094227,1.1966116485532372,0.47457503502769266
eigenvector_centrality,0.8418851455088935,1.3424873806632514,0.47419669610257653
core,0.8405256528903082,2.197596526230316,0.47343095399209034
