measure,Hyperarea,GD,HyperVolume
two-hop,0.22841035998134926,1.7597333074029706,0.06485483422003137
page_rank,0.8842389379647221,0.5072869485155195,0.25107079091019036
degree_centrality,0.869991884379604,0.567507078610318,0.24702548272687422
katz_centrality,0.5561479133869035,1.39534454893825,0.15791263026540991
betweenness,0.8245614735817833,0.7395494356696254,0.23412597255981712
closeness,0.8048362321034475,0.8194685411712594,0.2285251877874801
eigenvector_centrality,0.781343307009204,0.8703012139202703,0.22185460698521184
core,0.22086285128570451,1.7878141362794877,0.06271179471310946
