measure,Hyperarea,GD,HyperVolume
two-hop,0.9136885143103646,1.109481170672846,0.5155536870305313
page_rank,0.9200810779274307,0.9533184621227406,0.5191607256336631
degree_centrality,0.9182878792863323,0.97033970377278,0.5181489035996583
katz_centrality,0.9252492016518081,0.9695702459790286,0.5220768674034257
betweenness,0.9246510784035692,0.8618340647069646,0.5217393731249067
closeness,0.9257794139265614,0.8268488012300832,0.5223760425477737
eigenvector_centrality,0.9234218628415781,0.9522317746256904,0.5210457815942984
core,0.9231296692295902,0.9133931999905005,0.5208809097680384
