measure,Hyperarea,GD,HyperVolume
two-hop,0.2203813535585331,1.5769437694705288,0.06267478185733172
page_rank,0.8725868876644102,0.4596449271838984,0.2481570784136668
degree_centrality,0.8605721954863463,0.5074266983557767,0.24474019128059482
katz_centrality,0.549264582515621,1.3171425707069317,0.15620667236705063
betweenness,0.8153315871824045,0.638158728298216,0.23187410614790024
closeness,0.7942089601079568,0.6898285414351546,0.2258669915587199
eigenvector_centrality,0.7729634497046973,0.7321876052601819,0.2198249298848483
core,0.22453474152964084,1.4998792455826695,0.06385597382686423
