measure,Hyperarea,GD,HyperVolume
two-hop,0.1942794637436391,1.6696274875340928,0.05523614797810968
page_rank,0.7466950628365063,0.7014114664415301,0.21229500118337422
degree_centrality,0.734844705406037,0.7520360371679569,0.20892579229217287
katz_centrality,0.4435161839982448,1.3490647546749786,0.12609735016738569
betweenness,0.7112125438337362,0.8930322605181292,0.20220686509062022
closeness,0.6875971044688415,0.9696026344118693,0.1954926922275087
eigenvector_centrality,0.6798069447044658,0.8562568980275591,0.19327784970516174
core,0.1186069367782947,1.703762379364675,0.03372147619143655
