measure,Hyperarea,GD,HyperVolume
two-hop,0.850104897382817,1.7553009857074322,0.47517115219945477
page_rank,0.8430260922412559,1.9882412427186242,0.47121441226575184
degree_centrality,0.845154667907549,1.8229238472701608,0.4724041922035102
katz_centrality,0.8571514879334832,1.6304429723798168,0.4791098855973521
betweenness,0.8543400364169029,1.703687735575323,0.4775384081707438
closeness,0.854612612980883,1.5877126936035657,0.4776907664507251
eigenvector_centrality,0.8507757230569419,1.8067101945347055,0.4755461141711835
core,0.8497861390779968,1.8227441376519196,0.474992980362731
