measure,Hyperarea,GD,HyperVolume
two-hop,0.21671138291047862,1.7998086894249106,0.06147154927498485
page_rank,0.8689516085854451,0.49738190455526843,0.24648359909549877
degree_centrality,0.8601838555379518,0.569685851589134,0.2439965706973988
katz_centrality,0.5502774317171716,1.1525673281269702,0.15608966084023185
betweenness,0.8076871692046047,0.7183697562933953,0.22910555483393197
closeness,0.794492713513794,0.8076254105118013,0.2253628643381156
eigenvector_centrality,0.772431177568031,0.8352594718522178,0.21910497065593632
core,0.21429074279717594,1.6591410965127356,0.06078491945423677
