measure,Hyperarea,GD,HyperVolume
two-hop,0.9119498214327731,1.2328013774623963,0.5141011563352877
page_rank,0.9194027016545289,0.9945747987243212,0.5183026312958434
degree_centrality,0.9184491678009653,1.0083316317254074,0.5177650876227149
katz_centrality,0.9267398407559803,0.9187183704292513,0.5224388585394901
betweenness,0.9239267906780878,0.9131280268831817,0.5208530341181404
closeness,0.9230914825698818,0.9139276942241192,0.520382138840536
eigenvector_centrality,0.9233138690168071,0.9863636687812782,0.5205075066259455
core,0.9246894498720512,0.9120634577076844,0.5212829744112262
