measure,Hyperarea,GD,HyperVolume
two-hop,0.8625705021066958,2.3516445844799514,0.47664452143715635
page_rank,0.8493753322797684,2.5762818623562485,0.46935305321273074
degree_centrality,0.8522760305693039,2.4061769647294073,0.47095593894169135
katz_centrality,0.86114763330355,2.313887113426039,0.47585826382912677
betweenness,0.8605209905512815,2.2691984796595865,0.4755119897169961
closeness,0.858825409378195,2.191336721787507,0.47457503502769266
eigenvector_centrality,0.8581407398143448,2.4275292800915143,0.47419669610257653
core,0.8567549973437615,3.45553581701574,0.47343095399209034
