measure,Hyperarea,GD,HyperVolume
two-hop,0.23068304892026814,1.7727958713435303,0.06543880686456344
page_rank,0.8743258802495797,0.31462288525646476,0.24802360937286314
degree_centrality,0.8649710385718645,0.3604376260301163,0.2453698830559019
katz_centrality,0.5566558892103703,1.25398517852305,0.15790885977343577
betweenness,0.8145208131819335,0.6401782705667649,0.23105846064745927
closeness,0.7980241142795869,0.7128694230130053,0.22637877439211315
eigenvector_centrality,0.7722624775164766,0.7837742191141296,0.2190708652043909
core,0.21804828132753867,1.7709880506563882,0.061854650507391994
