measure,Hyperarea,GD,HyperVolume
two-hop,0.8480761749420614,1.3488927169542158,0.47623798443021587
page_rank,0.8359651952616435,1.4772269925437824,0.46943705224641574
degree_centrality,0.8358557679209625,1.391511128938344,0.4693756032189495
katz_centrality,0.842976293234853,1.3525296721150213,0.4733741409962939
betweenness,0.8403067955477463,1.322472889129937,0.4718750820255173
closeness,0.8449439702753765,1.3060775284490742,0.4744790919140019
eigenvector_centrality,0.8380010710406218,1.4431885044948178,0.4705803002307105
core,0.8393102268000717,2.9671266991370784,0.47131545789532503
