measure,Hyperarea,GD,HyperVolume
two-hop,0.8430544446283996,1.2883786306624732,0.4756980310994787
page_rank,0.8287454628081872,1.5566217974598233,0.46762411069933946
degree_centrality,0.8328267469696158,1.3977887630736945,0.46992699736617255
katz_centrality,0.8384126179121316,1.332533851972478,0.47307885526367977
betweenness,0.8407017202719677,1.3241233699724706,0.4743704936536999
closeness,0.8375688833822109,1.2744955062285004,0.47260277349077495
eigenvector_centrality,0.8353104893581746,1.3719724175105887,0.47132846244535437
core,0.8381451413219756,2.0309336948899555,0.4729279301507014
