measure,Hyperarea,GD,HyperVolume
two-hop,0.24949629177552088,1.5697495595191018,0.07093500170809233
page_rank,0.9447363829040791,0.2570817962032231,0.26860069325316094
degree_centrality,0.9292655533003785,0.3081476341972188,0.26420213760107336
katz_centrality,0.6006501832610641,1.226121035893329,0.17077256528495594
betweenness,0.8688051231154319,0.538066452381777,0.24701246040017968
closeness,0.8307527764156714,0.6736203545944421,0.2361936892716171
eigenvector_centrality,0.8240051134712978,0.7051459874285105,0.23427524199098407
core,0.4540421085368142,1.419481127544223,0.1290900057688343
