measure,Hyperarea,GD,HyperVolume
two-hop,0.23144828195032388,7.073940059987051,0.06485483422003137
page_rank,0.8959995643027093,0.9083196955335064,0.25107079091019036
degree_centrality,0.8815630209016174,0.9974717310468999,0.24702548272687422
katz_centrality,0.5635448369074277,2.5483012731289034,0.15791263026540991
betweenness,0.8355283728746556,1.1173610575371173,0.23412597255981712
closeness,0.8155407801420455,1.2153617316837073,0.2285251877874801
eigenvector_centrality,0.7917353925427514,1.297056034846249,0.22185460698521184
core,0.2238003892682461,7.432170631868888,0.06271179471310946
