measure,Hyperarea,GD,HyperVolume
two-hop,0.9454975779426174,0.9415710729508588,0.5330133157642668
page_rank,0.9631702983974466,0.704817753404124,0.5429761073651727
degree_centrality,0.9609062243221393,0.7553413782586507,0.5416997618110768
katz_centrality,0.9681390059092726,0.5503872623919842,0.5457771587139281
betweenness,0.9614905320191875,0.7276332365237024,0.5420291585121323
closeness,0.9610001844689485,0.8198802163682907,0.5417527307562849
eigenvector_centrality,0.9602520002547255,0.7561162793842573,0.541330950565485
core,0.9616385830514516,0.7735042664985945,0.5421126205679326
