measure,Hyperarea,GD,HyperVolume
two-hop,0.20055046436099738,3.378342073939749,0.056787773160680635
page_rank,0.7581722310424075,0.6820171720704016,0.2146836847790247
degree_centrality,0.7470359420806232,0.8152509714657015,0.21153033854555373
katz_centrality,0.46829508947729526,2.178574350929529,0.13260221260634047
betweenness,0.7209690921166719,1.0115287981410042,0.20414926183011015
closeness,0.6976870168761814,1.1574733468696325,0.19755672058778728
eigenvector_centrality,0.6860672312613406,1.245331388883386,0.19426646767426847
core,0.12328745977387942,4.627410894315007,0.03491001789251995
