measure,Hyperarea,GD,HyperVolume
two-hop,0.22471214446164772,1.79285703409972,0.06375155308286912
page_rank,0.8763478378702562,0.35589063837411217,0.24862268053597994
degree_centrality,0.8634834898321937,0.38723744631472173,0.2449730239106567
katz_centrality,0.5553912157608156,1.3471815119987918,0.1575662617530575
betweenness,0.8176785546273242,0.6138165830072474,0.231978017498491
closeness,0.7990602717018914,0.6854723379836705,0.2266959511683591
eigenvector_centrality,0.7804989526313725,0.7519429868967267,0.22143004566580082
core,0.2077147040287994,1.8185906538354863,0.05892932494462722
