measure,Hyperarea,GD,HyperVolume
two-hop,0.1997714535036214,1.8686872910837786,0.05665218195385288
page_rank,0.7439808582493225,0.6420877708341034,0.21098179050371776
degree_centrality,0.732544533305988,0.7062944134460781,0.2077386206202818
katz_centrality,0.4558877624666406,1.417856219970986,0.12928291813888615
betweenness,0.7075395432609728,0.7987742447613713,0.20064758123031812
closeness,0.6821846449282789,0.9664225006048608,0.19345731310855577
eigenvector_centrality,0.6709176983618245,0.917699785069556,0.19026217638730475
core,0.11946140909945682,2.203737255775015,0.03387746029811712
