measure,Hyperarea,GD,HyperVolume
two-hop,0.8572171915135672,2.344194616840594,0.47517115219945477
page_rank,0.8500791624522098,2.66725142373992,0.47121441226575184
degree_centrality,0.852225546575159,2.4873921040401923,0.4724041922035102
katz_centrality,0.8643227364647662,2.194779200558292,0.4791098855973521
betweenness,0.8614877632978793,2.222347667040338,0.4775384081707438
closeness,0.8617626203388948,2.160230678954405,0.4776907664507251
eigenvector_centrality,0.8578936295650816,2.371306336887414,0.4755461141711835
core,0.8568957663580707,2.4160072644139885,0.474992980362731
