measure,Hyperarea,GD,HyperVolume
two-hop,0.9666949214515906,1.3176708479553632,0.5341822344789944
page_rank,0.9840909821770608,0.8760238095459179,0.543795056873375
degree_centrality,0.9805805336831311,0.9547988832801892,0.5418552316204452
katz_centrality,0.989960843050177,0.733586405144314,0.5470386607526357
betweenness,0.9826894908555339,0.9071867229179663,0.5430206121658224
closeness,0.979102768536627,1.0214204846768908,0.5410386390528445
eigenvector_centrality,0.981233039960071,0.9572414271030629,0.5422157975583566
core,0.9757650959307981,1.2832778668310596,0.5391942873644506
