measure,Hyperarea,GD,HyperVolume
two-hop,0.8561491349825631,2.3530701413408943,0.474579108948951
page_rank,0.8418605266584464,2.7744284159686465,0.4666586722755927
degree_centrality,0.845799811387879,2.5028790783423522,0.4688422897791348
katz_centrality,0.8542209932111431,2.194154616997202,0.4735103047343367
betweenness,0.8523634738304304,2.281306040468439,0.4724806478012932
closeness,0.853738429175789,2.2539659150263702,0.47324281067220253
eigenvector_centrality,0.8482497027076217,2.437738543283878,0.4702003093017136
core,0.854210015517133,3.4964454110484082,0.4735042195979642
