measure,Hyperarea,GD,HyperVolume
two-hop,0.8425640783177057,1.2974132236822267,0.474579108948951
page_rank,0.8285021963264365,1.571973538385231,0.4666586722755927
degree_centrality,0.8323789739480748,1.348818810836971,0.4688422897791348
katz_centrality,0.8406665315841738,1.2333503832397512,0.4735103047343367
betweenness,0.8388384866314691,1.2896700311869145,0.4724806478012932
closeness,0.8401916246958013,1.1511784952929691,0.47324281067220253
eigenvector_centrality,0.834789991301774,1.3966850687480916,0.4702003093017136
core,0.8406557280801374,2.4747276937639056,0.4735042195979642
