measure,Hyperarea,GD,HyperVolume
two-hop,0.2282291697198768,3.433492077969348,0.0646252620755507
page_rank,0.8782970300217867,0.6000491944977474,0.2486981651600534
degree_centrality,0.8688217616066817,0.6207460699325796,0.2460151527067639
katz_centrality,0.5489913352964714,1.6983849544912561,0.15545212281272694
betweenness,0.8190733389662261,0.9160591438355477,0.23192841324690117
closeness,0.7995558474700886,0.9497725800731506,0.22640184972943608
eigenvector_centrality,0.7786320217807227,0.9874625414052051,0.22047706929730254
core,0.21857573905634722,3.6855428064506133,0.061891801285571646
