measure,Hyperarea,GD,HyperVolume
two-hop,0.8465285161903494,1.3062560631024451,0.47722065273339825
page_rank,0.8308461663421285,1.5249479921023763,0.46837990952413033
degree_centrality,0.8358093565727645,1.3886303379554366,0.4711778505694755
katz_centrality,0.8455522053385424,1.2742033145421252,0.4766702687911457
betweenness,0.8437094094990893,1.323405685597573,0.4756314139663657
closeness,0.844025060180336,1.203237224556473,0.4758093583843732
eigenvector_centrality,0.8400262959210565,1.385713516179599,0.47355510131748996
core,0.8375671923711258,2.2101854248924764,0.4721688101544725
