measure,Hyperarea,GD,HyperVolume
two-hop,0.22514359804755787,3.4127654845444884,0.06375155308286912
page_rank,0.8780304501654642,0.5409062328796361,0.24862268053597994
degree_centrality,0.8651414022203062,0.5883903056147426,0.2449730239106567
katz_centrality,0.556457582388205,1.6308303912306639,0.1575662617530575
betweenness,0.8192485202620743,0.7971552849282666,0.231978017498491
closeness,0.8005944897140512,0.8635242620485176,0.2266959511683591
eigenvector_centrality,0.7819975323931324,0.9060655092840273,0.22143004566580082
core,0.20811352205491987,3.6269910360438593,0.05892932494462722
