measure,Hyperarea,GD,HyperVolume
two-hop,0.9109404563257179,1.0699729812617487,0.5139108136128306
page_rank,0.919691311877808,0.9349258574745865,0.5188476448462598
degree_centrality,0.9180654369451795,0.9658747243728385,0.517930400800661
katz_centrality,0.924014019663763,0.9474554001927222,0.521286318263237
betweenness,0.9237202122020911,0.8572940425404871,0.5211205655725701
closeness,0.9243389788590676,0.8455483744282308,0.5214696453328499
eigenvector_centrality,0.9226657635050003,0.9236290291542695,0.5205256939933446
core,0.925908250428882,0.9004226174615944,0.5223549563579807
