measure,Hyperarea,GD,HyperVolume
two-hop,0.19862216472220592,3.647262800695729,0.05624175676115537
page_rank,0.7601560863718068,0.6965022265746992,0.21524543230121812
degree_centrality,0.744728907762651,0.8515784237874116,0.21087707981618434
katz_centrality,0.45404083019667213,2.0858201670583743,0.128565983395001
betweenness,0.7199358532551573,0.9978898542802224,0.20385669041036575
closeness,0.7007301018562248,1.1520492486998468,0.19841839906909117
eigenvector_centrality,0.6858768746005252,1.2281869757666397,0.1942125663736235
core,0.11958067014058707,4.994740163523678,0.03386040512039063
