measure,Hyperarea,GD,HyperVolume
two-hop,0.23074610576013616,1.6926994126954737,0.06545258684498581
page_rank,0.8772244414497561,0.4400910000594492,0.24883024026511505
degree_centrality,0.8657210356259187,0.4972596568469255,0.24556722671948014
katz_centrality,0.5533888025192351,1.5715586870849985,0.15697222077318565
betweenness,0.8157313720715786,0.702445527203479,0.2313873436641912
closeness,0.7977405595488208,0.7694527544688019,0.2262841363308387
eigenvector_centrality,0.7758395856244018,0.8303907733705584,0.2200717870777253
core,0.23570734450307168,1.618674662194474,0.06685987347550539
