measure,Hyperarea,GD,HyperVolume
two-hop,0.24614836737222168,1.7543486440729608,0.07000272473367337
page_rank,0.9386732405700747,0.27311900623778934,0.2669515348648523
degree_centrality,0.9250028684557955,0.2975923699159714,0.2630637849425639
katz_centrality,0.5919344545960141,1.2657829308933632,0.16834165965765452
betweenness,0.8633241518034416,0.5626805877415539,0.24552282673985584
closeness,0.8282490733956469,0.6697191196258779,0.2355477410425377
eigenvector_centrality,0.8151062065998175,0.6802882025545579,0.2318100096233058
core,0.46076620807692037,1.4969294753807874,0.13103840734320935
