measure,Hyperarea,GD,HyperVolume
two-hop,0.912393652850069,1.0822046985959677,0.5148230544466764
page_rank,0.9257094986059732,0.8850634005170662,0.522336592449907
degree_centrality,0.923433098049023,0.911810140101632,0.5210521211208788
katz_centrality,0.9286235498742139,0.9129950179769466,0.5239808616423149
betweenness,0.9286993652539429,0.7934720526536604,0.5240236408804697
closeness,0.930143126347075,0.7646734911676788,0.5248382908876631
eigenvector_centrality,0.9269071117521287,0.8936333300396284,0.5230123521464188
core,0.9212203509933117,1.1872589509852645,0.5198035666242745
