measure,Hyperarea,GD,HyperVolume
two-hop,0.19807621224064814,1.6814782453762227,0.05624175676115537
page_rank,0.7580666463422593,0.5602912172902971,0.21524543230121812
degree_centrality,0.742681872398549,0.6681265391549914,0.21087707981618434
katz_centrality,0.4527928087670339,1.5804624350757746,0.128565983395001
betweenness,0.7179569665271992,0.8305683526484023,0.20385669041036575
closeness,0.6988040059517434,0.9582501369613009,0.19841839906909117
eigenvector_centrality,0.6839916057421629,1.0078461748936658,0.1942125663736235
core,0.11925197891067874,1.7361299712406055,0.03386040512039063
