measure,Hyperarea,GD,HyperVolume
two-hop,0.9251329409747889,1.2908906894818555,0.5163002027581907
page_rank,0.9348710914663025,1.1409736628520413,0.5217348909533387
degree_centrality,0.9323922005539155,1.2124511765113037,0.5203514661243273
katz_centrality,0.9387854470663357,1.099674526442868,0.5239194230356525
betweenness,0.9388399785298944,1.0222659796511162,0.5239498560733762
closeness,0.9390070163539762,1.0485568510035093,0.5240430769053475
eigenvector_centrality,0.9375275767700616,1.0956929114015506,0.5232174280463426
core,0.9324343367556002,1.2068518395858927,0.5203749815873594
