measure,Hyperarea,GD,HyperVolume
two-hop,0.19796578953502178,7.434334915024832,0.05547260214395163
page_rank,0.7662190309787321,1.1599456955177676,0.2147045889112473
degree_centrality,0.7534489836701793,1.2982743170132667,0.211126254718402
katz_centrality,0.4700727859425687,2.775244751465735,0.1317205396676781
betweenness,0.7255665970630714,1.4122630175074502,0.2033132454974006
closeness,0.7023305358531106,1.444882301661299,0.19680219739196705
eigenvector_centrality,0.6912420220605384,1.480598497410511,0.1936950508722182
core,0.1219928192923695,9.62564620752096,0.03418398272206227
