measure,Hyperarea,GD,HyperVolume
two-hop,0.2278151830666523,1.6909062582041443,0.06462526759244679
page_rank,0.8768046541386698,0.36834570762778357,0.24872677333115273
degree_centrality,0.8645581400852533,0.4430541951722508,0.24525275444828862
katz_centrality,0.5506618188148996,1.1032942584610224,0.15620849723367508
betweenness,0.8203825334036117,0.5817001589889559,0.23272127887045355
closeness,0.7959465549463721,0.6935177425609466,0.2257894246128717
eigenvector_centrality,0.7782559061276996,0.7241433283346426,0.2207710456865811
core,0.20286470324888672,1.6471907135547479,0.05754746262318233
