measure,Hyperarea,GD,HyperVolume
two-hop,0.9645795613512703,1.365819443087807,0.5330133157642668
page_rank,0.9826089517398698,0.9102774168012197,0.5429761073651727
degree_centrality,0.9802991842382135,0.9731354065910968,0.5416997618110768
katz_centrality,0.9876779374507256,0.7825530092478021,0.5457771587139281
betweenness,0.9808952844031017,0.9548186784341904,0.5420291585121323
closeness,0.9803950406838651,1.0597229299065227,0.5417527307562849
eigenvector_centrality,0.9796317566543749,1.0122260250539465,0.541330950565485
core,0.9810463233936716,0.9683700022435507,0.5421126205679326
