measure,Hyperarea,GD,HyperVolume
two-hop,0.9156313670329825,1.0803804579594973,0.5161765850548143
page_rank,0.9231038480648943,1.0085435826713474,0.520389109745223
degree_centrality,0.920213112406131,1.0294054997720241,0.5187594909768406
katz_centrality,0.926226348678715,0.9719982453373052,0.5221493833244215
betweenness,0.9261947738243209,0.9189877710840583,0.5221315833657246
closeness,0.9259591291571454,0.9294889678247114,0.5219987414121083
eigenvector_centrality,0.9251187376256912,1.0075892090864664,0.5215249804134865
core,0.9254266538920571,0.9709094704359155,0.5216985646446282
