measure,Hyperarea,GD,HyperVolume
two-hop,0.9446587000208234,0.8450431855978374,0.5325404080455715
page_rank,0.9632833809145763,0.6474865154665851,0.5430398563253143
degree_centrality,0.9611121056821149,0.6977904877239739,0.5418158250447589
katz_centrality,0.969960464419441,0.5031206717955781,0.5468039848662959
betweenness,0.9626316218996768,0.6755957302847715,0.5426724347245453
closeness,0.9609267646141534,0.7750914921782995,0.541711341162953
eigenvector_centrality,0.962692532727509,0.6923831641645775,0.5427067724987144
core,0.9569958094152385,1.191442937954473,0.5394953106689844
