measure,Hyperarea,GD,HyperVolume
two-hop,0.928480098099593,1.6482409527538397,0.5146734834251906
page_rank,0.9386417901564769,1.5247379183964689,0.520306295005229
degree_centrality,0.9358633774928165,1.585393411989367,0.518766170099024
katz_centrality,0.9428395643587735,1.4948697344605417,0.5226331979466603
betweenness,0.9416225022468618,1.4033717114948403,0.521958558180052
closeness,0.94241605781799,1.3637002555371365,0.5223984405328562
eigenvector_centrality,0.940678297813543,1.5142291299920838,0.521435168410302
core,0.9401397062908302,1.5447271189430276,0.5211366172881992
