measure,Hyperarea,GD,HyperVolume
two-hop,0.9571460470681681,0.9338770737670488,0.5341661465970465
page_rank,0.9745683976902767,0.6940377986341278,0.5438892499050327
degree_centrality,0.9725257310267641,0.7599709248486342,0.5427492740530998
katz_centrality,0.9797261600678989,0.5522365421113219,0.5467677051447078
betweenness,0.9734428815508981,0.7208144052147789,0.5432611194113153
closeness,0.9709382587997936,0.8244579871207952,0.5418633341018164
eigenvector_centrality,0.9730155608016026,0.7267063889910953,0.5430226393186363
core,0.9729943378286358,0.729245161675993,0.5430107951557483
