measure,Hyperarea,GD,HyperVolume
two-hop,0.966665807653392,1.2774927641869556,0.5341661465970465
page_rank,0.9842614407199745,0.88733188348611,0.5438892499050327
degree_centrality,0.982198457723702,0.9605792810063586,0.5427492740530998
katz_centrality,0.9894705021267687,0.747733997634881,0.5467677051447078
betweenness,0.983124730213535,0.9281676375141504,0.5432611194113153
closeness,0.9805951965211799,1.0264270679220577,0.5418633341018164
eigenvector_centrality,0.9826931593383168,0.9384921532819812,0.5430226393186363
core,0.9826717252819713,0.9776149950952848,0.5430107951557483
