measure,Hyperarea,GD,HyperVolume
two-hop,0.8503749648782656,1.5935446544947354,0.474579108948951
page_rank,0.8361827239411449,1.8458991772034472,0.4666586722755927
degree_centrality,0.8400954407524571,1.6235520770236476,0.4688422897791348
katz_centrality,0.8484598271713462,1.515882019769345,0.4735103047343367
betweenness,0.8466148355529567,1.5925742490365946,0.4724806478012932
closeness,0.8479805177171305,1.437287557256942,0.47324281067220253
eigenvector_centrality,0.8425288091457152,1.6904840594907078,0.4702003093017136
core,0.8484489235147555,2.761921032116364,0.4735042195979642
