measure,Hyperarea,GD,HyperVolume
two-hop,0.22747405964904008,1.9352745817620345,0.0646252620755507
page_rank,0.8753911309495102,0.4260732713658523,0.2486981651600534
degree_centrality,0.8659472120354917,0.4500830786702004,0.2460151527067639
katz_centrality,0.5471749641174793,1.2658236119921318,0.15545212281272694
betweenness,0.8163633850731002,0.6840783660093989,0.23192841324690117
closeness,0.7969104683830854,0.7197945103150653,0.22640184972943608
eigenvector_centrality,0.7760558704419424,0.7738162779817866,0.22047706929730254
core,0.21785256794721772,2.1573791201924997,0.061891801285571646
