measure,Hyperarea,GD,HyperVolume
two-hop,0.2549151125107709,1.683176767709342,0.0723082779002767
page_rank,0.9472021998109338,0.2895689406692077,0.2686798723586405
degree_centrality,0.9322879590992743,0.33031607305158933,0.2644493540051838
katz_centrality,0.5988913044244684,1.4182669104612164,0.16987929215280995
betweenness,0.8745834394220471,0.5656956002245869,0.24808110339883097
closeness,0.8395404341204122,0.768538792306145,0.23814093413678136
eigenvector_centrality,0.8244875182519991,0.783554778160266,0.23387107970131035
core,0.45184231280397064,1.548924107494433,0.12816791911445727
