measure,Hyperarea,GD,HyperVolume
two-hop,0.23046703630410875,1.7975433731147148,0.06543880686456344
page_rank,0.8735071576704714,0.47895905797655447,0.24802360937286314
degree_centrality,0.8641610759074271,0.5046851037058088,0.2453698830559019
katz_centrality,0.5561346342005563,1.5454818432948085,0.15790885977343577
betweenness,0.8137580923292517,0.7788904918167328,0.23105846064745927
closeness,0.797276841007924,0.863291659278569,0.22637877439211315
eigenvector_centrality,0.771539327554176,0.9342813593839705,0.2190708652043909
core,0.2178440999630254,1.787699385696978,0.061854650507391994
