measure,Hyperarea,GD,HyperVolume
two-hop,0.2573609739067086,6.74883318198345,0.07211590925098266
page_rank,0.9597946278957186,0.5453076218387807,0.26894700169264496
degree_centrality,0.9457530432744669,0.5600537208495358,0.2650123661225556
katz_centrality,0.5980094826435862,2.5659286571280346,0.16757007454123485
betweenness,0.8828298986693747,0.8072850639903196,0.24738047843871352
closeness,0.8470249753009371,0.9153707661569581,0.2373474708494874
eigenvector_centrality,0.8349556710497142,1.2072320396292264,0.23396549402179947
core,0.47772157771993795,3.443412629066652,0.13386383111285416
