measure,Hyperarea,GD,HyperVolume
two-hop,0.22366830101325544,7.745549801833069,0.06267478185733172
page_rank,0.8856013609994732,0.9629170340536428,0.2481570784136668
degree_centrality,0.873407471891922,1.036668671854418,0.24474019128059482
katz_centrality,0.5574567629896798,2.553276830017547,0.15620667236705063
betweenness,0.8274921082154697,1.1167789505705616,0.23187410614790024
closeness,0.8060544410335977,1.2293285999614294,0.2258669915587199
eigenvector_centrality,0.7844920577406101,1.3214777272852554,0.2198249298848483
core,0.22788363600392572,8.28834557129574,0.06385597382686423
