measure,Hyperarea,GD,HyperVolume
two-hop,0.2520791482192216,1.6871769826473642,0.07150832613020819
page_rank,0.9507406521085594,0.2298672099079464,0.26970050119774874
degree_centrality,0.9344628534961057,0.2811118513531582,0.2650829112856751
katz_centrality,0.602548141262697,1.1843130597706133,0.1709273031861117
betweenness,0.8729980199970802,0.49442113807178767,0.2476469298074891
closeness,0.8398426462204835,0.6021664361676531,0.23824160890834048
eigenvector_centrality,0.8251960816514987,0.6804919088671704,0.23408675784951635
core,0.4574167045193556,1.5121441160822082,0.129757273123319
