measure,Hyperarea,GD,HyperVolume
two-hop,0.2247351891515371,1.795221486893308,0.06375155308286912
page_rank,0.8764377091329213,0.3315959764459736,0.24862268053597994
degree_centrality,0.8635720418296634,0.3763326455033773,0.2449730239106567
katz_centrality,0.5554481722656149,1.3249776333689183,0.1575662617530575
betweenness,0.8177624092350301,0.6223245886901954,0.231978017498491
closeness,0.799142216966614,0.6934394447407883,0.2266959511683591
eigenvector_centrality,0.7805789943948716,0.7541101143835349,0.22143004566580082
core,0.20773600559641728,1.8264250117675227,0.05892932494462722
