measure,Hyperarea,GD,HyperVolume
two-hop,0.9471138843787094,0.9204778516433194,0.534414132914654
page_rank,0.9626038166481342,0.7603852547114446,0.5431544109944139
degree_centrality,0.9602278711972199,0.8271243195119223,0.5418137709204529
katz_centrality,0.9682071379036633,0.6170838452247576,0.5463161153254407
betweenness,0.9623193373281658,0.7598596716311772,0.5429938919991583
closeness,0.958680209964848,0.8886758281225025,0.5409404946976192
eigenvector_centrality,0.9601875865363744,0.831511594944821,0.5417910400826407
core,0.9548898679206312,1.2958477895458582,0.5388017736943485
