measure,Hyperarea,GD,HyperVolume
two-hop,0.2286010014115882,1.6409463849081272,0.06485483422003137
page_rank,0.8849769630517642,0.38301185745025507,0.25107079091019036
degree_centrality,0.8707180182430064,0.44909269273165253,0.24702548272687422
katz_centrality,0.5566120991341749,1.2665099192344798,0.15791263026540991
betweenness,0.8252496892067506,0.6004297376677085,0.23412597255981712
closeness,0.8055079841658708,0.670651963658612,0.2285251877874801
eigenvector_centrality,0.7819954508330131,0.7267586237691576,0.22185460698521184
core,0.22104719322999808,1.7029442454503119,0.06271179471310946
