measure,Hyperarea,GD,HyperVolume
two-hop,0.20334109274877651,3.145131378937597,0.057577966154578164
page_rank,0.7527840889041227,0.7935389272065847,0.21315798103916375
degree_centrality,0.7408064071355192,0.8702253048832904,0.20976638642264905
katz_centrality,0.45416336531553836,2.067223935245647,0.12860068038040348
betweenness,0.712692554139444,1.0221211706631725,0.2018056813118394
closeness,0.6922124790687831,1.1449509899396653,0.19600655309175746
eigenvector_centrality,0.6787570717822865,1.1499028323485954,0.19219652642737273
core,0.12210537244668264,4.6676521655458005,0.03457529861272744
