measure,Hyperarea,GD,HyperVolume
two-hop,0.22933880696277395,1.666115769582153,0.0650574802337276
page_rank,0.8652720375450275,0.3839899506659084,0.2454552686694675
degree_centrality,0.8567708856050871,0.44102729290703874,0.24304371202268352
katz_centrality,0.5455931991440355,1.1142566851961302,0.15477066109762572
betweenness,0.8077209923872062,0.6381183862997211,0.22912952758634997
closeness,0.7864027953236793,0.7085392754255924,0.22308210716742263
eigenvector_centrality,0.7715511320674663,0.7416424265472952,0.21886907492257499
core,0.23520641776983875,1.7573365436186628,0.06672196946324463
