measure,Hyperarea,GD,HyperVolume
two-hop,0.2527256390652612,1.7258206436612904,0.07169907097309038
page_rank,0.9447797392843564,0.27717496155567506,0.26803702952906366
degree_centrality,0.9298708763016179,0.2816685812216406,0.2638073374840416
katz_centrality,0.6010565934103487,1.2113353705309937,0.17052167524104694
betweenness,0.8666442167427242,0.5224639872485156,0.24586973223009304
closeness,0.8322355679277024,0.6718425278016685,0.23610788866486884
eigenvector_centrality,0.8255319502502392,0.6846772159235821,0.23420605091935706
core,0.4652162623499825,1.5317007784432923,0.13198333946423949
