measure,Hyperarea,GD,HyperVolume
two-hop,0.9287499268768166,1.5595144355549828,0.5148230544466764
page_rank,0.9423044827787209,1.400721979735652,0.522336592449907
degree_centrality,0.9399872737054161,1.4604405483057832,0.5210521211208788
katz_centrality,0.9452707735829584,1.4514917066483475,0.5239808616423149
betweenness,0.9453479480878002,1.3126329054350405,0.5240236408804697
closeness,0.9468175911585136,1.285825146944307,0.5248382908876631
eigenvector_centrality,0.943523565264054,1.4296266626436058,0.5230123521464188
core,0.9377348592352264,1.814567882660488,0.5198035666242745
