measure,Hyperarea,GD,HyperVolume
two-hop,0.9163090138575304,1.2083458921123604,0.5145542001631652
page_rank,0.9261090599204469,0.9382175624529397,0.520057425371261
degree_centrality,0.9240151743879801,0.9749335820345879,0.5188816019545995
katz_centrality,0.9317441373297167,0.8482562988065301,0.5232218084618274
betweenness,0.9309249981733594,0.8585269527079339,0.5227618200877664
closeness,0.9306510002774546,0.8431093587628968,0.5226079563081446
eigenvector_centrality,0.9290264018832739,0.9182857359686919,0.5216956615313151
core,0.9265512033582654,0.9270566360865997,0.5203057114402219
