measure,Hyperarea,GD,HyperVolume
two-hop,0.9452586452872132,0.9938053794771755,0.5324224200281471
page_rank,0.9635686518169922,0.7864743580435009,0.5427356375119756
degree_centrality,0.9598358066448681,0.8794693188851201,0.5406330907962787
katz_centrality,0.9694388038079953,0.6309603076618006,0.5460420347023798
betweenness,0.9621775518479759,0.7981962724331122,0.5419520923778502
closeness,0.9604920430623558,0.8952713177924654,0.5410027197684668
eigenvector_centrality,0.9624517118486133,0.8016595827148257,0.5421065145899527
core,0.9536165503093212,1.3145801575441776,0.537130058556948
