measure,Hyperarea,GD,HyperVolume
two-hop,0.25539774905460844,1.7713253423347428,0.07251763307259053
page_rank,0.9433387178025395,0.28264298273367006,0.2678515815194034
degree_centrality,0.9295278264439291,0.3498611055191922,0.2639301172322026
katz_centrality,0.5988002734965071,1.445830369626995,0.17002334076132306
betweenness,0.8650172131812476,0.5789858167281599,0.24561297466071244
closeness,0.8310912020514782,0.7636757634303066,0.23598002356450212
eigenvector_centrality,0.8103459739858778,0.7010192890922796,0.23008962381572928
core,0.4597821814515144,1.5433334992746024,0.13055054577120412
