measure,Hyperarea,GD,HyperVolume
two-hop,0.8462446137459079,1.3571354790101746,0.47520946949466025
page_rank,0.8342845814653274,1.4883096532990423,0.46849330196712285
degree_centrality,0.8339088094292556,1.4227558802889226,0.4682822868220785
katz_centrality,0.8399771621261548,1.3762791260017513,0.4716899760634139
betweenness,0.8421768192342874,1.3408454769753912,0.4729251956092127
closeness,0.8424127443406442,1.3028021350308383,0.47305767957757255
eigenvector_centrality,0.8392664504058045,1.4719988168989449,0.47129087521939633
core,0.8381302530482118,3.103022988116923,0.4706528425102097
