measure,Hyperarea,GD,HyperVolume
two-hop,0.9487947169364894,0.903142646428169,0.534414132914654
page_rank,0.9643121390177583,0.7327026474030054,0.5431544109944139
degree_centrality,0.9619319770026743,0.7947094255498142,0.5418137709204529
katz_centrality,0.9699254044256783,0.5918340989065112,0.5463161153254407
betweenness,0.9640271548354803,0.7423048822662629,0.5429938919991583
closeness,0.9603815691529941,0.8805756793183275,0.5409404946976192
eigenvector_centrality,0.9618916208490857,0.821300337542397,0.5417910400826407
core,0.9565845004305836,1.2839109644792233,0.5388017736943485
