measure,Hyperarea,GD,HyperVolume
two-hop,0.22863879271011417,1.7492609028438708,0.06485483422003137
page_rank,0.8851232634983622,0.46643584392794807,0.25107079091019036
degree_centrality,0.8708619614644104,0.5390790050102748,0.24702548272687422
katz_centrality,0.5567041157652117,1.4034305499519029,0.15791263026540991
betweenness,0.8253861158066809,0.6773550802918871,0.23412597255981712
closeness,0.8056411471551257,0.7642195011640599,0.2285251877874801
eigenvector_centrality,0.7821247268350686,0.8418724226686419,0.22185460698521184
core,0.22108373576662782,1.6400338080145447,0.06271179471310946
