measure,Hyperarea,GD,HyperVolume
two-hop,0.8440113753399221,1.3316473318962854,0.47623798443021587
page_rank,0.8319584431637743,1.4983776846490169,0.46943705224641574
degree_centrality,0.8318495403045303,1.4188322290622801,0.4693756032189495
katz_centrality,0.8389359371883126,1.3577180652452596,0.4733741409962939
betweenness,0.8362792343107491,1.343565756094049,0.4718750820255173
closeness,0.8408941832212359,1.3140816672106295,0.4744790919140019
eigenvector_centrality,0.8339845610609716,1.4623476238556257,0.4705803002307105
core,0.8352874420824117,2.951949670269228,0.47131545789532503
