measure,Hyperarea,GD,HyperVolume
two-hop,0.8618348032484685,2.617518486449382,0.47623798443021587
page_rank,0.8495273430244712,2.776636773132855,0.46943705224641574
degree_centrality,0.8494161404068145,2.7025942611723646,0.4693756032189495
katz_centrality,0.8566521844253153,2.531119052394126,0.4733741409962939
betweenness,0.8539393785690526,2.5053895073485455,0.4718750820255173
closeness,0.8586517837598822,2.331261697057069,0.4744790919140019
eigenvector_centrality,0.8515962475088283,2.7686833417809296,0.4705803002307105
core,0.852926642147546,4.31977795417656,0.47131545789532503
