measure,Hyperarea,GD,HyperVolume
two-hop,0.2010763730999355,1.7951338022083598,0.0570460092582098
page_rank,0.7579722673519803,0.6497437102044162,0.21503915310496124
degree_centrality,0.7445504193984043,0.701988266585746,0.2112313319730302
katz_centrality,0.453086815885289,1.5672059635844513,0.12854217676245366
betweenness,0.7211260434864368,0.8055229872717113,0.20458576171263093
closeness,0.7002101255040798,0.8976748229149957,0.19865184897852523
eigenvector_centrality,0.6868658844288531,0.8584702446836375,0.1948660451658474
core,0.1167957375070397,1.8105980720051094,0.03313532375996574
