measure,Hyperarea,GD,HyperVolume
two-hop,0.19555046320744277,1.6652548611820401,0.05547260214395163
page_rank,0.7568706026338053,0.6737509634232773,0.2147045889112473
degree_centrality,0.7442563591716708,0.7207534700100656,0.211126254718402
katz_centrality,0.46433755674750293,1.3857578389741676,0.1317205396676781
betweenness,0.716714157919851,0.8357463069508742,0.2033132454974006
closeness,0.6937615935227561,0.9671583340429484,0.19680219739196705
eigenvector_centrality,0.682808367647151,0.8716481237765552,0.1936950508722182
core,0.12050441834741572,1.8598779734342652,0.03418398272206227
