measure,Hyperarea,GD,HyperVolume
two-hop,0.19781644346176563,1.6096360655617106,0.05624175676115537
page_rank,0.7570724732166513,0.7460771298622814,0.21524543230121812
degree_centrality,0.7417078757691267,0.7817820918607176,0.21087707981618434
katz_centrality,0.4521989896825025,1.2290938490729755,0.128565983395001
betweenness,0.7170153955915718,0.8969853338800026,0.20385669041036575
closeness,0.6978875533335778,0.9491592724461508,0.19841839906909117
eigenvector_centrality,0.6830945789756492,0.8244317622817522,0.1942125663736235
core,0.11909558486118373,1.5790030700209425,0.03386040512039063
