measure,Hyperarea,GD,HyperVolume
two-hop,0.912753463348071,1.2309419512164046,0.5145542001631652
page_rank,0.9225154823281531,0.9819737823750166,0.520057425371261
degree_centrality,0.9204297216920467,1.0226318092235396,0.5188816019545995
katz_centrality,0.9281286939671965,0.9171446506303964,0.5232218084618274
betweenness,0.9273127333135066,0.9075114158724968,0.5227618200877664
closeness,0.9270397986106336,0.8734749651921323,0.5226079563081446
eigenvector_centrality,0.9254215041396499,0.9796222554954644,0.5216956615313151
core,0.9229559101184097,0.981884315851081,0.5203057114402219
