measure,Hyperarea,GD,HyperVolume
two-hop,0.2277918225494779,1.7072765968732464,0.06462526759244679
page_rank,0.8767147452489028,0.39579848789534544,0.24872677333115273
degree_centrality,0.864469486971761,0.43268842163158105,0.24525275444828862
katz_centrality,0.550605353110101,1.1036560146889758,0.15620849723367508
betweenness,0.8202984101243677,0.610893649559111,0.23272127887045355
closeness,0.795864937369719,0.7329867740851315,0.2257894246128717
eigenvector_centrality,0.7781761025772231,0.7563493207046287,0.2207710456865811
core,0.20284390119205922,1.6666276124548267,0.05754746262318233
