measure,Hyperarea,GD,HyperVolume
two-hop,0.9126051351575103,1.1239681540023387,0.5146734834251906
page_rank,0.9225930846805886,0.9871222136236527,0.520306295005229
degree_centrality,0.9198621767487623,1.0415268146759995,0.518766170099024
katz_centrality,0.9267190861975718,0.9691349497925308,0.5226331979466603
betweenness,0.9255228331648901,0.8782715077812812,0.521958558180052
closeness,0.9263028206850606,0.9009974790053408,0.5223984405328562
eigenvector_centrality,0.9245947725459829,0.9811883758788995,0.521435168410302
core,0.924065389751041,0.9430811876454482,0.5211366172881992
