measure,Hyperarea,GD,HyperVolume
two-hop,0.945124831060984,0.9391435519575287,0.5330133157642668
page_rank,0.9627905843362106,0.7225479093707772,0.5429761073651727
degree_centrality,0.9605274028348992,0.7854897260132154,0.5416997618110768
katz_centrality,0.9677573330167565,0.5933003994681672,0.5457771587139281
betweenness,0.9611114801782404,0.7487359736502378,0.5420291585121323
closeness,0.9606213259394647,0.8521620128835045,0.5417527307562849
eigenvector_centrality,0.9598734366845723,0.7593159085263737,0.541330950565485
core,0.9612594728438181,0.7710975025049489,0.5421126205679326
