measure,Hyperarea,GD,HyperVolume
two-hop,0.19590583500790013,3.4219529529222434,0.05547260214395163
page_rank,0.7582460556210268,0.7023538530814617,0.2147045889112473
degree_centrality,0.7456088884268948,0.8234116606781304,0.211126254718402
katz_centrality,0.4651813925065943,1.9586101808397165,0.1317205396676781
betweenness,0.7180166350223627,0.9489985625713075,0.2033132454974006
closeness,0.6950223591713489,1.114391449386957,0.19680219739196705
eigenvector_centrality,0.6840492281135396,1.1718215197339519,0.1936950508722182
core,0.12072340975970278,4.908361917729586,0.03418398272206227
