measure,Hyperarea,GD,HyperVolume
two-hop,0.2282821292182792,1.8502115383413342,0.06485483422003137
page_rank,0.883742521629838,0.37044589629959024,0.25107079091019036
degree_centrality,0.86950346641464,0.431908962208645,0.24702548272687422
katz_centrality,0.5558356890582029,1.2774362987458392,0.15791263026540991
betweenness,0.8240985604855288,0.5999766838320114,0.23412597255981712
closeness,0.8043843928602646,0.6805817420845497,0.2285251877874801
eigenvector_centrality,0.7809046568162545,0.7516286854784795,0.22185460698521184
core,0.22073885773323818,1.8913213388188042,0.06271179471310946
