measure,Hyperarea,GD,HyperVolume
two-hop,0.9458059836464369,0.9161948630955266,0.5327307115367675
page_rank,0.965760278702051,0.6511897438384968,0.5439700840793351
degree_centrality,0.9622992678442416,0.7202408833844458,0.5420206496194169
katz_centrality,0.9705776914207681,0.5350709118421375,0.5466835197625332
betweenness,0.9629075267785583,0.7092606140553179,0.5423632549956567
closeness,0.9621614668485141,0.8207868226539397,0.5419430324085156
eigenvector_centrality,0.9629793879828519,0.6888653394802169,0.5424037312361936
core,0.9558451324262291,1.4943068200529728,0.5383853203732046
