measure,Hyperarea,GD,HyperVolume
two-hop,0.8636131110933267,2.3453796486613174,0.47722065273339825
page_rank,0.8476142608683798,2.6108338265426942,0.46837990952413033
degree_centrality,0.8526776179485607,2.4509652312024817,0.4711778505694755
katz_centrality,0.8626170963862053,2.2887919809027144,0.4766702687911457
betweenness,0.8607371093360561,2.2735921724679944,0.4756314139663657
closeness,0.8610591304630901,2.213673122081903,0.4758093583843732
eigenvector_centrality,0.8569796633495351,2.4234493235340837,0.47355510131748996
core,0.8544709302984458,3.5797570882809784,0.4721688101544725
