measure,Hyperarea,GD,HyperVolume
two-hop,0.9527413582206591,0.9706416821349221,0.5325404080455715
page_rank,0.9715253950063779,0.7350164425734254,0.5430398563253143
degree_centrality,0.9693355419790352,0.7874917276473306,0.5418158250447589
katz_centrality,0.9782596087570555,0.5993332454276176,0.5468039848662959
betweenness,0.970868059432086,0.7541561619154379,0.5426724347245453
closeness,0.9691486151018256,0.8695943462617424,0.541711341162953
eigenvector_centrality,0.9709294914231722,0.7811209918140012,0.5427067724987144
core,0.9651840259912441,1.298220711354591,0.5394953106689844
