measure,Hyperarea,GD,HyperVolume
two-hop,0.19988693096806676,2.0304700982145163,0.056787773160680635
page_rank,0.7556637721640286,0.6012856607785835,0.2146836847790247
degree_centrality,0.7445643282907012,0.6465798356418372,0.21153033854555373
katz_centrality,0.4667457067291491,1.597572160925244,0.13260221260634047
betweenness,0.7185837220831767,0.8400248459470944,0.20414926183011015
closeness,0.6953786770027908,0.9264763831685072,0.19755672058778728
eigenvector_centrality,0.6837973361544515,0.9390462120906586,0.19426646767426847
core,0.12287955572464067,2.311993389116622,0.03491001789251995
