measure,Hyperarea,GD,HyperVolume
two-hop,0.2288235663596603,1.6462222914508737,0.0650574802337276
page_rank,0.8633280870536724,0.40575418904453037,0.2454552686694675
degree_centrality,0.8548460340996852,0.4636611058250089,0.24304371202268352
katz_centrality,0.5443674503372611,1.207507663802237,0.15477066109762572
betweenness,0.8059063380913343,0.6579107852773206,0.22912952758634997
closeness,0.7846360352366322,0.7382560691190587,0.22308210716742263
eigenvector_centrality,0.7698177382477104,0.8006695957777594,0.21886907492257499
core,0.2346779947865989,1.6202713132284408,0.06672196946324463
