measure,Hyperarea,GD,HyperVolume
two-hop,0.9343342996750217,1.621381985627064,0.5163002027581907
page_rank,0.9441693056688969,1.5134105789629355,0.5217348909533387
degree_centrality,0.9416657597437507,1.5821752047512936,0.5203514661243273
katz_centrality,0.9481225933924778,1.459894184779248,0.5239194230356525
betweenness,0.9481776672251756,1.366986609245713,0.5239498560733762
closeness,0.9483463664050126,1.3528212847293333,0.5240430769053475
eigenvector_centrality,0.9468522123366342,1.4757131717741376,0.5232174280463426
core,0.9417083150314811,1.6824045566540005,0.5203749815873594
