measure,Hyperarea,GD,HyperVolume
two-hop,0.20079589460807817,1.9380977457061803,0.0570460092582098
page_rank,0.7569149829224919,0.6262637235414962,0.21503915310496124
degree_centrality,0.7435118569083159,0.6704568842459453,0.2112313319730302
katz_centrality,0.4524548117127411,1.6137674059644258,0.12854217676245366
betweenness,0.7201201553156988,0.7852722995955861,0.20458576171263093
closeness,0.6992334126414154,0.875260319923409,0.19865184897852523
eigenvector_centrality,0.6859077852528892,0.8711728713732876,0.1948660451658474
core,0.11663282084106692,2.1120537533740356,0.03313532375996574
