measure,Hyperarea,GD,HyperVolume
two-hop,0.8440803020665464,1.2396033467894667,0.4762768767085903
page_rank,0.8345398999179131,1.4615776805134773,0.4708936531849868
degree_centrality,0.8337781122230313,1.3432518870159569,0.4704638103570651
katz_centrality,0.8450145950626624,1.2511399362046338,0.47680405658594494
betweenness,0.8433065990984823,1.226713005562897,0.4758403106233167
closeness,0.8451480650250932,1.2363880476363074,0.47687936773428624
eigenvector_centrality,0.841676697711983,1.3451723375202609,0.4749206299486175
core,0.8364013854154767,2.783265099113016,0.4719440064471674
