measure,Hyperarea,GD,HyperVolume
two-hop,0.19511113268184835,1.644298801741296,0.05547260214395163
page_rank,0.7551701906060959,0.7080089019195328,0.2147045889112473
degree_centrality,0.7425842867455112,0.7409050252531317,0.211126254718402
katz_centrality,0.46329435971532457,1.237318400722432,0.1317205396676781
betweenness,0.715103962768506,0.8551227220634064,0.2033132454974006
closeness,0.6922029644071797,0.9618869475539218,0.19680219739196705
eigenvector_centrality,0.6812743464327882,0.8574545175236544,0.1936950508722182
core,0.12023368889691649,1.7266161582201718,0.03418398272206227
