measure,Hyperarea,GD,HyperVolume
two-hop,0.847253854715592,1.3169813952845397,0.47722065273339825
page_rank,0.8315580676206704,1.5261953363518117,0.46837990952413033
degree_centrality,0.8365255105055448,1.3871467220655183,0.4711778505694755
katz_centrality,0.8462767073227118,1.2628136868682647,0.4766702687911457
betweenness,0.84443233250418,1.3102351146598583,0.4756314139663657
closeness,0.8447482536471953,1.1905835649436605,0.4758093583843732
eigenvector_centrality,0.8407460630913232,1.3726451568715956,0.47355510131748996
core,0.8382848524859203,2.226199302642541,0.4721688101544725
