measure,Hyperarea,GD,HyperVolume
two-hop,0.2545174594569216,1.9306677817659716,0.0723082779002767
page_rank,0.9457246183381928,0.24476278303708499,0.2686798723586405
degree_centrality,0.9308336429924288,0.26968503534437804,0.2644493540051838
katz_centrality,0.5979570681064151,1.2336965452466309,0.16987929215280995
betweenness,0.8732191390786631,0.5145805120619714,0.24808110339883097
closeness,0.8382307988690152,0.6659010955475015,0.23814093413678136
eigenvector_centrality,0.823201364691842,0.723687517085991,0.23387107970131035
core,0.45113746453595266,1.7025474293010958,0.12816791911445727
