measure,Hyperarea,GD,HyperVolume
two-hop,0.20032610708931461,3.1139993226489637,0.05672424426339353
page_rank,0.7605239017156239,0.6667199529858465,0.21534958271730545
degree_centrality,0.747880699012572,0.75129146929831,0.21176953951265334
katz_centrality,0.45541170469258735,1.9910093782941776,0.12895415955881015
betweenness,0.7219868503740665,0.8925397054647799,0.2044374497694275
closeness,0.7012053960188587,1.0175694452786066,0.1985529831358908
eigenvector_centrality,0.6862056734532141,1.0610638630452727,0.19430566889882325
core,0.11913378919695437,4.6738391961345105,0.03373386652703607
