measure,Hyperarea,GD,HyperVolume
two-hop,0.9463077170054947,0.9551320694886766,0.5330133157642668
page_rank,0.9639955801338979,0.7090507744520228,0.5429761073651727
degree_centrality,0.9617295661119505,0.759327796346244,0.5416997618110768
katz_centrality,0.9689685450273832,0.5587738017758088,0.5457771587139281
betweenness,0.9623143744665372,0.7492625319284533,0.5420291585121323
closeness,0.9618236067674643,0.8256051220857359,0.5417527307562849
eigenvector_centrality,0.9610747814799351,0.7565291024303047,0.541330950565485
core,0.9624625523546783,0.7832870738055779,0.5421126205679326
