measure,Hyperarea,GD,HyperVolume
two-hop,0.9122923383420017,1.1264166385358174,0.5146734834251906
page_rank,0.9222768644799993,0.9664753696780999,0.520306295005229
degree_centrality,0.9195468925710722,1.0224758967894756,0.518766170099024
katz_centrality,0.9264014518036084,0.9368000858841063,0.5226331979466603
betweenness,0.925205608788496,0.8603398414233288,0.521958558180052
closeness,0.9259853289667428,0.8760179894126997,0.5223984405328562
eigenvector_centrality,0.9242778662637952,0.9613024139144241,0.521435168410302
core,0.9237486649156215,0.8836166409981674,0.5211366172881992
