measure,Hyperarea,GD,HyperVolume
two-hop,0.2467463400086037,1.7414151829173719,0.07000272473367337
page_rank,0.9409535762812443,0.25481469790950384,0.2669515348648523
degree_centrality,0.9272499944872066,0.29390002149245364,0.2630637849425639
katz_centrality,0.5933724515657234,1.231986710009443,0.16834165965765452
betweenness,0.865421440624072,0.564730364541072,0.24552282673985584
closeness,0.8302611537002481,0.6291994438230085,0.2355477410425377
eigenvector_centrality,0.8170863587027758,0.670785982288968,0.2318100096233058
core,0.46188555567666645,1.358369854224369,0.13103840734320935
