measure,Hyperarea,GD,HyperVolume
two-hop,0.2523509868656672,1.9212799481068699,0.07169278416351688
page_rank,0.9440990049398665,0.24172278075966236,0.2682180364373823
degree_centrality,0.9308210422915604,0.29959539840827665,0.2644457741526186
katz_centrality,0.5939821317067148,1.1897832532389148,0.16875001478834642
betweenness,0.8733097670304742,0.5231072154823387,0.24810685075282027
closeness,0.8327560662060987,0.6778861158506555,0.23658556543372825
eigenvector_centrality,0.8175804315340375,0.6678785702309763,0.23227417551367363
core,0.4664458834087241,1.5806422304399221,0.13251703295689507
