measure,Hyperarea,GD,HyperVolume
two-hop,0.943584077039561,0.9944984808383467,0.5324224200281471
page_rank,0.9618616465684178,0.7933051702852438,0.5427356375119756
degree_centrality,0.9581354142995766,0.8849292358297427,0.5406330907962787
katz_centrality,0.9677213993208822,0.6382256762432813,0.5460420347023798
betweenness,0.9604730109956269,0.8106307802108478,0.5419520923778502
closeness,0.9587904881647056,0.8951009970496344,0.5410027197684668
eigenvector_centrality,0.9607466853094798,0.8238852839152687,0.5421065145899527
core,0.9519271756566321,1.3053008439108176,0.537130058556948
