measure,Hyperarea,GD,HyperVolume
two-hop,0.9119635177891061,1.1684402046084585,0.5145803484116028
page_rank,0.9214779872712423,1.0439318946769982,0.519948939287846
degree_centrality,0.9187567216032667,1.0687546658744151,0.5184134504133106
katz_centrality,0.9246418095203823,1.0297288230213468,0.5217341431074262
betweenness,0.9247473207418732,0.947187455794689,0.5217936783849422
closeness,0.926267242679438,0.920143439170019,0.5226513025606183
eigenvector_centrality,0.9225186345096358,1.0057990783122974,0.520536130121756
core,0.9256761623484168,0.9326159132202636,0.5223177822862398
