measure,Hyperarea,GD,HyperVolume
two-hop,0.9151632824743655,1.0585629913201804,0.5139108136128306
page_rank,0.9239547041703696,0.9059613509044884,0.5188476448462598
degree_centrality,0.9223212922059492,0.9506482395605144,0.517930400800661
katz_centrality,0.9282974506354114,0.9020507039573726,0.521286318263237
betweenness,0.9280022811771094,0.8110693547978851,0.5211205655725701
closeness,0.928623916236736,0.806820800469995,0.5214696453328499
eigenvector_centrality,0.9269429443959516,0.8816812418960259,0.5205256939933446
core,0.9302004624434088,0.848388683211789,0.5223549563579807
