measure,Hyperarea,GD,HyperVolume
two-hop,0.22073249678223836,1.6920169951176707,0.06267478185733172
page_rank,0.8739772184149472,0.5172790277306293,0.2481570784136668
degree_centrality,0.8619433827037528,0.5636851004912401,0.24474019128059482
katz_centrality,0.5501397497339784,1.258211893614856,0.15620667236705063
betweenness,0.8166306905651954,0.7140257466436163,0.23187410614790024
closeness,0.7954744078876567,0.8235374816701485,0.2258669915587199
eigenvector_centrality,0.7741950460859381,0.8650006262477724,0.2198249298848483
core,0.22489250252757212,1.6079494627199793,0.06385597382686423
