measure,Hyperarea,GD,HyperVolume
two-hop,0.9128703504574521,1.1173809329483024,0.5148230544466764
page_rank,0.9261931533330078,0.9005554193854376,0.522336592449907
degree_centrality,0.9239155634268161,0.9397496308303062,0.5210521211208788
katz_centrality,0.9291087271033648,0.9268213120500924,0.5239808616423149
betweenness,0.9291845820942968,0.7933923419563277,0.5240236408804697
closeness,0.9306290975081725,0.7803261754848438,0.5248382908876631
eigenvector_centrality,0.9273913921951791,0.9104383448914843,0.5230123521464188
core,0.9217016602788589,1.2594021287417294,0.5198035666242745
