measure,Hyperarea,GD,HyperVolume
two-hop,0.9149566840769505,1.0703619069880912,0.5161765850548143
page_rank,0.9224236590113507,1.0295302114554403,0.520389109745223
degree_centrality,0.9195350533911046,1.0297793754179072,0.5187594909768406
katz_centrality,0.9255438588106514,0.968185070823526,0.5221493833244215
betweenness,0.9255123072221881,0.9390465947884216,0.5221315833657246
closeness,0.9252768361897813,0.922754236061862,0.5219987414121083
eigenvector_centrality,0.9244370639008117,1.007955765848072,0.5215249804134865
core,0.9247447532790823,0.935858898536197,0.5216985646446282
