measure,Hyperarea,GD,HyperVolume
page_rank,0.9267471192471591,0.5244125199988298,0.15696287511198662
