measure,Hyperarea,GD,HyperVolume
two-hop,0.10489434818784119,1.372408147237034,0.028988131333097446
page_rank,0.9820216840532956,0.11029040396910943,0.2713871056075279
degree_centrality,0.9575616090773743,0.17971471240170872,0.26462742905613096
katz_centrality,0.6407004743391205,0.8341183709923186,0.17706110783071824
betweenness,0.9551244281323996,0.17304769649043172,0.2639539006674619
closeness,0.8778198394528552,0.4082738555293902,0.2425903514581112
eigenvector_centrality,0.745943829151989,0.6848508756527205,0.20614568906847877
core,0.5810796207221469,0.8978805847807386,0.16058455628434481
