measure,Hyperarea,GD,HyperVolume
two-hop,0.08443828544801066,2.086507084255132,0.02348927442383311
page_rank,0.926116701574269,0.19048789309391895,0.25762969056456214
degree_centrality,0.9065480991942054,0.2719718332600414,0.25218604294716473
katz_centrality,0.6061343421153697,0.9167989600206959,0.1686161179625527
betweenness,0.9087593995756524,0.2602572296916303,0.25280118856763467
closeness,0.8335024134762868,0.4992586994623102,0.23186599324220378
eigenvector_centrality,0.7131590860817797,0.7565763790621789,0.19838855552247128
core,0.31556748579327537,1.3421222483296893,0.08778543090623515
