measure,Hyperarea,GD,HyperVolume
page_rank,0.9716970050231132,0.13761824845241213,0.16534107206976337
