measure,Hyperarea,GD,HyperVolume
two-hop,0.09116663471608588,1.8679984543789234,0.025428873326181885
page_rank,0.9601255615718075,0.13116192813079408,0.2678053364421365
degree_centrality,0.9355507153213544,0.2150077703817139,0.26095073821923087
katz_centrality,0.6257891329847165,0.8607619444474287,0.174549742250843
betweenness,0.9369068781183498,0.21013282671123734,0.261329009196128
closeness,0.8609397625359764,0.4372122395226866,0.24013969837956076
eigenvector_centrality,0.7346661921597295,0.7049384876019557,0.20491853840648422
core,0.4869477969404729,1.078718421286245,0.13582308794686473
