measure,Hyperarea,GD,HyperVolume
page_rank,0.9322157199798851,0.5091016187370784,0.15724645395141545
