measure,Hyperarea,GD,HyperVolume
page_rank,0.9992112608504204,0.16896569700457137,0.1680562317276979
