measure,Hyperarea,GD,HyperVolume
page_rank,0.9686755134697043,0.18310037527781126,0.16557411827993773
