measure,Hyperarea,GD,HyperVolume
page_rank,0.9818966851081572,0.13016668371443169,0.16860932053998817
