measure,Hyperarea,GD,HyperVolume
page_rank,0.9508850314282988,0.25397960714678236,0.16256203877069195
