measure,Hyperarea,GD,HyperVolume
two-hop,0.08430510240237059,1.4202302778637668,0.023551988058248558
page_rank,0.9157115900906112,0.21309307005138906,0.255818779884519
degree_centrality,0.8973704767418859,0.3014690242445717,0.2506948944937812
katz_centrality,0.6003998717785629,0.9542196434627571,0.16773137339674304
betweenness,0.8982141446132268,0.2871713569736299,0.2509305867005958
closeness,0.8251172424026969,0.5385316049590423,0.2305097898698105
eigenvector_centrality,0.7042280224960102,0.779032779813388,0.19673743941320032
core,0.33410750046866367,1.2409698186722264,0.09333831093226896
