measure,Hyperarea,GD,HyperVolume
page_rank,0.9659025968794698,0.2330852853832404,0.16353394944905283
