measure,Hyperarea,GD,HyperVolume
page_rank,0.9681488621213572,0.14951979045613295,0.16473733062752324
