measure,Hyperarea,GD,HyperVolume
two-hop,0.0846171053456262,1.3432582736627836,0.023589562481577
page_rank,0.9250718787984016,0.1957674007616436,0.2578916023625557
degree_centrality,0.9068383466931601,0.2612530735243888,0.2528084570209659
katz_centrality,0.6082513377821063,0.9570236452323205,0.1695683500222151
betweenness,0.9064473538730878,0.25764156839043945,0.2526994560155395
closeness,0.832119840840924,0.5220291103884903,0.2319784267908842
eigenvector_centrality,0.7105280722877763,0.7901578716873655,0.19808106514262042
core,0.3015499646667843,1.249296420877728,0.08406612000929352
