measure,Hyperarea,GD,HyperVolume
two-hop,0.09172961542890015,1.590898722903838,0.02556617804701298
page_rank,0.9595253393980249,0.13496766531103352,0.2674315765194154
degree_centrality,0.9359733745163205,0.22724169945487424,0.2608673526893333
katz_centrality,0.6198534698317337,0.8905099022265144,0.17276082646460195
betweenness,0.9361110739691307,0.22504040040641501,0.2609057312294707
closeness,0.8564106113680524,0.4670959208801395,0.2386922268147722
eigenvector_centrality,0.7290260026918236,0.7296019477997222,0.20318856127951393
core,0.5004118992121709,1.0096955313200013,0.13947098385056067
