measure,Hyperarea,GD,HyperVolume
two-hop,0.10199927507139593,1.2397599673831194,0.02840590291270847
page_rank,0.9837666357015964,0.10640506198709875,0.2739703740339431
degree_centrality,0.9573822462725055,0.18494297611595273,0.2666225531400275
katz_centrality,0.6391828456937311,0.8429094400346218,0.17800681274975613
betweenness,0.9574280192179571,0.16597896395993925,0.2666353005036104
closeness,0.8801208460742757,0.41162162775801675,0.2451059312680129
eigenvector_centrality,0.7422872181187662,0.7043178295792323,0.20672047557658746
core,0.5610918261284757,0.9199620733490819,0.15625914916516334
