measure,Hyperarea,GD,HyperVolume
two-hop,0.10398988153389248,1.3745836115985304,0.02873817698756759
page_rank,0.9860984340087339,0.11623410599921402,0.27251373793007033
degree_centrality,0.9607489347183429,0.1613264410037486,0.2655082640665768
katz_centrality,0.6402124369976377,0.8337602084876021,0.17692623602118068
betweenness,0.9592249360562075,0.1568387881696227,0.2650870986355248
closeness,0.8822219286977521,0.3995947996604021,0.2438068930866703
eigenvector_centrality,0.7473429033491154,0.6737001258973534,0.20653233093500165
core,0.5691620837786806,0.9120162962595629,0.15729107925672087
