measure,Hyperarea,GD,HyperVolume
two-hop,0.09019656590249263,1.5975328216257831,0.025138898188008192
page_rank,0.9590653052994743,0.13403325816336664,0.26730335932787647
degree_centrality,0.9361215494393771,0.22558512312893844,0.26090865087255644
katz_centrality,0.6236272895083401,0.8855881261513006,0.17381263667135272
betweenness,0.9366086762426025,0.2154978734607411,0.26104441913588666
closeness,0.8579152939648511,0.4668106029037397,0.23911160045974095
eigenvector_centrality,0.7319298553544433,0.726201863298348,0.20399790092241663
core,0.5053364580137373,1.0316503991317982,0.1408435192802052
