measure,Hyperarea,GD,HyperVolume
page_rank,0.9201023152901577,0.4706812388534186,0.15758735162764492
