measure,Hyperarea,GD,HyperVolume
page_rank,0.9655443457116355,0.21309091462103044,0.16353394944905283
