measure,Hyperarea,GD,HyperVolume
page_rank,0.9282071862273054,0.49108870835216967,0.15794097386358688
