measure,Hyperarea,GD,HyperVolume
page_rank,0.9768858492110909,0.28103447229299117,0.16539348956975267
