measure,Hyperarea,GD,HyperVolume
two-hop,0.10286266162298782,1.318919830791573,0.0287363410890792
page_rank,0.9766730205981561,0.10048062118061041,0.27284933725784205
degree_centrality,0.9545889981083592,0.185673870071733,0.2666798099203939
katz_centrality,0.6365929174240307,0.8419112254146922,0.17784248357326934
betweenness,0.9532156433640638,0.17394222665873038,0.26629614115521044
closeness,0.8734116328944517,0.4278522690487524,0.24400160561678025
eigenvector_centrality,0.7306520449875493,0.7065764748843649,0.2041194156452121
core,0.5585082579520309,0.9201927879628072,0.15602827642552697
