measure,Hyperarea,GD,HyperVolume
page_rank,0.9219497004728195,0.4787912622713256,0.15758735162764492
