measure,Hyperarea,GD,HyperVolume
page_rank,0.9766244352063406,0.15082979669695695,0.16473733062752324
