measure,Hyperarea,GD,HyperVolume
two-hop,0.09996255323161884,1.2609085679088272,0.0279261491047892
page_rank,0.9779701944244499,0.1168645224284582,0.2732117236567166
degree_centrality,0.9529730888343263,0.1898219708651656,0.26622837964107826
katz_centrality,0.6322781228284271,0.8123062311162205,0.17663707621483415
betweenness,0.9497194396961274,0.19838001012349182,0.2653194203555198
closeness,0.8724162160601165,0.41773550414639554,0.24372351989329286
eigenvector_centrality,0.736368659468635,0.6780919436648692,0.20571644396444172
core,0.5654534820950572,0.8976926403871022,0.15796853664011887
