measure,Hyperarea,GD,HyperVolume
page_rank,0.9566417679198665,0.16254431524104437,0.16319733665746472
