measure,Hyperarea,GD,HyperVolume
page_rank,0.9221670028089699,0.4838222478053182,0.15794097386358688
