measure,Hyperarea,GD,HyperVolume
two-hop,0.0914197553944753,2.110385887906128,0.025428873326181885
page_rank,0.9627913135131941,0.13117912566884302,0.2678053364421365
degree_centrality,0.9381482361409759,0.2059976229090734,0.26095073821923087
katz_centrality,0.6275266126050086,0.882712907953322,0.174549742250843
betweenness,0.9395081642721668,0.21504593921765952,0.261329009196128
closeness,0.8633301288956012,0.4425515466901892,0.24013969837956076
eigenvector_centrality,0.7367059647753182,0.7162318320638588,0.20491853840648422
core,0.4882997888954865,1.100747820005737,0.13582308794686473
