measure,Hyperarea,GD,HyperVolume
two-hop,0.10027658592573195,1.1838863046635988,0.0279261491047892
page_rank,0.9810424910494253,0.0980976716709024,0.2732117236567166
degree_centrality,0.9559668569687847,0.16922166859519808,0.26622837964107826
katz_centrality,0.6342644266584275,0.8009202360986314,0.17663707621483415
betweenness,0.9527029864809751,0.1809841252801533,0.2653194203555198
closeness,0.8751569145102903,0.3937750792398244,0.24372351989329286
eigenvector_centrality,0.7386819640663835,0.6597242997110807,0.20571644396444172
core,0.5672298560934934,0.874818032340518,0.15796853664011887
