measure,Hyperarea,GD,HyperVolume
page_rank,0.9207294937397473,0.5133823685672997,0.1573787836901485
