measure,Hyperarea,GD,HyperVolume
page_rank,0.9738507521312122,0.18574333353396827,0.16679292982819152
