measure,Hyperarea,GD,HyperVolume
page_rank,0.9765661182469842,0.29293040313096347,0.16533935691963822
