measure,Hyperarea,GD,HyperVolume
two-hop,0.09157960656968471,1.3265689526918534,0.025428873326181885
page_rank,0.9644747934381008,0.1301186136323651,0.2678053364421365
degree_centrality,0.9397886266388574,0.19617178137558933,0.26095073821923087
katz_centrality,0.6286238685106632,0.8655991369216554,0.174549742250843
betweenness,0.9411509326599151,0.19970153828677642,0.261329009196128
closeness,0.8648396968779498,0.43324843251291917,0.24013969837956076
eigenvector_centrality,0.7379941252363145,0.6990023611575806,0.20491853840648422
core,0.489153601014898,1.0038277935478241,0.13582308794686473
