measure,Hyperarea,GD,HyperVolume
two-hop,0.09081868598766384,1.4638073044604958,0.02509824449450081
page_rank,0.966840730498024,0.14539696463849217,0.2671917654102295
degree_centrality,0.9429462353119635,0.1807600497342043,0.2605883899514183
katz_centrality,0.6294214062482991,0.9023292885588492,0.17394407518996843
betweenness,0.9445787146730376,0.17268460146525433,0.26103953462160245
closeness,0.8629499133208829,0.4621754792101475,0.23848096540372474
eigenvector_centrality,0.7369653245570994,0.7375125108522977,0.2036644298312757
core,0.48804787517864867,1.0461835350888729,0.13487472058249306
