measure,Hyperarea,GD,HyperVolume
page_rank,0.9940336294454964,0.12011418858332458,0.1676739192320554
