measure,Hyperarea,GD,HyperVolume
page_rank,0.9284792008174004,0.5624047766185977,0.1571979112402333
