measure,Hyperarea,GD,HyperVolume
two-hop,0.0899965157507549,3.3903932299181796,0.025037030681860025
page_rank,0.9583433332736981,0.12392069090841795,0.2666111153167429
degree_centrality,0.9357774010034206,0.20758248368581467,0.2603332729591517
katz_centrality,0.621457861672091,0.8901270577622312,0.1728895771171758
betweenness,0.9367294963903614,0.20522601501867271,0.26059814589579866
closeness,0.856732419110657,0.42445189575376596,0.2383429589965849
eigenvector_centrality,0.7299615574987831,0.7170406190001536,0.20307530529616155
core,0.49366952135872527,1.079701295215955,0.13733886084199742
