measure,Hyperarea,GD,HyperVolume
page_rank,0.9775900003637401,0.18278103477880098,0.16557411827993773
