measure,Hyperarea,GD,HyperVolume
two-hop,0.08516150718562604,3.3451916537341524,0.023691931299041173
page_rank,0.922461473620296,0.20801069226619012,0.25662878196116645
degree_centrality,0.9050749353636909,0.2693594926908565,0.2517918470181789
katz_centrality,0.605151285598149,0.9745646899036753,0.16835308765340512
betweenness,0.9048520701339201,0.26666971384163185,0.2517298459112567
closeness,0.8333667361754171,0.5071096914362703,0.23184262600400113
eigenvector_centrality,0.7144296884407227,0.8053658048566255,0.19875433932420913
core,0.29298978399356007,1.6359220428400716,0.08150975790700844
