measure,Hyperarea,GD,HyperVolume
page_rank,0.9730666000162004,0.178924914855144,0.16557411827993773
