measure,Hyperarea,GD,HyperVolume
two-hop,0.08786736040410728,1.2665857569269816,0.024470288706345777
page_rank,0.9607122585926632,0.11984909798800532,0.26754993234540236
degree_centrality,0.9379661988303706,0.1962749718089359,0.26121535433195975
katz_centrality,0.6216609933175389,0.8803333145587553,0.17312713064318688
betweenness,0.9374692887332612,0.20352227551477522,0.2610769692310367
closeness,0.8583994873710393,0.439773602737662,0.23905672350624832
eigenvector_centrality,0.7302130415909183,0.7190781520390882,0.2033579233823598
core,0.5025110564157771,1.0060849981435185,0.13994491893317512
