measure,Hyperarea,GD,HyperVolume
page_rank,0.921473908840831,0.4347697694166116,0.1571979112402333
