measure,Hyperarea,GD,HyperVolume
two-hop,0.09165889440719513,1.888822930009975,0.02556617804701298
page_rank,0.9587855716355982,0.13991376541852052,0.2674315765194154
degree_centrality,0.9352517646739047,0.2363040026760155,0.2608673526893333
katz_centrality,0.6193755797796613,0.9033352278582883,0.17276082646460195
betweenness,0.9353893579642075,0.24090833325251387,0.2609057312294707
closeness,0.8557503422373928,0.4690978405352052,0.2386922268147722
eigenvector_centrality,0.7284639436063381,0.7124337444566258,0.20318856127951393
core,0.5000260953404314,1.012046789281639,0.13947098385056067
