measure,Hyperarea,GD,HyperVolume
page_rank,0.9702297681881171,0.220713659148692,0.16583978449220924
