measure,Hyperarea,GD,HyperVolume
two-hop,0.10105153637132794,1.3637957011226887,0.0279261491047892
page_rank,0.9886241145018874,0.1528154524865567,0.2732117236567166
degree_centrality,0.9633546926728407,0.1551484395757233,0.26622837964107826
katz_centrality,0.6391661043085688,0.7998221504525362,0.17663707621483415
betweenness,0.9600655985711081,0.15842229798654853,0.2653194203555198
closeness,0.8819202405111223,0.390436148553199,0.24372351989329286
eigenvector_centrality,0.7443905939715832,0.668562104909405,0.20571644396444172
core,0.5716134818988291,0.881725983069337,0.15796853664011887
