measure,Hyperarea,GD,HyperVolume
page_rank,0.9854069717748674,0.12590964167820004,0.1676739192320554
