measure,Hyperarea,GD,HyperVolume
two-hop,0.08298021713307414,2.050072156390256,0.02308366497076899
page_rank,0.9275171674027042,0.19481547319262088,0.25801927599954316
degree_centrality,0.9048221075558214,0.2631023761940999,0.2517059018472817
katz_centrality,0.607940264191758,0.8576054479732563,0.1691184943314625
betweenness,0.9054450594185165,0.27436448575357797,0.25187919630936184
closeness,0.8340075990012142,0.481206222013042,0.23200652714062447
eigenvector_centrality,0.7093772632590216,0.7137613894301456,0.19733651765084995
core,0.29378135297560076,1.291409245727353,0.08172490457421343
