measure,Hyperarea,GD,HyperVolume
two-hop,0.09009506574162737,3.404287625512944,0.025064447289320745
page_rank,0.9617305039447258,0.13903833504193522,0.26755342619742284
degree_centrality,0.937500053876364,0.2256169346998569,0.2608125149884046
katz_centrality,0.6242669334929403,0.8938080946260396,0.17367106089773607
betweenness,0.9400851438031514,0.21779330786956566,0.26153168700603685
closeness,0.8584395381217468,0.44198470354436475,0.23881787950547004
eigenvector_centrality,0.7303415848289709,0.7628210543283197,0.2031810288994198
core,0.48548449035880953,1.1277560265239455,0.13506178521782086
