measure,Hyperarea,GD,HyperVolume
page_rank,0.9798237797482219,0.22593089645929537,0.16595245280860502
