measure,Hyperarea,GD,HyperVolume
two-hop,0.09038887908689168,1.3669437568088247,0.02509824449450081
page_rank,0.9622650772236296,0.11887061553656122,0.2671917654102295
degree_centrality,0.9384836647012275,0.1969161995078701,0.2605883899514183
katz_centrality,0.6264426176767932,0.9124419788258613,0.17394407518996843
betweenness,0.9401084182194628,0.18939966607851244,0.26103953462160245
closeness,0.8588659318832255,0.46567577214838585,0.23848096540372474
eigenvector_centrality,0.7334775755473035,0.7319573903426733,0.2036644298312757
core,0.48573814847012237,1.0533348466703119,0.13487472058249306
