measure,Hyperarea,GD,HyperVolume
page_rank,0.9762039120023178,0.2700309858690944,0.16533935691963822
