measure,Hyperarea,GD,HyperVolume
page_rank,0.9762140386672149,0.1450752130355492,0.16534107206976337
