measure,Hyperarea,GD,HyperVolume
page_rank,0.9598059478854369,0.2669027969496722,0.16256203877069195
