measure,Hyperarea,GD,HyperVolume
page_rank,0.9205662700038325,0.4989157135809747,0.1573787836901485
