measure,Hyperarea,GD,HyperVolume
two-hop,0.08535947875040127,1.491312412817922,0.023589562481577
page_rank,0.9331878354660299,0.18831492885298423,0.2578916023625557
degree_centrality,0.9147943346493234,0.260893018953895,0.2528084570209659
katz_centrality,0.6135877247306304,0.9501346107883843,0.1695683500222151
betweenness,0.9143999115219875,0.24427328285614694,0.2526994560155395
closeness,0.839420299027277,0.5106308609926102,0.2319784267908842
eigenvector_centrality,0.7167617663152193,0.7701693009639656,0.19808106514262042
core,0.3041955606495953,1.2720543527392578,0.08406612000929352
