measure,Hyperarea,GD,HyperVolume
page_rank,0.9673020646264104,0.26307762363912757,0.16533935691963822
