measure,Hyperarea,GD,HyperVolume
two-hop,0.10185744319623452,2.034488355206421,0.028334983623269593
page_rank,0.9801377067116267,0.1002613343570838,0.2726574023139199
degree_centrality,0.9548556832347312,0.18338192846929216,0.26562437950575035
katz_centrality,0.638570260067589,0.8329595197242968,0.17763923080675792
betweenness,0.9552272638882525,0.1653844112669079,0.26572774683367323
closeness,0.878333858662057,0.40412670900729525,0.2443373279359188
eigenvector_centrality,0.7371222472527833,0.6877392257550637,0.20505469358794415
core,0.5582609846576583,0.9179113927741668,0.15529857574875666
