measure,Hyperarea,GD,HyperVolume
two-hop,0.0919133818258108,2.135610116140519,0.02556617804701298
page_rank,0.9614476031461193,0.13217350802168168,0.2674315765194154
degree_centrality,0.9378484554684745,0.23047283670778085,0.2608673526893333
katz_centrality,0.6210952524145008,0.9065834299708349,0.17276082646460195
betweenness,0.9379864307812912,0.22115642487338782,0.2609057312294707
closeness,0.8581263003698134,0.4786680510884643,0.2386922268147722
eigenvector_centrality,0.730486495915767,0.7267125395151699,0.20318856127951393
core,0.5014143986913135,1.0500930392014072,0.13947098385056067
