measure,Hyperarea,GD,HyperVolume
page_rank,0.9694903420455202,0.1998063763930515,0.16353394944905283
