measure,Hyperarea,GD,HyperVolume
two-hop,0.10400733869168026,1.5001603938712673,0.028988131333097446
page_rank,0.9737174944163921,0.10338938911351156,0.2713871056075279
degree_centrality,0.9494642591716411,0.20031857514970455,0.26462742905613096
katz_centrality,0.6352825713276454,0.8347955274940743,0.17706110783071824
betweenness,0.9470476875605286,0.1938709646655424,0.2639539006674619
closeness,0.8703968033506738,0.42400733403249036,0.2425903514581112
eigenvector_centrality,0.7396359653681788,0.68134759770105,0.20614568906847877
core,0.5761658846580919,0.8983330012237709,0.16058455628434481
