measure,Hyperarea,GD,HyperVolume
two-hop,0.08439285573121175,1.929402633524886,0.023539480696056374
page_rank,0.921237076800049,0.2014965689843305,0.2569582720946607
degree_centrality,0.9032452469758933,0.2651212598309874,0.2519398575954366
katz_centrality,0.6077827948968647,0.8885637949696986,0.1695272809991983
betweenness,0.9013734759000889,0.2735877626471403,0.25141776933660737
closeness,0.8298559114377758,0.4970834903506167,0.23146956029091006
eigenvector_centrality,0.7107670316014136,0.7314957626462912,0.19825240744385622
core,0.305315880429818,1.3851894326848009,0.08516096784859875
