measure,Hyperarea,GD,HyperVolume
two-hop,0.08535126147618821,2.0916204554265696,0.02374324860573958
page_rank,0.9259106071235689,0.19857674194369318,0.2575723586435735
degree_centrality,0.9074350113873303,0.2684882199826181,0.25243276661976916
katz_centrality,0.6098136444992349,0.9224789413017052,0.16963963641658483
betweenness,0.9084395837546252,0.25857122043221137,0.2527122213231515
closeness,0.8326715328171925,0.5196204441791502,0.23163485657580452
eigenvector_centrality,0.7067334335684734,0.7664876224718992,0.1966010498378589
core,0.2837968279130294,1.427626493560564,0.07894738193810094
