measure,Hyperarea,GD,HyperVolume
two-hop,0.10212252280030283,2.085793530982671,0.02840590291270847
page_rank,0.9849553402638566,0.1333887951565974,0.2739703740339431
degree_centrality,0.9585390700584223,0.180525037808673,0.2666225531400275
katz_centrality,0.6399551828895872,0.8609733852501077,0.17800681274975613
betweenness,0.9585848983122237,0.17244058020232403,0.2666353005036104
closeness,0.8811843133917281,0.4228951901035324,0.2451059312680129
eigenvector_centrality,0.7431841383543828,0.7061451870095223,0.20672047557658746
core,0.5617698044104797,0.9305960505903518,0.15625914916516334
