measure,Hyperarea,GD,HyperVolume
page_rank,0.9346509884138865,0.5438599589250677,0.1571979112402333
