measure,Hyperarea,GD,HyperVolume
page_rank,0.9730102892530498,0.18065928171969317,0.16473733062752324
