measure,Hyperarea,GD,HyperVolume
page_rank,0.9817810992045143,0.15519179717528717,0.167843989376387
