measure,Hyperarea,GD,HyperVolume
two-hop,0.0828144819004359,1.6165380010990236,0.023081420097948228
page_rank,0.9266019759125316,0.1908555308749699,0.25825542802210627
degree_centrality,0.9060726603546841,0.27716088159309266,0.25253365393332183
katz_centrality,0.6015311480743093,0.9488694998337186,0.16765416883723996
betweenness,0.9077387979809304,0.2620640284942458,0.2529980270913719
closeness,0.8347018383378121,0.5128496546032336,0.23264172334456518
eigenvector_centrality,0.7120043882863496,0.7713160040167462,0.19844442687424918
core,0.30407397500889766,1.2605605443741055,0.08474917667747234
