measure,Hyperarea,GD,HyperVolume
page_rank,0.9844533689102463,0.18207157586096884,0.16557411827993773
