measure,Hyperarea,GD,HyperVolume
two-hop,0.09207409612699141,1.3372656084782684,0.02556617804701298
page_rank,0.9631287335385822,0.12002280487453894,0.2674315765194154
degree_centrality,0.9394883217876094,0.20858752582276577,0.2608673526893333
katz_centrality,0.6221812628242535,0.8802187395449593,0.17276082646460195
betweenness,0.9396265383558945,0.21415769931240747,0.2609057312294707
closeness,0.8596267692454992,0.4558603929645234,0.2386922268147722
eigenvector_centrality,0.7317637813815054,0.7249274040130478,0.20318856127951393
core,0.5022911422414561,1.015980490259975,0.13947098385056067
