measure,Hyperarea,GD,HyperVolume
page_rank,0.9786757714029185,0.1534603730850672,0.1680562317276979
