measure,Hyperarea,GD,HyperVolume
two-hop,0.08488933607394435,2.1483440031677152,0.023612403735423518
page_rank,0.9275558616187803,0.21747843893654428,0.2580044149788532
degree_centrality,0.9100676956756955,0.2893997330739052,0.25313999202612203
katz_centrality,0.6124143376812324,0.9649229902851989,0.17034618555733685
betweenness,0.9087283881755509,0.2860975712877592,0.2527674567833944
closeness,0.835675907175841,0.5395939960109255,0.23244753492964162
eigenvector_centrality,0.7100071342679503,0.7794056887728763,0.19749212191696813
core,0.3139252776432832,1.485758707772809,0.08731992428367341
