measure,Hyperarea,GD,HyperVolume
page_rank,0.9711197709616984,0.3018913012895852,0.16441725288501674
