measure,Hyperarea,GD,HyperVolume
page_rank,0.9667344999963299,0.19106828707299137,0.16557411827993773
