measure,Hyperarea,GD,HyperVolume
two-hop,0.08452136227131866,1.4161815608284312,0.023612403735423518
page_rank,0.9235351415456454,0.20593069331220812,0.2580044149788532
degree_centrality,0.9061227823790138,0.2799975105406623,0.25313999202612203
katz_centrality,0.6097596764123216,0.9477801802292158,0.17034618555733685
betweenness,0.9047892804381599,0.27919911880927806,0.2527674567833944
closeness,0.8320534634679729,0.5337625318423748,0.23244753492964162
eigenvector_centrality,0.7069294329079071,0.7985929199380906,0.19749212191696813
core,0.31256449095914546,1.2321507606187478,0.08731992428367341
