measure,Hyperarea,GD,HyperVolume
page_rank,0.9157181314526158,0.47456274335187393,0.1572452726361592
