measure,Hyperarea,GD,HyperVolume
page_rank,0.9830677469960167,0.14243718547736803,0.16534107206976337
