measure,Hyperarea,GD,HyperVolume
page_rank,0.9746279003003254,0.2167760693496437,0.16583978449220924
