measure,Hyperarea,GD,HyperVolume
two-hop,0.08618451304605435,1.8890929289079954,0.02403922303101196
page_rank,0.9236440131600977,0.1962101085922216,0.25762963262030114
degree_centrality,0.9051840589623966,0.26226668206439135,0.25248064540187054
katz_centrality,0.6024402973384196,0.9059493288301833,0.16803711199074237
betweenness,0.9045582749960963,0.26560536124705597,0.2523060971007496
closeness,0.829327738265467,0.5034553106617438,0.23132223831577348
eigenvector_centrality,0.7086526729748306,0.726325289935624,0.19766265486771978
core,0.29406662040546294,1.341070298242066,0.08202324088233033
