measure,Hyperarea,GD,HyperVolume
page_rank,0.9546011219473307,0.21322961108293695,0.16319733665746472
