measure,Hyperarea,GD,HyperVolume
page_rank,0.9284214379185816,0.5271664821042638,0.15724645395141545
