measure,Hyperarea,GD,HyperVolume
page_rank,0.9328680516949052,0.5236551594392466,0.15794097386358688
