measure,Hyperarea,GD,HyperVolume
two-hop,0.10039775209548397,2.0896103214586326,0.0279261491047892
page_rank,0.9822279039741582,0.12845760030814002,0.2732117236567166
degree_centrality,0.9571219705119859,0.18766912443222505,0.26622837964107826
katz_centrality,0.6350308208318898,0.8267707714446704,0.17663707621483415
betweenness,0.9538541562253131,0.19152448677663914,0.2653194203555198
closeness,0.8762143838116659,0.4139560901569663,0.24372351989329286
eigenvector_centrality,0.7395745280026659,0.6945844317102751,0.20571644396444172
core,0.5679152510777496,0.9055809047215888,0.15796853664011887
