measure,Hyperarea,GD,HyperVolume
page_rank,0.9963325131138314,0.15394414696255987,0.16806169568459184
