measure,Hyperarea,GD,HyperVolume
page_rank,0.9909918732473498,0.17395060059843923,0.167843989376387
