measure,Hyperarea,GD,HyperVolume
page_rank,0.9979493323561361,0.1751899440145583,0.167843989376387
