measure,Hyperarea,GD,HyperVolume
two-hop,0.08288830318982852,1.2484952400021245,0.02308366497076899
page_rank,0.9264897928882788,0.19767546524694138,0.25801927599954316
degree_centrality,0.9038198714721546,0.26787269458734947,0.2517059018472817
katz_centrality,0.6072668725223912,0.8718742891512622,0.1691184943314625
betweenness,0.9044421333154193,0.2645090625084873,0.25187919630936184
closeness,0.8330838013808961,0.4654434038683005,0.23200652714062447
eigenvector_centrality,0.708591513790442,0.7202563107738087,0.19733651765084995
core,0.2934559428533216,1.1428794639394921,0.08172490457421343
