measure,Hyperarea,GD,HyperVolume
two-hop,0.09138891739896735,1.8896994511623082,0.025490874059270252
page_rank,0.9611849355531636,0.12680783208731433,0.2681008248832844
degree_centrality,0.9398594618993975,0.21678484981869317,0.2621525657438389
katz_centrality,0.6206677105391214,0.9165856646514423,0.1731212371510938
betweenness,0.9389201426273993,0.21375239340514854,0.26189056385186527
closeness,0.8618776450542855,0.46350364014948536,0.24040129952154868
eigenvector_centrality,0.7356226720606753,0.7246389026677862,0.20518532686824914
core,0.49790902269685205,1.0465988906096224,0.13888047426069197
