measure,Hyperarea,GD,HyperVolume
two-hop,0.08288024235116943,1.3412412615470182,0.023081420097948228
page_rank,0.927337762241061,0.19924576858386972,0.25825542802210627
degree_centrality,0.9067921449807412,0.283578947673216,0.25253365393332183
katz_centrality,0.6020088055868585,0.9455729353744404,0.16765416883723996
betweenness,0.9084596056359888,0.2695748946145726,0.2529980270913719
closeness,0.8353646495739337,0.4998617819082797,0.23264172334456518
eigenvector_centrality,0.712569769224846,0.7597721217962958,0.19844442687424918
core,0.30431543086533785,1.2314899954108622,0.08474917667747234
