measure,Hyperarea,GD,HyperVolume
page_rank,0.9830225826186179,0.15265667930696009,0.1680562317276979
