measure,Hyperarea,GD,HyperVolume
page_rank,0.919792224791767,0.4921172558469263,0.15724645395141545
