measure,Hyperarea,GD,HyperVolume
page_rank,0.9689094782378738,0.22615651656567948,0.1656434741958318
