measure,Hyperarea,GD,HyperVolume
page_rank,0.9363330934639656,0.4876009278907193,0.15794097386358688
