measure,Hyperarea,GD,HyperVolume
two-hop,0.08280242213564452,1.2510373388101808,0.02308366497076899
page_rank,0.9255298514123178,0.19422815343835537,0.25801927599954316
degree_centrality,0.9028834184339412,0.2632267561228837,0.2517059018472817
katz_centrality,0.6066376797753301,0.8678693477422387,0.1691184943314625
betweenness,0.9035050355480823,0.26201401458137624,0.25187919630936184
closeness,0.8322206383973042,0.49205699362252503,0.23200652714062447
eigenvector_centrality,0.707857337991828,0.7191769955784179,0.19733651765084995
core,0.293151891440047,1.138149164065936,0.08172490457421343
