measure,Hyperarea,GD,HyperVolume
page_rank,0.9217515352436736,0.43097604626068753,0.1572452726361592
