measure,Hyperarea,GD,HyperVolume
two-hop,0.08352075160014517,1.4902703064511222,0.023081420097948228
page_rank,0.9345043485925244,0.17598752822744126,0.25825542802210627
degree_centrality,0.9137999521405923,0.24517031442753465,0.25253365393332183
katz_centrality,0.6066612076190515,0.9582039338156124,0.16765416883723996
betweenness,0.9154802991477821,0.2387369690510792,0.2529980270913719
closeness,0.8418204557967535,0.5004570938439431,0.23264172334456518
eigenvector_centrality,0.7180766007058061,0.773115540375223,0.19844442687424918
core,0.3066672199352758,1.2480595191403627,0.08474917667747234
