measure,Hyperarea,GD,HyperVolume
page_rank,0.9860329394397063,0.22557634997720807,0.16583978449220924
