measure,Hyperarea,GD,HyperVolume
page_rank,0.979521861036325,0.2503844162844475,0.16583978449220924
