measure,Hyperarea,GD,HyperVolume
two-hop,0.10318580501727734,1.2365165819018173,0.0287363410890792
page_rank,0.9797412421472332,0.08711963059735399,0.27284933725784205
degree_centrality,0.9575878426271872,0.1666949581614536,0.2666798099203939
katz_centrality,0.6385927761956327,0.8399770209916004,0.17784248357326934
betweenness,0.9562101734843859,0.162306585330822,0.26629614115521044
closeness,0.8761554584499279,0.4075584883949811,0.24400160561678025
eigenvector_centrality,0.7329473908218543,0.708090996444103,0.2041194156452121
core,0.5602628135056761,0.9232938198825925,0.15602827642552697
