measure,Hyperarea,GD,HyperVolume
page_rank,0.9703217479799053,0.22706056819305612,0.16319733665746472
