measure,Hyperarea,GD,HyperVolume
page_rank,0.9325220529678755,0.5012020906241168,0.15794097386358688
