measure,Hyperarea,GD,HyperVolume
page_rank,0.963169287598756,0.23591261037297384,0.16539348956975267
