measure,Hyperarea,GD,HyperVolume
page_rank,0.9690812736098686,0.23622929149665686,0.1656434741958318
