measure,Hyperarea,GD,HyperVolume
page_rank,0.9601620699043285,0.28799504726007186,0.16256203877069195
