measure,Hyperarea,GD,HyperVolume
page_rank,0.9903550581444043,0.15929568490510962,0.1676739192320554
