measure,Hyperarea,GD,HyperVolume
page_rank,0.9291064577988924,0.5176675254129532,0.15736247555826957
