measure,Hyperarea,GD,HyperVolume
two-hop,0.09037726106677642,2.147349266496201,0.025138898188008192
page_rank,0.9609866474389002,0.1518717800813775,0.26730335932787647
degree_centrality,0.9379969272375562,0.23261312843628756,0.26090865087255644
katz_centrality,0.6248766323674838,0.9263183333992578,0.17381263667135272
betweenness,0.9384850299255822,0.21725329620537057,0.26104441913588666
closeness,0.8596339973703903,0.47544274996046154,0.23911160045974095
eigenvector_centrality,0.7333961660075612,0.7377063238456173,0.20399790092241663
core,0.5063488231008748,1.0839120090410412,0.1408435192802052
