measure,Hyperarea,GD,HyperVolume
page_rank,0.9971494432915589,0.1683253571369791,0.16819949573539586
