measure,Hyperarea,GD,HyperVolume
two-hop,0.0835288747340096,1.412156329390355,0.02308366497076899
page_rank,0.9336498260227403,0.17917539876001023,0.25801927599954316
degree_centrality,0.9108047085173109,0.2531145169183676,0.2517059018472817
katz_centrality,0.611959909576978,0.8852991665241043,0.1691184943314625
betweenness,0.9114317792807065,0.24832820396889518,0.25187919630936184
closeness,0.839521980913425,0.4729033067835859,0.23200652714062447
eigenvector_centrality,0.7140676007980724,0.7201222050234478,0.19733651765084995
core,0.2957238083931935,1.181978765876091,0.08172490457421343
