measure,Hyperarea,GD,HyperVolume
page_rank,0.9665444598904854,0.266187021890281,0.16256203877069195
