measure,Hyperarea,GD,HyperVolume
page_rank,0.959764332753504,0.25053996516006966,0.1648087975836869
