measure,Hyperarea,GD,HyperVolume
two-hop,0.10287271540072875,1.8150405124898716,0.028694020096191212
page_rank,0.978103291910136,0.10224100591527475,0.27281981820829243
degree_centrality,0.9509567342914553,0.18647037305394285,0.2652478991934346
katz_centrality,0.6379807747644455,0.7968412553448716,0.1779503253196421
betweenness,0.9514022271138901,0.1829255121399233,0.265372159352699
closeness,0.8757572231309217,0.3833140402209682,0.24427269429037807
eigenvector_centrality,0.7340285094068155,0.6777477663228083,0.20474067120762754
core,0.5657770652575812,0.8781249599756001,0.15781073161358505
