measure,Hyperarea,GD,HyperVolume
two-hop,0.08275868243567934,1.8618426397382561,0.02308366497076899
page_rank,0.9250409478637805,0.1944390523828803,0.25801927599954316
degree_centrality,0.902406477677774,0.2597923399445403,0.2517059018472817
katz_centrality,0.6063172283994335,0.8751010102689143,0.1691184943314625
betweenness,0.9030277664277759,0.2606515920701934,0.25187919630936184
closeness,0.8317810246747889,0.4875931966134747,0.23200652714062447
eigenvector_centrality,0.7074834181621495,0.7181305687511876,0.19733651765084995
core,0.29299703635917984,1.3025727203154427,0.08172490457421343
