measure,Hyperarea,GD,HyperVolume
page_rank,0.9154423222772227,0.4847299613913366,0.1571979112402333
