measure,Hyperarea,GD,HyperVolume
two-hop,0.10311052040511143,1.5130489512283498,0.02873817698756759
page_rank,0.9777597704846628,0.08558631515056636,0.27251373793007033
degree_centrality,0.9526246320915172,0.17805261555722532,0.2655082640665768
katz_centrality,0.6347986609364118,0.8231094904547235,0.17692623602118068
betweenness,0.9511135206946043,0.18311945635557506,0.2650870986355248
closeness,0.8747616675683825,0.40587370494733177,0.2438068930866703
eigenvector_centrality,0.7410232086886172,0.6736012351765751,0.20653233093500165
core,0.5643491250074191,0.9046506600899957,0.15729107925672087
