measure,Hyperarea,GD,HyperVolume
page_rank,0.9224385636775283,0.4074072081695388,0.15736247555826957
