measure,Hyperarea,GD,HyperVolume
page_rank,0.9285385170697124,0.49031316955639775,0.15799735213418992
