measure,Hyperarea,GD,HyperVolume
page_rank,0.9838605863831658,0.1659335994855467,0.16819949573539586
