measure,Hyperarea,GD,HyperVolume
page_rank,0.93906901286403,0.5029141972262734,0.15794097386358688
