measure,Hyperarea,GD,HyperVolume
page_rank,0.92434836914958,0.4921490072846686,0.15799735213418992
