measure,Hyperarea,GD,HyperVolume
page_rank,0.9593481448041835,0.16861273957866238,0.16473733062752324
