measure,Hyperarea,GD,HyperVolume
two-hop,0.08450284603339844,1.6304394327533076,0.023551988058248558
page_rank,0.9178594569413575,0.2176814787301017,0.255818779884519
degree_centrality,0.8994753232030315,0.28866772258103846,0.2506948944937812
katz_centrality,0.6018081525033464,0.9542207760042751,0.16773137339674304
betweenness,0.9003209699575421,0.2683633588407135,0.2509305867005958
closeness,0.8270526137489966,0.535134730315185,0.2305097898698105
eigenvector_centrality,0.7058798395541913,0.7862848261978205,0.19673743941320032
core,0.3348911734423467,1.2654132217252176,0.09333831093226896
