measure,Hyperarea,GD,HyperVolume
page_rank,0.9787075907658371,0.15388619131068895,0.16806169568459184
