measure,Hyperarea,GD,HyperVolume
two-hop,0.10408992774271342,1.2107519455086733,0.028988131333097446
page_rank,0.9744906937391498,0.10532666462619587,0.2713871056075279
degree_centrality,0.9502181997410402,0.19195696907926238,0.26462742905613096
katz_centrality,0.6357870298145546,0.84539003739583,0.17706110783071824
betweenness,0.9477997092042189,0.18743033882362742,0.2639539006674619
closeness,0.8710879588683063,0.40968000533835147,0.2425903514581112
eigenvector_centrality,0.7402232876981043,0.6850516885968092,0.20614568906847877
core,0.5766234003896755,0.8999490273856801,0.16058455628434481
