measure,Hyperarea,GD,HyperVolume
page_rank,0.920634084576856,0.49512290973590356,0.15736247555826957
