measure,Hyperarea,GD,HyperVolume
two-hop,0.10424552029012679,3.2429671858284697,0.029001103744713284
page_rank,0.980497165357843,0.1240609394306966,0.27277431140255204
degree_centrality,0.9546215771934434,0.20684398016326355,0.26557572277521607
katz_centrality,0.6393303625529352,0.8999164692848033,0.17786170686222663
betweenness,0.9531425291371093,0.20455409744813705,0.2651642516059439
closeness,0.8782879999807633,0.42968449964920274,0.24433972159464845
eigenvector_centrality,0.7439933285051856,0.6870161660980152,0.20697894399014272
core,0.5693741881366011,0.9906737450076067,0.1583998991396025
