measure,Hyperarea,GD,HyperVolume
page_rank,0.9713189304913749,0.1791895566105379,0.16679292982819152
