measure,Hyperarea,GD,HyperVolume
two-hop,0.09142154426595692,1.454032468294128,0.025264847702855846
page_rank,0.9654400911941727,0.16313498851978936,0.2668046910178358
degree_centrality,0.9415272164877434,0.2101975278226377,0.26019623627725685
katz_centrality,0.6266975564597912,0.9098282636398328,0.1731913242861781
betweenness,0.9413292582180157,0.20512733862787905,0.26014152941820795
closeness,0.8645091924916478,0.4566059889265561,0.23891188079781397
eigenvector_centrality,0.7393104848019478,0.7299659427698193,0.20431252779221717
core,0.5009810324662617,1.05607994270484,0.13844886989064797
