measure,Hyperarea,GD,HyperVolume
page_rank,0.9349396086164625,0.5266399608836668,0.15724645395141545
