measure,Hyperarea,GD,HyperVolume
page_rank,0.9249032369971164,0.5175472112567339,0.1573787836901485
