measure,Hyperarea,GD,HyperVolume
two-hop,0.08550899358018585,1.3828297071196247,0.02374324860573958
page_rank,0.9276217221750561,0.19175462601302162,0.2575723586435735
degree_centrality,0.9091119828943909,0.25491504258200254,0.25243276661976916
katz_centrality,0.6109406013541159,0.9332317833809024,0.16963963641658483
betweenness,0.9101184117464098,0.24569548891804555,0.2527122213231515
closeness,0.8342103388118388,0.4991407144306488,0.23163485657580452
eigenvector_centrality,0.7080395015692765,0.7603679304283483,0.1966010498378589
core,0.2843212943356735,1.2405320275101586,0.07894738193810094
