measure,Hyperarea,GD,HyperVolume
page_rank,0.9819963927780954,0.2324419380981595,0.1656434741958318
