measure,Hyperarea,GD,HyperVolume
page_rank,0.9238402632563896,0.5261828702537905,0.1571979112402333
