measure,Hyperarea,GD,HyperVolume
two-hop,0.09000085163398054,1.2033433980716177,0.025064447289320745
page_rank,0.9607248042376438,0.1240254161472469,0.26755342619742284
degree_centrality,0.9365196924074227,0.20559413534161813,0.2608125149884046
katz_centrality,0.62361412579933,0.8238533987533084,0.17367106089773607
betweenness,0.9391020790569704,0.19602560884108977,0.26153168700603685
closeness,0.8575418517236387,0.4203750689321799,0.23881787950547004
eigenvector_centrality,0.7295778528740006,0.6773378320220729,0.2031810288994198
core,0.48497681008066085,0.9685156960905222,0.13506178521782086
