measure,Hyperarea,GD,HyperVolume
page_rank,0.982954845226727,0.7095640524186566,0.5859408067803401
