measure,Hyperarea,GD,HyperVolume
two-hop,0.16158723496627345,1.3414865148491577,0.03794261339236697
page_rank,0.9404383406762978,0.18052488773177267,0.22082615862006413
degree_centrality,0.9338581858512397,0.2107702170680569,0.2192810596483464
katz_centrality,0.585442370609345,0.8944267362705093,0.13746886340482004
betweenness,0.8969991340304766,0.30294772047491414,0.21062611389389782
closeness,0.858855616087195,0.41576482223936906,0.2016695601472555
eigenvector_centrality,0.8468334204831222,0.4395530502086578,0.19884660497986276
core,0.6251246620634481,0.8533320427880409,0.14678673955685964
