measure,Hyperarea,GD,HyperVolume
two-hop,0.15330662867986164,1.5691848845734433,0.035948350716064344
page_rank,0.90541874333215,0.180830783664054,0.21230856624060584
degree_centrality,0.9001783294702844,0.21519423455048414,0.211079759391053
katz_centrality,0.569774990862889,0.9743373082092783,0.1336046026004097
betweenness,0.8650274076664297,0.2990258723044993,0.20283733911295376
closeness,0.8316374674676783,0.41707795453273183,0.19500784543098354
eigenvector_centrality,0.8292128621134464,0.41143271807350684,0.19443930795564718
core,0.5376000450676053,1.0273123724394784,0.12606000882987856
