measure,Hyperarea,GD,HyperVolume
page_rank,1.0014489296768634,0.8819817411097834,0.5758714956419516
