measure,Hyperarea,GD,HyperVolume
two-hop,0.1559656577529601,1.9614204817601626,0.036446689608271146
page_rank,0.903278351389698,0.19789099663457574,0.21108176105740417
degree_centrality,0.9027166617219703,0.19568818473978852,0.21095050313004512
katz_centrality,0.5628486953857255,0.9237989844256165,0.13152877365885732
betweenness,0.8655629926394418,0.3219132171922715,0.202268282541432
closeness,0.8356302993897453,0.3997586521664781,0.19527348897130342
eigenvector_centrality,0.8350461549249506,0.4147509509578644,0.19513698371558563
core,0.5739614807756701,0.9117526999907116,0.13412565457242467
