measure,Hyperarea,GD,HyperVolume
two-hop,0.16682997865785598,4.095248153535285,0.03892342728275169
page_rank,0.9769281828636536,0.20775706352918058,0.22792901726702677
degree_centrality,0.9717094227351951,0.22181589391423623,0.22671141817602183
katz_centrality,0.6197307022934303,1.198680769006817,0.1445905773031223
betweenness,0.9264471318670867,0.3675742540366885,0.21615118492880256
closeness,0.8910667369653551,0.42618040877530877,0.20789651607808673
eigenvector_centrality,0.8860179009067812,0.4526365838622743,0.20671856230281555
core,0.62443015010277,1.1730840606290323,0.14568701462540393
