measure,Hyperarea,GD,HyperVolume
two-hop,0.15767173114616367,1.5349367464944257,0.03697190876910759
page_rank,0.8962102720141594,0.20317079480377043,0.21014930307404567
degree_centrality,0.8897201312549057,0.250801847809832,0.20862745200850902
katz_centrality,0.5674388407237397,0.9411626860081952,0.13305680668805625
betweenness,0.8582413391270066,0.31006613332189437,0.20124609694724252
closeness,0.8276451872695352,0.41813703582483247,0.194071709205463
eigenvector_centrality,0.8227427569663301,0.4275680496548584,0.19292215497275794
core,0.5289645005759414,1.016889101640377,0.12403508932911277
