measure,Hyperarea,GD,HyperVolume
two-hop,0.1683415972038861,4.047344501507977,0.03927610595015312
page_rank,0.9762662408514361,0.18874423911862762,0.22777457828678338
degree_centrality,0.9727865280623176,0.19969474246968402,0.22696271971794732
katz_centrality,0.6180887415804496,1.1884653559653657,0.14420748825086083
betweenness,0.9245827259162122,0.3679295556057821,0.21571619674479503
closeness,0.8927614211101502,0.43115105027632694,0.20829190613692292
eigenvector_centrality,0.8896121231016768,0.4323495882346317,0.20755713728416217
core,0.616367847417601,1.2162209861719613,0.14380598308165907
