measure,Hyperarea,GD,HyperVolume
two-hop,0.15670306699313194,1.3078560902042071,0.03660961502463609
page_rank,0.9034634436593701,0.17771174156639402,0.21107084561817277
degree_centrality,0.8966350070508504,0.241441028726872,0.2094755581725927
katz_centrality,0.5716609609599203,0.9303325942205658,0.13355378491904984
betweenness,0.8667675684712753,0.30910196582567917,0.20249780432800374
closeness,0.8275291781137312,0.41341768898925246,0.1933307701866806
eigenvector_centrality,0.827435402611394,0.4360021415779929,0.19330886196812958
core,0.543147973250127,0.9939570441870547,0.12689246345746374
