measure,Hyperarea,GD,HyperVolume
two-hop,0.16408594498237086,1.5815571332803147,0.03831877329706302
page_rank,0.950615917727733,0.138803909735649,0.2219960755804046
degree_centrality,0.9436878848105721,0.1679789485316449,0.22037818123378156
katz_centrality,0.5984453081314887,0.9267970999598237,0.13975413979207837
betweenness,0.9093316988814173,0.25597324284305345,0.212355026660046
closeness,0.8675662975642269,0.4043640763080488,0.20260160783489176
eigenvector_centrality,0.8638434721490696,0.40252296578655083,0.20173222134890553
core,0.6219285091959189,0.9062605530186488,0.14523814061843757
