measure,Hyperarea,GD,HyperVolume
two-hop,0.15479197300484424,4.078111718759842,0.03611481673545128
page_rank,0.9092537982622135,0.20254524120382505,0.21213977477517632
degree_centrality,0.9104543800237969,0.19786217501267922,0.21241988484454116
katz_centrality,0.5670681125551995,1.1468071626419754,0.13230376591174
betweenness,0.8742250389853261,0.30990176283637816,0.20396714671703123
closeness,0.8429998505598603,0.3642648212006257,0.19668193718306953
eigenvector_centrality,0.8425312615082631,0.3959084526637203,0.1965726097586937
core,0.5426794294989731,1.0400619497268697,0.12661359476205733
