measure,Hyperarea,GD,HyperVolume
two-hop,0.1681003175765275,1.5473828084063028,0.0394172725847477
page_rank,0.9740275888948029,0.1274579893725619,0.2283964214347924
degree_centrality,0.9692090465368376,0.12649145526483363,0.22726653780147563
katz_centrality,0.6133080659219763,0.888484103953125,0.14381252552878335
betweenness,0.9220846886273348,0.2736077625143919,0.2162165071538271
closeness,0.8905795382652756,0.34420202211790263,0.2088289714397473
eigenvector_centrality,0.8883889817317391,0.3624447376774858,0.208315315277525
core,0.6127388566408707,0.8742035586160385,0.14367905357754274
