measure,Hyperarea,GD,HyperVolume
two-hop,0.15365581408679777,1.5221810074141757,0.035948350716064344
page_rank,0.9074810091001764,0.19006261376761255,0.21230856624060584
degree_centrality,0.9022286591852998,0.21112301585785745,0.211079759391053
katz_centrality,0.5710727632668595,0.9730139865494364,0.1336046026004097
betweenness,0.866997674379343,0.32855503652245843,0.20283733911295376
closeness,0.8335316821536423,0.43311928705746716,0.19500784543098354
eigenvector_centrality,0.831101554293211,0.43626256773331984,0.19443930795564718
core,0.538824532828652,1.0184001222577028,0.12606000882987856
