measure,Hyperarea,GD,HyperVolume
two-hop,0.16137349496830874,1.545178835655662,0.037839922796240065
page_rank,0.9445164682959944,0.15984622023683656,0.22147645898799317
degree_centrality,0.9397400096679883,0.17662167364336068,0.2203564434255944
katz_centrality,0.5932753327853685,0.85872257390558,0.13911511796854067
betweenness,0.9010667165624966,0.28823662386090976,0.21128807426326351
closeness,0.8619321347931767,0.3652966464325339,0.20211153908872925
eigenvector_centrality,0.8575538839564092,0.39324370040213513,0.20108489791894862
core,0.6293014429983281,0.8294340920616715,0.1475627582044725
