measure,Hyperarea,GD,HyperVolume
two-hop,0.1618009903075357,1.5979071879843643,0.03794016472652283
page_rank,0.9443696783675585,0.17974044201575878,0.221442038716186
degree_centrality,0.9400105519250779,0.1868226814145703,0.22041988196067352
katz_centrality,0.5887353323945846,0.9244034338239737,0.13805054869515473
betweenness,0.9064257899955779,0.27929868849948974,0.21254470519269217
closeness,0.8683428430711622,0.37013504116180995,0.20361476430149314
eigenvector_centrality,0.8633723174020391,0.4101215937742586,0.20244924261769195
core,0.615984564313964,0.9000203541233522,0.14444012854709168
