measure,Hyperarea,GD,HyperVolume
two-hop,0.1691263289791647,1.5828010867353197,0.039495847492686774
page_rank,0.9809232060121873,0.12110973290605202,0.22907369645247572
degree_centrality,0.9755759975337434,0.13564384088023748,0.22782496994223353
katz_centrality,0.6190734771108168,0.8990073496441613,0.144571408758883
betweenness,0.9294434736306018,0.24570435341106833,0.21705170276657293
closeness,0.8896009329930474,0.3479618640302613,0.20774732704790005
eigenvector_centrality,0.8894275797710642,0.3820191130053076,0.20770684409968532
core,0.619458291738056,0.9303610321010338,0.144661274008854
