measure,Hyperarea,GD,HyperVolume
two-hop,0.15565358440452223,1.5178310515657172,0.0364157365319446
page_rank,0.9014747327435968,0.23321545132942126,0.21090337548848787
degree_centrality,0.8968522862780327,0.24331595631170896,0.20982193689992612
katz_centrality,0.563603800023787,0.970783761929024,0.13185721079657145
betweenness,0.8641609628982737,0.32910817734098496,0.20217367988334492
closeness,0.835114172953544,0.461454947300657,0.19537807505501636
eigenvector_centrality,0.8333120603224818,0.44690956640153595,0.19495646408457384
core,0.5525620557035148,0.9938670012856249,0.12927395353617235
