measure,Hyperarea,GD,HyperVolume
two-hop,0.16693867937333767,1.5417665862123868,0.0390559265840692
page_rank,0.9435359974007307,0.1582081067660212,0.22074376520912498
degree_centrality,0.9399843285275216,0.16680246689497166,0.21991283903141895
katz_centrality,0.5948217963696594,0.9122497435325183,0.13916077745927063
betweenness,0.8966917091405167,0.3142176472984022,0.20978436927978292
closeness,0.8627249352120423,0.40111031113857903,0.20183771585094282
eigenvector_centrality,0.8616053664646055,0.40474149342925464,0.20157578856740466
core,0.6147297530725748,0.9019033181190317,0.14381831817030655
