measure,Hyperarea,GD,HyperVolume
two-hop,0.15416307433502427,1.3642352299495297,0.035948350716064344
page_rank,0.9104768543577919,0.18661661242906646,0.21230856624060584
degree_centrality,0.9052071649863029,0.19156118881668138,0.211079759391053
katz_centrality,0.5729580320630439,0.9030892836542752,0.1336046026004097
betweenness,0.8698598729764558,0.30623833488069874,0.20283733911295376
closeness,0.8362834002744747,0.425257476351625,0.19500784543098354
eigenvector_centrality,0.8338452498913096,0.4196739700886115,0.19443930795564718
core,0.5406033413162943,0.9799897645360516,0.12606000882987856
