measure,Hyperarea,GD,HyperVolume
two-hop,0.16758611625097822,1.3890152655881502,0.03927610595015312
page_rank,0.971884967522795,0.12380247252199583,0.22777457828678338
degree_centrality,0.9684208709377367,0.14650250013642308,0.22696271971794732
katz_centrality,0.6153148919839931,0.8636637494982902,0.14420748825086083
betweenness,0.9204333971084823,0.2622741928853288,0.21571619674479503
closeness,0.8887548994877921,0.37621159609748994,0.20829190613692292
eigenvector_centrality,0.8856197348527685,0.3825581805596976,0.20755713728416217
core,0.6136017208247492,0.904988860968389,0.14380598308165907
