measure,Hyperarea,GD,HyperVolume
two-hop,0.15587319335451766,1.3002267759498753,0.0364157365319446
page_rank,0.9027466078517905,0.21303453609414294,0.21090337548848787
degree_centrality,0.8981176396564596,0.24250739850033204,0.20982193689992612
katz_centrality,0.5643989788769446,0.9217217188504353,0.13185721079657145
betweenness,0.8653801926539852,0.3138297388892419,0.20217367988334492
closeness,0.8362924210957262,0.4185931225042566,0.19537807505501636
eigenvector_centrality,0.834487765895123,0.423506864577621,0.19495646408457384
core,0.5533416559505929,0.989686728135797,0.12927395353617235
