measure,Hyperarea,GD,HyperVolume
two-hop,0.16154516120486825,1.5336242245779959,0.03779409289514624
page_rank,0.9474645818690656,0.1496168478916214,0.22166287219589742
degree_centrality,0.9419576360313866,0.16177038289941167,0.2203745016807705
katz_centrality,0.5886876141232994,0.9228322757537328,0.13772566264725422
betweenness,0.9035287966689357,0.3147600090971682,0.2113839314037986
closeness,0.8670865159681094,0.38336841081036427,0.20285812393395208
eigenvector_centrality,0.8594609369272821,0.4351946556704271,0.20107409128018033
core,0.6291811295433499,0.905771619154203,0.14719927158745383
