measure,Hyperarea,GD,HyperVolume
two-hop,0.16196925187451053,1.2555039549387295,0.037839922796240065
page_rank,0.9480034238776354,0.1414119370373721,0.22147645898799317
degree_centrality,0.9432093315718348,0.16728480703007595,0.2203564434255944
katz_centrality,0.5954655801791889,0.8734758636246047,0.13911511796854067
betweenness,0.9043932648252462,0.295525714374275,0.21128807426326351
closeness,0.8651142064343783,0.38619808707399605,0.20211153908872925
eigenvector_centrality,0.8607197920189911,0.4093629072480658,0.20108489791894862
core,0.6316246911923554,0.8301314051774706,0.1475627582044725
