measure,Hyperarea,GD,HyperVolume
two-hop,0.1685447419523296,2.0106915228415745,0.03938622119474969
page_rank,0.979212088879566,0.12115119937979217,0.22882626584750843
degree_centrality,0.9764923322212742,0.1430256224867564,0.2281907020435087
katz_centrality,0.6194590282196535,0.9400740669129798,0.14475770661207943
betweenness,0.9285393754364563,0.2744016375238195,0.21698485995676298
closeness,0.8952914611085191,0.3526218449360249,0.20921535203372973
eigenvector_centrality,0.8940284727324934,0.3406323408303168,0.2089202117702701
core,0.6273609403042879,0.9413767031161105,0.14660425758496531
