measure,Hyperarea,GD,HyperVolume
two-hop,0.15586047128131267,1.6279939353844197,0.03639788932344989
page_rank,0.9023770761183044,0.2015778161066526,0.2107309228219327
degree_centrality,0.896644996880373,0.22918742325742492,0.20939231795322993
katz_centrality,0.5629277965069923,0.9924809419382666,0.13145978236761344
betweenness,0.8623659142072867,0.3212110352295495,0.20138716920071248
closeness,0.8369492883741175,0.4218511652428599,0.1954516582501425
eigenvector_centrality,0.8283421097723682,0.45324675731921793,0.19344163523687832
core,0.5537725370210147,1.0372127517938246,0.12932176675173204
