measure,Hyperarea,GD,HyperVolume
two-hop,0.16255723372284261,1.6280306412599015,0.03796177538236153
page_rank,0.9472188165221801,0.14702971456795383,0.22120275503746142
degree_centrality,0.9419540214104801,0.17458981414423141,0.2199732744115468
katz_centrality,0.5904376556194031,0.9462170324945028,0.13788412331208535
betweenness,0.9016132958440839,0.2872762827217586,0.21055255822659963
closeness,0.8659269552568064,0.40047549844443153,0.20221877439817615
eigenvector_centrality,0.8621988870896712,0.42060980099671236,0.20134816357926782
core,0.6288959469512859,0.902542262257868,0.1468652371247105
