measure,Hyperarea,GD,HyperVolume
two-hop,0.16198953050273454,3.892399536116039,0.03779409289514624
page_rank,0.9500708138840523,0.2226422539848305,0.22166287219589742
degree_centrality,0.9445487198510513,0.2487531055730722,0.2203745016807705
katz_centrality,0.5903069427358031,1.2459865901481066,0.13772566264725422
betweenness,0.9060141726095283,0.3695715870783885,0.2113839314037986
closeness,0.8694716485429034,0.43853861889828155,0.20285812393395208
eigenvector_centrality,0.8618250934902976,0.47352660554186515,0.20107409128018033
core,0.6309118454291159,1.1293611862696984,0.14719927158745383
