measure,Hyperarea,GD,HyperVolume
two-hop,0.16978261083966498,3.7028480692568326,0.03942064539910369
page_rank,0.9821426279251511,0.12187257705133164,0.22803687654057525
degree_centrality,0.9783476182801578,0.1174727913425235,0.22715573960457458
katz_centrality,0.6203721554832401,1.0926112068107094,0.14403990276646805
betweenness,0.9290801008271017,0.2788705589255499,0.21571665685277755
closeness,0.8961932428459335,0.3635885768823959,0.20808088567247338
eigenvector_centrality,0.8949015954249725,0.3692509861847622,0.2077809870273144
core,0.5970209291041045,1.2117143373523538,0.13861814367009395
