measure,Hyperarea,GD,HyperVolume
two-hop,0.1624908272571915,1.3635010929653577,0.03796177538236153
page_rank,0.9468318669391753,0.15286644790671491,0.22120275503746142
degree_centrality,0.9415692225557311,0.18907921830076235,0.2199732744115468
katz_centrality,0.5901964551695734,0.9487789718738712,0.13788412331208535
betweenness,0.9012449766312758,0.30991147238932576,0.21055255822659963
closeness,0.8655732143171156,0.4089762141226837,0.20221877439817615
eigenvector_centrality,0.861846669107926,0.4495402381363133,0.20134816357926782
core,0.6286390358551575,0.9058434560410706,0.1468652371247105
