measure,Hyperarea,GD,HyperVolume
two-hop,0.16843402049257192,1.2858862712469414,0.03927610595015312
page_rank,0.9768022327756611,0.10621423150591762,0.22777457828678338
degree_centrality,0.9733206095466692,0.13073844695802062,0.22696271971794732
katz_centrality,0.6184280860748906,0.8160294189561124,0.14420748825086083
betweenness,0.9250903424388698,0.2532073383657292,0.21571619674479503
closeness,0.8932515670272696,0.33129849946382667,0.20829190613692292
eigenvector_centrality,0.8901005399840012,0.34402586669807095,0.20755713728416217
core,0.6167062471027932,0.8704735607922941,0.14380598308165907
