measure,Hyperarea,GD,HyperVolume
two-hop,0.16286706644659954,1.5926978533209304,0.038103357556074184
page_rank,0.9485526391952601,0.14684299971307027,0.22191742726492417
degree_centrality,0.9461961295004949,0.17842887773444488,0.2213661130339809
katz_centrality,0.5988332215853399,0.9108403429597326,0.1400992653478128
betweenness,0.9031083231455133,0.32340502677146427,0.21128556005497173
closeness,0.8661971923901466,0.37456340447637615,0.20265006336643843
eigenvector_centrality,0.8611203516785062,0.41455337768396106,0.20146231754948843
core,0.6211176459635444,0.9099636383240493,0.14531278953376248
