measure,Hyperarea,GD,HyperVolume
two-hop,0.1660812815245064,1.3515598420389854,0.03892342728275169
page_rank,0.9725439388813507,0.14498552000031018,0.22792901726702677
degree_centrality,0.9673485994281165,0.15013465868123171,0.22671141817602183
katz_centrality,0.6169494839297489,0.849847822584007,0.1445905773031223
betweenness,0.9222894360056532,0.2699520310950161,0.21615118492880256
closeness,0.8870678207216665,0.371031235804659,0.20789651607808673
eigenvector_centrality,0.8820416427555663,0.3738875870989824,0.20671856230281555
core,0.6216278416260796,0.8334765650621585,0.14568701462540393
