measure,Hyperarea,GD,HyperVolume
two-hop,0.16786740599588248,1.3436835111366086,0.0394172725847477
page_rank,0.9726780238934277,0.1312635282377271,0.2283964214347924
degree_centrality,0.9678661578721475,0.13168891607070837,0.22726653780147563
katz_centrality,0.6124582962539851,0.8737667986972085,0.14381252552878335
betweenness,0.9208070931687838,0.2566539194320814,0.2162165071538271
closeness,0.8893455948025987,0.3425894704295535,0.2088289714397473
eigenvector_centrality,0.8871580733970862,0.356018361567257,0.208315315277525
core,0.6118898756414275,0.9069068122564881,0.14367905357754274
