measure,Hyperarea,GD,HyperVolume
two-hop,0.15464831783526492,1.4511817379898577,0.03611481673545128
page_rank,0.9084099624608836,0.17839771172500105,0.21213977477517632
degree_centrality,0.9096094300188476,0.17835990563712614,0.21241988484454116
katz_centrality,0.5665418432384464,0.8707883454611958,0.13230376591174
betweenness,0.873413711732446,0.2529238557248965,0.20396714671703123
closeness,0.8422175019397306,0.34971805306429044,0.19668193718306953
eigenvector_centrality,0.8417493477636527,0.3651101748118334,0.1965726097586937
core,0.5421757941750055,0.93077225096274,0.12661359476205733
