measure,Hyperarea,GD,HyperVolume
two-hop,0.1690538721789235,1.3016405754039873,0.03942064539910369
page_rank,0.9779270884197114,0.11113065790468139,0.22803687654057525
degree_centrality,0.9741483676645669,0.14157502117075402,0.22715573960457458
katz_centrality,0.6177094023808326,0.8546146153212268,0.14403990276646805
betweenness,0.9250923155936794,0.25308961554993353,0.21571665685277755
closeness,0.892346614146285,0.342561911259653,0.20808088567247338
eigenvector_centrality,0.8910605107171796,0.3606242647990486,0.2077809870273144
core,0.5944584038245232,0.8880930303022138,0.13861814367009395
