measure,Hyperarea,GD,HyperVolume
page_rank,0.9765637684456717,0.677275673064953,0.5859408067803401
