measure,Hyperarea,GD,HyperVolume
two-hop,0.15657561951316765,3.796857794639396,0.0365309627766088
page_rank,0.9049443881084566,0.2117042954684897,0.21113433789805897
degree_centrality,0.9011172591422019,0.23312493266739912,0.21024142298421586
katz_centrality,0.5692965371705304,1.2098832090479552,0.13282368399941064
betweenness,0.8706080845861336,0.34942963188274506,0.20312326804082084
closeness,0.8389058906874107,0.4256346921175002,0.19572676743075182
eigenvector_centrality,0.8377304682957828,0.47309623907514886,0.1954525273429983
core,0.5580241955325843,1.2507467352868882,0.13019371201487445
