measure,Hyperarea,GD,HyperVolume
two-hop,0.16936585380340924,1.978460937374397,0.03957810195363685
page_rank,0.9703817553590677,0.13403852040350683,0.22676275757526504
degree_centrality,0.9678338454927187,0.14357210605321202,0.22616735162893958
katz_centrality,0.6218284777028174,0.9225063132450606,0.145311409209815
betweenness,0.9190404128899275,0.29005605169698245,0.21476510373272106
closeness,0.8870458105640615,0.35443365906920765,0.20728847485870358
eigenvector_centrality,0.8829062241292956,0.3665215406458898,0.20632111945451906
core,0.6176400606389063,0.9872325068037787,0.14433264286549485
