measure,Hyperarea,GD,HyperVolume
two-hop,0.15338701066188076,1.4449624588633962,0.035948350716064344
page_rank,0.9058934739669112,0.19212837877178554,0.21230856624060584
degree_centrality,0.9006503124426879,0.2198882373411742,0.211079759391053
katz_centrality,0.5700737362169866,0.9817896866244631,0.1336046026004097
betweenness,0.865480960250084,0.3273151620955759,0.20283733911295376
closeness,0.8320735129833357,0.4427353360443488,0.19500784543098354
eigenvector_centrality,0.8296476363560631,0.4230559826627194,0.19443930795564718
core,0.5378819204015567,1.0480505607764439,0.12606000882987856
