measure,Hyperarea,GD,HyperVolume
two-hop,0.17010650223362564,3.7418875489173686,0.039495847492686774
page_rank,0.986608155818741,0.16933495148941766,0.22907369645247572
degree_centrality,0.9812299575425035,0.1832445572320918,0.22782496994223353
katz_centrality,0.6226613233584872,1.1825269883138723,0.144571408758883
betweenness,0.9348300721565959,0.314623457429817,0.21705170276657293
closeness,0.8947566236943497,0.4125716500109061,0.20774732704790005
eigenvector_centrality,0.8945822658021133,0.4158206540967665,0.20770684409968532
core,0.6230483681825728,1.2228507799786104,0.144661274008854
