measure,Hyperarea,GD,HyperVolume
two-hop,0.15699909709549975,1.5725067818097096,0.036663791101013504
page_rank,0.9098422104519542,0.17167000718048728,0.21247424575062096
degree_centrality,0.9076525924894026,0.19101916565786964,0.21196290716934754
katz_centrality,0.5641284652950672,0.9647146198713208,0.13174017295865426
betweenness,0.8721812720919146,0.28379178027953145,0.20367933672091665
closeness,0.8393527814285964,0.3994992077437212,0.19601294279822207
eigenvector_centrality,0.8365518945100665,0.40978652415849176,0.1953588553876679
core,0.547704130191802,1.0204332702143644,0.12790461974631404
