measure,Hyperarea,GD,HyperVolume
two-hop,0.1695698830799753,1.3377423019677284,0.039540970846194935
page_rank,0.9757823478431688,0.1125377100713366,0.2275367575154903
degree_centrality,0.9709662985675727,0.12420228807112114,0.22641373224389552
katz_centrality,0.6212427829782878,0.8671299007374612,0.14486383032161412
betweenness,0.9230572059718201,0.26187333792458584,0.21524210200397342
closeness,0.8896780993444975,0.3500691632932658,0.20745863091789318
eigenvector_centrality,0.8873847425465943,0.3753651972961577,0.20692385697903845
core,0.6190856075913794,0.8888188282169618,0.14436081169864529
