measure,Hyperarea,GD,HyperVolume
two-hop,0.16793947963907876,1.3033845020713677,0.03923471196191617
page_rank,0.9756715623719735,0.1266738122926432,0.22794040330103224
degree_centrality,0.9703352352327889,0.15200503354292177,0.2266937086066672
katz_centrality,0.6207533874863104,0.86944598356598,0.14502295951941133
betweenness,0.9230293125427907,0.2674759645963689,0.21564190438038533
closeness,0.8931064267356625,0.3560043043484926,0.20865119672644308
eigenvector_centrality,0.8901230045493013,0.38676724893887493,0.2079541973645644
core,0.6142116077699641,0.8644011573607189,0.1434946420359896
