measure,Hyperarea,GD,HyperVolume
two-hop,0.16796789470255427,1.5863311695063833,0.03938622119474969
page_rank,0.9758607188286588,0.13711203391303048,0.22882626584750843
degree_centrality,0.9731502705838495,0.1418597527046494,0.2281907020435087
katz_centrality,0.6173389191457196,0.9014511330527164,0.14475770661207943
betweenness,0.9253614336103024,0.2654597113183964,0.21698485995676298
closeness,0.8922273108353896,0.3573016756227823,0.20921535203372973
eigenvector_centrality,0.8909686450585904,0.3666616149778159,0.2089202117702701
core,0.6252137868016687,0.871059089405281,0.14660425758496531
