measure,Hyperarea,GD,HyperVolume
two-hop,0.15671385632212095,1.5148245930741502,0.036663791101013504
page_rank,0.9081891812271802,0.19778673593621202,0.21247424575062096
degree_centrality,0.9060035414296792,0.20390216555683152,0.21196290716934754
katz_centrality,0.5631035394024815,1.0064276466604842,0.13174017295865426
betweenness,0.8705966664146816,0.30890150756859447,0.20367933672091665
closeness,0.8378278195597603,0.4287725954779128,0.19601294279822207
eigenvector_centrality,0.8350320213784624,0.4337679866691162,0.1953588553876679
core,0.5467090445348212,1.024957252988056,0.12790461974631404
