measure,Hyperarea,GD,HyperVolume
two-hop,0.16835047396979777,1.5388677706197147,0.03938622119474969
page_rank,0.978083429778286,0.12784783148661596,0.22882626584750843
degree_centrality,0.9753668079649787,0.14336695439465366,0.2281907020435087
katz_centrality,0.6187450275674862,0.8952275909708151,0.14475770661207943
betweenness,0.9274691227007262,0.26484633638366917,0.21698485995676298
closeness,0.8942595305723728,0.35830284967470594,0.20921535203372973
eigenvector_centrality,0.8929979979415749,0.37834896199247764,0.2089202117702701
core,0.6266378317529298,0.8802568714231945,0.14660425758496531
