measure,Hyperarea,GD,HyperVolume
two-hop,0.16331507196668216,3.9924051043639284,0.038103357556074184
page_rank,0.9511618641768358,0.2089878387770121,0.22191742726492417
degree_centrality,0.9487988723284074,0.2183965657318241,0.2213661130339809
katz_centrality,0.6004804581613549,1.2796658713667686,0.1400992653478128
betweenness,0.9055925424713056,0.3396604031003964,0.21128556005497173
closeness,0.8685798786639126,0.43199416820765135,0.20265006336643843
eigenvector_centrality,0.8634890728658184,0.4528724075161315,0.20146231754948843
core,0.6228261812744792,1.1904743102730388,0.14531278953376248
