measure,Hyperarea,GD,HyperVolume
two-hop,0.16503690664325146,3.6792811613214145,0.03831877329706302
page_rank,0.9561252213556521,0.16734616104631309,0.2219960755804046
degree_centrality,0.9491570369575691,0.18323458330602418,0.22037818123378156
katz_centrality,0.6019136036288761,1.15229615409555,0.13975413979207837
betweenness,0.9146017394248201,0.3227543555495927,0.212355026660046
closeness,0.872594286325509,0.42669790486911785,0.20260160783489176
eigenvector_centrality,0.8688498852401118,0.446280726270467,0.20173222134890553
core,0.625532901809299,1.1203637244376692,0.14523814061843757
