measure,Hyperarea,GD,HyperVolume
two-hop,0.16947683651960413,3.899012839059954,0.039540970846194935
page_rank,0.9752469155512511,0.15782756772288778,0.2275367575154903
degree_centrality,0.9704335089431589,0.17303808873520887,0.22641373224389552
katz_centrality,0.6209018940004717,1.1324436609869313,0.14486383032161412
betweenness,0.9225507050738924,0.3097791186710463,0.21524210200397342
closeness,0.8891899142642345,0.39178325181216533,0.20745863091789318
eigenvector_centrality,0.8868978158794284,0.406753564116843,0.20692385697903845
core,0.6187459023010566,1.1582082259801014,0.14436081169864529
