measure,Hyperarea,GD,HyperVolume
page_rank,0.9765114429331271,0.6904546555552022,0.5859408067803401
