measure,Hyperarea,GD,HyperVolume
two-hop,0.15487695724786496,1.267090628565624,0.03611481673545128
page_rank,0.909752998861954,0.1865023026995354,0.21213977477517632
degree_centrality,0.9109542397696818,0.20176731577936188,0.21241988484454116
katz_centrality,0.5673794455872114,0.8696439881737996,0.13230376591174
betweenness,0.8747050080155394,0.2811074617599399,0.20396714671703123
closeness,0.8434626762657138,0.39544666425808433,0.19668193718306953
eigenvector_centrality,0.8429938299482839,0.378557715577879,0.1965726097586937
core,0.5429773726004378,0.892970506420192,0.12661359476205733
