measure,Hyperarea,GD,HyperVolume
two-hop,0.1670834822856677,1.3712543430420283,0.03923319793137549
page_rank,0.9733684678385913,0.12740091676238768,0.2285585459224471
degree_centrality,0.967925182151388,0.14564700789551477,0.22728039740745537
katz_centrality,0.6136678222531202,0.8916689191890873,0.14409653668463226
betweenness,0.9223000227960224,0.26849198612322733,0.21656706486762264
closeness,0.8894019227111903,0.36824190415774744,0.20884219790568279
eigenvector_centrality,0.8841479133114798,0.3907041852911075,0.2076084937244417
core,0.6157625058865933,0.9140765583954968,0.14458839342876664
