measure,Hyperarea,GD,HyperVolume
two-hop,0.16976808430866985,3.6749170501885566,0.0394172725847477
page_rank,0.9836911685498981,0.12518551533645378,0.2283964214347924
degree_centrality,0.9788248201868169,0.13674486489246493,0.22726653780147563
katz_centrality,0.6193928538845783,1.0840443393711683,0.14381252552878335
betweenness,0.931232929333129,0.2680332957271203,0.2162165071538271
closeness,0.899415208225086,0.355753883416349,0.2088289714397473
eigenvector_centrality,0.8972029186135626,0.36308631628550103,0.208315315277525
core,0.6188179973309611,1.1272646479621082,0.14367905357754274
