measure,Hyperarea,GD,HyperVolume
two-hop,0.15632628639363985,1.9644274978202938,0.0365309627766088
page_rank,0.9035033425102479,0.22153932193602927,0.21113433789805897
degree_centrality,0.8996823079155624,0.21646595802865098,0.21024142298421586
katz_centrality,0.5683899817183442,0.9964572078691963,0.13282368399941064
betweenness,0.8692217165788352,0.35815054548947667,0.20312326804082084
closeness,0.8375700056794785,0.43176365746550316,0.19572676743075182
eigenvector_centrality,0.8363964550462545,0.4610368117239771,0.1954525273429983
core,0.5571355903086246,0.9874875579254753,0.13019371201487445
