measure,Hyperarea,GD,HyperVolume
two-hop,0.16316172366424891,1.6044802248206305,0.03825923847016586
page_rank,0.9436316478110764,0.17244375971236311,0.22126898043741455
degree_centrality,0.9373779317472835,0.18947420688673533,0.21980256779579702
katz_centrality,0.5903775873449495,0.9186494249923467,0.1384356354812205
betweenness,0.9048537435420989,0.2808090117804409,0.21217608135862678
closeness,0.8601618173978194,0.40194827305884434,0.20169642337484878
eigenvector_centrality,0.8566181079456444,0.42048585230202723,0.20086547098016375
core,0.6204586998659624,0.8948085359637086,0.14548925339811372
