measure,Hyperarea,GD,HyperVolume
two-hop,0.1623983254363617,1.3310435450308131,0.03794016472652283
page_rank,0.9478560920317448,0.15957414082992843,0.221442038716186
degree_centrality,0.9434808726138743,0.17453271206677845,0.22041988196067352
katz_centrality,0.5909088190645483,0.9119238144577237,0.13805054869515473
betweenness,0.9097721228270959,0.2680949373923457,0.21254470519269217
closeness,0.8715485816951667,0.3891535908691034,0.20361476430149314
eigenvector_centrality,0.8665597058936665,0.43128481560130105,0.20244924261769195
core,0.6182586494007113,0.8946694010300369,0.14444012854709168
