measure,Hyperarea,GD,HyperVolume
two-hop,0.16244913682466522,2.0435277462288495,0.03796177538236153
page_rank,0.9465889373490646,0.14968914116310633,0.22120275503746142
degree_centrality,0.9413276432075034,0.17889234927982842,0.2199732744115468
katz_centrality,0.590045027880373,0.974354715277912,0.13788412331208535
betweenness,0.9010137433147735,0.3074499195629146,0.21055255822659963
closeness,0.8653511333400097,0.3988760384189561,0.20221877439817615
eigenvector_centrality,0.8616255442542161,0.4108912141668259,0.20134816357926782
core,0.6284777453149462,0.941787133917423,0.1468652371247105
