measure,Hyperarea,GD,HyperVolume
two-hop,0.15790898686178492,3.6066346208183218,0.036663791101013504
page_rank,0.9151152096700386,0.1820033810535077,0.21247424575062096
degree_centrality,0.912912901755678,0.1958049604078156,0.21196290716934754
katz_centrality,0.5673978772021301,1.1961486458872046,0.13174017295865426
betweenness,0.877236006982137,0.3029029332777013,0.20367933672091665
closeness,0.8442172584877244,0.4176625189856276,0.19601294279822207
eigenvector_centrality,0.8414001390023147,0.4373709513705845,0.1953588553876679
core,0.5508783547079501,1.1343187940167592,0.12790461974631404
