measure,Hyperarea,GD,HyperVolume
two-hop,0.16749829327219395,1.5194087474597646,0.03927610595015312
page_rank,0.9713756542527406,0.1373300136404184,0.22777457828678338
degree_centrality,0.9679133730166366,0.15327357890158552,0.22696271971794732
katz_centrality,0.6149924381440616,0.8731244079620353,0.14420748825086083
betweenness,0.9199510468725861,0.2652674154382701,0.21571619674479503
closeness,0.8882891502692516,0.3430124152572422,0.20829190613692292
eigenvector_centrality,0.8851556286074252,0.36817939947622674,0.20755713728416217
core,0.6132801647667923,0.8666314421793028,0.14380598308165907
