measure,Hyperarea,GD,HyperVolume
two-hop,0.1637220652207767,2.0088834475637514,0.03825923847016586
page_rank,0.9468723345018556,0.15233974934003175,0.22126898043741455
degree_centrality,0.9405971414830846,0.18675942786249566,0.21980256779579702
katz_centrality,0.5924051039021582,0.9769393988827665,0.1384356354812205
betweenness,0.9079612564054081,0.2912752765629589,0.21217608135862678
closeness,0.8631158460805408,0.407842096826684,0.20169642337484878
eigenvector_centrality,0.8595599665701823,0.4252919383364688,0.20086547098016375
core,0.62258952311198,0.9560367832349417,0.14548925339811372
