measure,Hyperarea,GD,HyperVolume
two-hop,0.16848319846239984,1.5059859894432306,0.0394172725847477
page_rank,0.9762461245375472,0.13232105982784761,0.2283964214347924
degree_centrality,0.9714166070202649,0.12045441002581801,0.22726653780147563
katz_centrality,0.614704993298309,0.8843702132187533,0.14381252552878335
betweenness,0.924184914299248,0.27584644600201547,0.2162165071538271
closeness,0.8926080048825119,0.35480684180779304,0.2088289714397473
eigenvector_centrality,0.8904124589340938,0.3620418920961454,0.208315315277525
core,0.6141344875333125,0.883913587761587,0.14367905357754274
