measure,Hyperarea,GD,HyperVolume
page_rank,0.7887475993209369,1.2812170697403742,0.17349889229068238
