measure,Hyperarea,GD,HyperVolume
page_rank,0.9434321741446116,0.3276613363776055,0.24687013901717553
