measure,Hyperarea,GD,HyperVolume
page_rank,0.9409161213894969,0.48696705010823416,0.20729796395097203
