measure,Hyperarea,GD,HyperVolume
page_rank,0.8846071493092171,0.2888412957985927,0.23154229785622835
