measure,Hyperarea,GD,HyperVolume
page_rank,0.8897418904492423,0.3023401647718705,0.23308333971265105
