measure,Hyperarea,GD,HyperVolume
page_rank,0.8731730154258277,0.8128530647921369,0.1932470219281981
