measure,Hyperarea,GD,HyperVolume
page_rank,0.8800567119255935,0.8857779861538114,0.1935839358541647
