measure,Hyperarea,GD,HyperVolume
page_rank,0.7812317285570527,1.1267483391842796,0.17316353002870924
