measure,Hyperarea,GD,HyperVolume
page_rank,0.8999926088746111,0.30612621534042384,0.23308333971265105
