measure,Hyperarea,GD,HyperVolume
page_rank,0.951959397245328,0.15444422852279607,0.24654188644753294
