measure,Hyperarea,GD,HyperVolume
page_rank,0.7335419223611572,0.7538046558571172,0.19194765804167627
