measure,Hyperarea,GD,HyperVolume
page_rank,0.865896601787948,0.7964822398502555,0.19192988037289438
