measure,Hyperarea,GD,HyperVolume
page_rank,0.8688665737790822,0.7987831795367095,0.19238288374805013
