measure,Hyperarea,GD,HyperVolume
page_rank,0.7320973399293028,0.6033954563534996,0.19265436420968962
