measure,Hyperarea,GD,HyperVolume
page_rank,0.7424454247232527,0.6035395653067839,0.1943320487602961
