measure,Hyperarea,GD,HyperVolume
page_rank,0.9505823647201872,0.4633002168016124,0.2084678613027835
