measure,Hyperarea,GD,HyperVolume
page_rank,0.7438011628775434,0.5797041837085595,0.1946869076688873
