measure,Hyperarea,GD,HyperVolume
page_rank,0.7263415207404748,0.6397838297666862,0.19113969720320018
