measure,Hyperarea,GD,HyperVolume
page_rank,0.9415118063747094,0.40783719606286195,0.2084678613027835
