measure,Hyperarea,GD,HyperVolume
page_rank,0.7330472009735163,0.5864897575019634,0.19162250880002057
