measure,Hyperarea,GD,HyperVolume
page_rank,0.9595223964665126,0.537473653065874,0.20862420577494048
