measure,Hyperarea,GD,HyperVolume
page_rank,0.8741245965389522,0.8154109896671332,0.192582787118576
