measure,Hyperarea,GD,HyperVolume
page_rank,0.9336578223878628,0.44412613110967103,0.20569885158528722
