measure,Hyperarea,GD,HyperVolume
page_rank,0.8688422073980372,0.7926569622720698,0.192582787118576
