measure,Hyperarea,GD,HyperVolume
page_rank,0.9328323552851565,0.5206682444848146,0.20627418086122162
