measure,Hyperarea,GD,HyperVolume
page_rank,0.839164496933041,1.0302755372239487,0.18245538335726913
