measure,Hyperarea,GD,HyperVolume
page_rank,0.7948403234152192,1.1296856531402488,0.17511527006975386
