measure,Hyperarea,GD,HyperVolume
page_rank,0.8922464131221598,0.29910622833258405,0.23347871607482643
