measure,Hyperarea,GD,HyperVolume
page_rank,0.7266352352073316,0.6419485221769168,0.19019379641526651
