measure,Hyperarea,GD,HyperVolume
page_rank,0.890101210107841,0.3045891515861008,0.23210362319272398
