measure,Hyperarea,GD,HyperVolume
page_rank,0.9551419597224885,0.21392997284751883,0.24736611798422115
