measure,Hyperarea,GD,HyperVolume
page_rank,0.8910643859439719,0.3113017254096279,0.23316940893290902
