measure,Hyperarea,GD,HyperVolume
page_rank,0.9432937856651439,0.17745581108863664,0.24736611798422115
