measure,Hyperarea,GD,HyperVolume
page_rank,0.8675873767402833,1.0044369059005485,0.19184677123247046
