measure,Hyperarea,GD,HyperVolume
page_rank,0.9520943269858954,0.15818052972469543,0.24888261398312841
