measure,Hyperarea,GD,HyperVolume
page_rank,0.7948490833751866,1.228448406766102,0.17484102090781284
