measure,Hyperarea,GD,HyperVolume
page_rank,0.8875265480242046,0.279602133609468,0.23308333971265105
