measure,Hyperarea,GD,HyperVolume
page_rank,0.9015192551124771,0.28531868581903413,0.23347871607482643
