measure,Hyperarea,GD,HyperVolume
page_rank,0.9462262327755915,0.4382782975522398,0.2084678613027835
