measure,Hyperarea,GD,HyperVolume
page_rank,0.8765828332189763,0.926475530388878,0.19281979519868864
