measure,Hyperarea,GD,HyperVolume
page_rank,0.8579925839693233,0.7704948820504534,0.18988735194443895
