measure,Hyperarea,GD,HyperVolume
page_rank,0.9273523582385768,0.47524681172590777,0.20627418086122162
