measure,Hyperarea,GD,HyperVolume
page_rank,0.8885814154705275,0.3022204590079818,0.23227999490265774
