measure,Hyperarea,GD,HyperVolume
page_rank,0.8733462462786464,1.0095297529601892,0.18988735194443895
