measure,Hyperarea,GD,HyperVolume
page_rank,0.9446995838547868,0.17843071424553622,0.24727124645145673
