measure,Hyperarea,GD,HyperVolume
page_rank,0.9336443412809298,0.5898925292387108,0.20645373268015238
