measure,Hyperarea,GD,HyperVolume
page_rank,0.9443956534320458,0.1770704404883077,0.24687013901717553
