measure,Hyperarea,GD,HyperVolume
page_rank,0.9431399312890903,0.16726783258922043,0.24654188644753294
