measure,Hyperarea,GD,HyperVolume
page_rank,0.8038704635752381,1.3859912440154363,0.17478157636226704
