measure,Hyperarea,GD,HyperVolume
page_rank,0.8903478930368657,0.9713235545980535,0.1935839358541647
