measure,Hyperarea,GD,HyperVolume
page_rank,0.9314213357860672,0.501973575939722,0.20645373268015238
