measure,Hyperarea,GD,HyperVolume
page_rank,0.9414334385058486,0.2931370614341116,0.24634712511270765
