measure,Hyperarea,GD,HyperVolume
page_rank,0.7794706782392323,1.124759813859759,0.17342795122136814
