measure,Hyperarea,GD,HyperVolume
page_rank,0.9526054752024881,0.15636811410445353,0.2484022937581852
