measure,Hyperarea,GD,HyperVolume
page_rank,0.9449132285677815,0.16565126370733038,0.2463964563386505
