measure,Hyperarea,GD,HyperVolume
page_rank,0.8906191364228804,0.27092155223999886,0.2335528991363397
