measure,Hyperarea,GD,HyperVolume
page_rank,0.7827447240450209,1.10398101726579,0.17349889229068238
