measure,Hyperarea,GD,HyperVolume
page_rank,0.9392201227883384,0.4408778140357296,0.2079604408192603
