measure,Hyperarea,GD,HyperVolume
page_rank,0.7960958542636966,1.280179514748498,0.17511527006975386
