measure,Hyperarea,GD,HyperVolume
page_rank,0.8700118348014815,0.9367730975860656,0.19238288374805013
