measure,Hyperarea,GD,HyperVolume
page_rank,0.9416219613702573,0.35075505223779835,0.2463964563386505
