measure,Hyperarea,GD,HyperVolume
page_rank,0.9591428914888355,0.18749662463806563,0.2484022937581852
