measure,Hyperarea,GD,HyperVolume
page_rank,0.7384726348870785,0.6154639233456629,0.1943320487602961
