measure,Hyperarea,GD,HyperVolume
page_rank,0.7322993409084229,0.7076166223563418,0.19162250880002057
