measure,Hyperarea,GD,HyperVolume
page_rank,0.850681421298863,0.8435395209505449,0.18826927581526534
