measure,Hyperarea,GD,HyperVolume
page_rank,0.891952921955366,0.3077767493712999,0.23340191672904645
