measure,Hyperarea,GD,HyperVolume
page_rank,0.8534473362961982,0.7750928766775187,0.18988735194443895
