measure,Hyperarea,GD,HyperVolume
page_rank,0.9568319447751574,0.5351654382687868,0.20803923417933018
