measure,Hyperarea,GD,HyperVolume
page_rank,0.7426540447451498,0.7732691244791137,0.1943320487602961
