measure,Hyperarea,GD,HyperVolume
page_rank,0.8461749047823197,0.8597679336465548,0.18826927581526534
