measure,Hyperarea,GD,HyperVolume
page_rank,0.9439009520915934,0.18262650496796765,0.24727124645145673
