measure,Hyperarea,GD,HyperVolume
page_rank,0.7348589592036389,0.589637081288351,0.19162250880002057
