measure,Hyperarea,GD,HyperVolume
page_rank,0.8860567718407543,0.30662108724483333,0.23316940893290902
