measure,Hyperarea,GD,HyperVolume
page_rank,0.9416119724751026,0.22132790063278504,0.2463964563386505
