measure,Hyperarea,GD,HyperVolume
page_rank,0.9400050588409048,0.17657325085924885,0.24736611798422115
