measure,Hyperarea,GD,HyperVolume
page_rank,0.7440022712551613,0.5722808374718086,0.1946869076688873
