measure,Hyperarea,GD,HyperVolume
page_rank,0.9476864692431614,0.20744047682043007,0.24888261398312841
