measure,Hyperarea,GD,HyperVolume
page_rank,0.9509285320358899,0.30811593794295006,0.24883172880122154
