measure,Hyperarea,GD,HyperVolume
page_rank,0.7950428348552433,1.461071357749915,0.17286222873956752
