measure,Hyperarea,GD,HyperVolume
page_rank,0.9350308403236969,0.4465422024196238,0.20803923417933018
