measure,Hyperarea,GD,HyperVolume
page_rank,0.9512073754060433,0.20738027251339436,0.24634712511270765
