measure,Hyperarea,GD,HyperVolume
page_rank,0.8772372653610016,0.9031099856072252,0.19238288374805013
