measure,Hyperarea,GD,HyperVolume
page_rank,0.900324943490115,0.2739080847123286,0.23316940893290902
