measure,Hyperarea,GD,HyperVolume
page_rank,0.8771395284217822,0.8282477210832521,0.1932470219281981
