measure,Hyperarea,GD,HyperVolume
page_rank,0.719409886017704,0.5910723113127341,0.18931560960225605
