measure,Hyperarea,GD,HyperVolume
page_rank,0.8657995927794934,0.8163853870694031,0.192582787118576
