measure,Hyperarea,GD,HyperVolume
page_rank,0.7782822390924216,1.1237339836625477,0.17316353002870924
