measure,Hyperarea,GD,HyperVolume
page_rank,0.8742909338262919,0.7742663127109648,0.1935839358541647
