measure,Hyperarea,GD,HyperVolume
page_rank,0.8848463286994973,0.2900421181161674,0.23154229785622835
