measure,Hyperarea,GD,HyperVolume
page_rank,0.94927734460398,0.19370411125920442,0.2484022937581852
