measure,Hyperarea,GD,HyperVolume
page_rank,0.945772300658805,0.4716635198689302,0.20803923417933018
