measure,Hyperarea,GD,HyperVolume
page_rank,0.940508128975912,0.42211440650370613,0.2084678613027835
