measure,Hyperarea,GD,HyperVolume
page_rank,0.8922886497662142,0.26817602590946366,0.2335528991363397
