measure,Hyperarea,GD,HyperVolume
page_rank,0.9377566533333738,0.47354288100395064,0.20660188564992724
