measure,Hyperarea,GD,HyperVolume
page_rank,0.8718389198605447,0.8124532095565833,0.1932470219281981
