measure,Hyperarea,GD,HyperVolume
page_rank,0.8626274656135242,0.8151179536835578,0.19192988037289438
