measure,Hyperarea,GD,HyperVolume
page_rank,0.8664453072116165,0.8441510687029459,0.19184677123247046
