measure,Hyperarea,GD,HyperVolume
page_rank,0.7334341872644004,0.5879517926736937,0.19261540987995118
