measure,Hyperarea,GD,HyperVolume
page_rank,0.799077098530392,1.302029051012987,0.17524193581657635
