measure,Hyperarea,GD,HyperVolume
page_rank,0.8281567670185043,0.8655556886682142,0.18245538335726913
