measure,Hyperarea,GD,HyperVolume
page_rank,0.9372145461392182,0.44373712651466024,0.2084678613027835
