measure,Hyperarea,GD,HyperVolume
page_rank,0.7830962793877223,1.3097512820531487,0.17316353002870924
