measure,Hyperarea,GD,HyperVolume
page_rank,0.8876748782730154,0.4784912566819095,0.23227999490265774
