measure,Hyperarea,GD,HyperVolume
page_rank,0.9392379350096306,0.47381655343692297,0.20660188564992724
