measure,Hyperarea,GD,HyperVolume
page_rank,0.8820067265250157,0.3246168773927643,0.23210362319272398
