measure,Hyperarea,GD,HyperVolume
page_rank,0.8950800752882275,0.2736229367378417,0.23340191672904645
