measure,Hyperarea,GD,HyperVolume
page_rank,0.784613870297568,1.1555285614579283,0.17286222873956752
