measure,Hyperarea,GD,HyperVolume
page_rank,0.8911099210342956,0.5021685526332496,0.23317885070517058
