measure,Hyperarea,GD,HyperVolume
page_rank,0.8649008818438687,0.8258336830893954,0.19238288374805013
