measure,Hyperarea,GD,HyperVolume
page_rank,0.7904135595533321,1.2821168563623355,0.17478157636226704
