measure,Hyperarea,GD,HyperVolume
page_rank,0.9511129037721152,0.18438998927634667,0.24888261398312841
