measure,Hyperarea,GD,HyperVolume
page_rank,0.9454140962185517,0.517694652342524,0.2079604408192603
