measure,Hyperarea,GD,HyperVolume
page_rank,0.9452478072290945,0.5181642270176827,0.20729796395097203
