measure,Hyperarea,GD,HyperVolume
page_rank,0.8679632206529033,0.9299987251899241,0.19192988037289438
