measure,Hyperarea,GD,HyperVolume
page_rank,0.7232801232454537,0.6037183198862823,0.18931560960225605
