measure,Hyperarea,GD,HyperVolume
page_rank,0.8202695525113867,0.8601581124341503,0.18245538335726913
