measure,Hyperarea,GD,HyperVolume
page_rank,0.9439425846318732,0.19694044953488116,0.2484022937581852
