measure,Hyperarea,GD,HyperVolume
page_rank,0.9294357279932123,0.42956737673066275,0.20569885158528722
