measure,Hyperarea,GD,HyperVolume
page_rank,0.9422179112173328,0.4154648415818655,0.20862420577494048
