measure,Hyperarea,GD,HyperVolume
page_rank,0.8514088930244831,0.9439228595224551,0.18826927581526534
