measure,Hyperarea,GD,HyperVolume
page_rank,0.7360937845308015,0.7736771862918917,0.19261540987995118
