measure,Hyperarea,GD,HyperVolume
page_rank,0.7876236189433387,1.1281727779790485,0.17524193581657635
