measure,Hyperarea,GD,HyperVolume
page_rank,0.7906823852260306,1.2637868663283371,0.17484102090781284
