measure,Hyperarea,GD,HyperVolume
page_rank,0.7855545366901193,1.1456056390409235,0.17478157636226704
