measure,Hyperarea,GD,HyperVolume
page_rank,0.7234756831603998,0.5871028406172403,0.18931560960225605
