measure,Hyperarea,GD,HyperVolume
page_rank,0.8857297039985118,0.2784691315074872,0.23308333971265105
