measure,Hyperarea,GD,HyperVolume
page_rank,0.7346586752509962,0.604427423786804,0.19265436420968962
