measure,Hyperarea,GD,HyperVolume
page_rank,0.8732172441440567,0.8324900929638316,0.19238288374805013
