measure,Hyperarea,GD,HyperVolume
page_rank,0.8891927585359859,0.30586581791714185,0.23317885070517058
