measure,Hyperarea,GD,HyperVolume
page_rank,0.8628643024402479,0.8111187466852727,0.19192988037289438
