measure,Hyperarea,GD,HyperVolume
page_rank,0.8912511485212887,0.3029216404548929,0.23347871607482643
