measure,Hyperarea,GD,HyperVolume
page_rank,0.7398211185515703,0.5811068224894533,0.1946869076688873
