measure,Hyperarea,GD,HyperVolume
page_rank,0.8874255202390113,0.30004259151040513,0.23227999490265774
