measure,Hyperarea,GD,HyperVolume
page_rank,0.9352875557030914,0.43653643733052855,0.20803923417933018
