measure,Hyperarea,GD,HyperVolume
page_rank,0.7918183059135234,1.1218204332256996,0.17524193581657635
