measure,Hyperarea,GD,HyperVolume
page_rank,0.7858217097721276,1.0720061212994014,0.17484102090781284
