measure,Hyperarea,GD,HyperVolume
page_rank,0.9547756371943068,0.19324349772840937,0.24727124645145673
