measure,Hyperarea,GD,HyperVolume
page_rank,0.7798724000258451,1.1494343155941589,0.17286222873956752
