measure,Hyperarea,GD,HyperVolume
page_rank,0.9469358732927431,0.44103654802441916,0.20862420577494048
