measure,Hyperarea,GD,HyperVolume
page_rank,0.7335825161919246,0.6054981482874869,0.19265436420968962
