measure,Hyperarea,GD,HyperVolume
page_rank,0.8876654616582228,0.34381308949928757,0.23227999490265774
