measure,Hyperarea,GD,HyperVolume
page_rank,0.9482686029723542,0.5012548460981584,0.2079604408192603
