measure,Hyperarea,GD,HyperVolume
page_rank,0.7309945429676454,0.5958188679176194,0.18931560960225605
