measure,Hyperarea,GD,HyperVolume
page_rank,0.8685473488516027,0.8340072544122182,0.1932470219281981
