measure,Hyperarea,GD,HyperVolume
page_rank,0.8765945447879477,0.2900945442908947,0.22944503144354259
