measure,Hyperarea,GD,HyperVolume
page_rank,0.8054052163845019,1.4350160415668212,0.17511527006975386
