measure,Hyperarea,GD,HyperVolume
page_rank,0.8848239108562772,0.9840730356120196,0.19238288374805013
