measure,Hyperarea,GD,HyperVolume
page_rank,0.9400234378067692,0.19547088775173588,0.24687013901717553
