measure,Hyperarea,GD,HyperVolume
page_rank,0.7935955188217264,1.0736210415495349,0.17484102090781284
