measure,Hyperarea,GD,HyperVolume
page_rank,0.9400105813932812,0.418682747819136,0.20803923417933018
