measure,Hyperarea,GD,HyperVolume
page_rank,0.7824271762031535,1.1137872187237265,0.17316353002870924
