measure,Hyperarea,GD,HyperVolume
page_rank,0.9370841936765782,0.5147430123251728,0.20645373268015238
