measure,Hyperarea,GD,HyperVolume
page_rank,0.8719876765469124,0.9607214842848483,0.19281979519868864
