measure,Hyperarea,GD,HyperVolume
page_rank,0.7839424868900934,1.1106767211613677,0.17349889229068238
