measure,Hyperarea,GD,HyperVolume
page_rank,0.7912240842243352,1.1186303049834705,0.1743185582222377
