measure,Hyperarea,GD,HyperVolume
page_rank,0.9455744617708574,0.18700958903179188,0.24883172880122154
