measure,Hyperarea,GD,HyperVolume
page_rank,0.9349333222843995,0.4773469924532189,0.2079604408192603
