measure,Hyperarea,GD,HyperVolume
page_rank,0.8872321562487212,0.29383939048931285,0.23347871607482643
