measure,Hyperarea,GD,HyperVolume
page_rank,0.8967346281766279,0.24452756934215006,0.2000524274432241
