measure,Hyperarea,GD,HyperVolume
page_rank,0.6844528302358461,0.6218666270704264,0.1520887514202752
