measure,Hyperarea,GD,HyperVolume
page_rank,0.8920732043798668,0.24345407306081437,0.1988260776557393
