measure,Hyperarea,GD,HyperVolume
page_rank,0.6933382766558542,0.6239698864035479,0.1540631408772742
