measure,Hyperarea,GD,HyperVolume
page_rank,0.6885516046399289,0.6273040192497288,0.15341522885718695
