measure,Hyperarea,GD,HyperVolume
two-hop,0.3452464991789869,1.4116455758587512,0.018068029429505254
page_rank,0.9370073214780769,0.1532678780753011,0.04903706742975775
degree_centrality,0.9259107594562982,0.183802823553442,0.04845634319460226
katz_centrality,0.8310690843993797,0.4226771013809049,0.04349292667873024
betweenness,0.9226486729705393,0.18992004640888863,0.048285626113425635
closeness,0.8481622540817257,0.3902293683454015,0.0443874756273759
eigenvector_centrality,0.8053806810233585,0.4945853814559579,0.04214855728092694
core,0.7981289195663459,0.49916687598161263,0.04176904571532775
