measure,Hyperarea,GD,HyperVolume
two-hop,0.2984790549798153,1.4883742469005683,0.01571251876166029
page_rank,0.8569887889863751,0.3515187971444902,0.045113558894079024
degree_centrality,0.842841254875903,0.3889544020547374,0.04436880514525382
katz_centrality,0.7800461379179093,0.5365134416933212,0.04106314789097897
betweenness,0.8615834350309547,0.3365467663048651,0.04535543001024001
closeness,0.8036234517459774,0.4997719636345059,0.04230430360925248
eigenvector_centrality,0.7570845656825407,0.6000320530844554,0.039854406009342265
core,0.7489988520013283,0.6201120322057018,0.039428758293705894
