measure,Hyperarea,GD,HyperVolume
two-hop,0.34322494256142844,1.41097433842945,0.018068029429505254
page_rank,0.9315207680852423,0.16935976494399874,0.04903706742975775
degree_centrality,0.920489180881284,0.20058718840080872,0.04845634319460226
katz_centrality,0.8262028418416388,0.4362585182935087,0.04349292667873024
betweenness,0.9172461952192497,0.2054046212051302,0.048285626113425635
closeness,0.8431959241650441,0.40532672432658656,0.0443874756273759
eigenvector_centrality,0.8006648543625574,0.50633623893939,0.04214855728092694
core,0.793455554875173,0.5115414757801554,0.04176904571532775
