measure,Hyperarea,GD,HyperVolume
two-hop,0.3559190920210388,1.4248400255620308,0.018736274179747228
page_rank,0.9252884745697854,0.19117903157519284,0.04870898736130399
degree_centrality,0.9150058631017045,0.221924727854648,0.048167690667564426
katz_centrality,0.8230962213251476,0.44961739666774714,0.04332938812439507
betweenness,0.9136320858513919,0.21963470775752408,0.04809537235758673
closeness,0.8401217461624167,0.4218808992686829,0.04422564491015444
eigenvector_centrality,0.7965950842250291,0.5254212820751237,0.04193431665474336
core,0.7876679303125738,0.5261704613537488,0.041464373886574354
