measure,Hyperarea,GD,HyperVolume
page_rank,0.8427868886416797,0.356015031831379,0.18805353210172676
