measure,Hyperarea,GD,HyperVolume
two-hop,0.26588743389785385,1.6585313903528727,0.013889481546942726
page_rank,0.8104019318749264,0.4025888016523847,0.04233394001879673
degree_centrality,0.7920074418720553,0.4485686141026082,0.04137304492979282
katz_centrality,0.7360057005229736,0.5750070387218966,0.03844761463900461
betweenness,0.8197520027608952,0.3720808293972937,0.042822370912763544
closeness,0.7667223942411311,0.5047724774817333,0.04005219949781874
eigenvector_centrality,0.7183099869892908,0.6224981641213773,0.03752322237652373
core,0.6962059196846235,0.7081446399208439,0.036368545638177
