measure,Hyperarea,GD,HyperVolume
two-hop,0.36146891571956624,1.5420741859665006,0.018736274179747228
page_rank,0.939716438731478,0.16967824360195796,0.04870898736130399
degree_centrality,0.9292734911586823,0.19822159179679502,0.048167690667564426
katz_centrality,0.8359307082006331,0.43345548845592086,0.04332938812439507
betweenness,0.9278782926873359,0.19938170836747482,0.04809537235758673
closeness,0.853221710960666,0.39961767383739605,0.04422564491015444
eigenvector_centrality,0.8090163405601662,0.5073005526550559,0.04193431665474336
core,0.7999499861061989,0.5093250769756706,0.041464373886574354
