measure,Hyperarea,GD,HyperVolume
page_rank,0.843106436310108,0.34266668620136004,0.18751097644797932
