measure,Hyperarea,GD,HyperVolume
page_rank,0.9042571477137695,0.23317187279830923,0.2006136816339127
