measure,Hyperarea,GD,HyperVolume
page_rank,0.8455630189364092,0.3593915333679877,0.18805353210172676
