measure,Hyperarea,GD,HyperVolume
page_rank,0.692186799992832,0.6309882404256173,0.15441987543660313
