measure,Hyperarea,GD,HyperVolume
two-hop,0.2686775856310041,1.6946891229764365,0.013989146291854283
page_rank,0.8176686143572169,0.41253807587939073,0.04257327918753244
degree_centrality,0.8007183264010806,0.45992171511742086,0.041690734194616275
katz_centrality,0.739308109967491,0.6034283630925271,0.03849330892564071
betweenness,0.8250345534970465,0.38152067989373756,0.042956799085412896
closeness,0.7715880351333266,0.5433658220081543,0.040174017029275214
eigenvector_centrality,0.726759348330017,0.649705933963279,0.03783993673638289
core,0.7001224021699989,0.7324755826239834,0.036453039739651284
