measure,Hyperarea,GD,HyperVolume
page_rank,0.9035818439022267,0.23820704768561812,0.20078028517723628
