measure,Hyperarea,GD,HyperVolume
page_rank,0.6867150514655551,0.6258772105557663,0.15341522885718695
