measure,Hyperarea,GD,HyperVolume
page_rank,0.8405892415386746,0.349611270645,0.18694736214563262
