measure,Hyperarea,GD,HyperVolume
two-hop,0.2696717075533322,1.8040680684081396,0.014057067008935458
page_rank,0.8175010090007873,0.42668475331809763,0.04261354135981708
degree_centrality,0.7990933712832803,0.4753138843841989,0.0416540139432451
katz_centrality,0.7417749549616168,0.6191187393163918,0.03866620025529885
betweenness,0.8278453189817603,0.3932636774041742,0.04315275498323725
closeness,0.7705606750561065,0.5543252475429198,0.04016670173519057
eigenvector_centrality,0.7267273342686267,0.6581932898322352,0.037881819074471516
core,0.7009766223438278,0.7537492792348878,0.03653952222643045
