measure,Hyperarea,GD,HyperVolume
page_rank,0.8342741597553881,0.3751357393101651,0.18594377463563805
