measure,Hyperarea,GD,HyperVolume
two-hop,0.3015036587537584,1.627542863675072,0.01571251876166029
page_rank,0.8656729880353515,0.337968058627145,0.045113558894079024
degree_centrality,0.8513820914867164,0.37520704922194364,0.04436880514525382
katz_centrality,0.7879506473072057,0.532949761682092,0.04106314789097897
betweenness,0.8703141934064049,0.32292111897294845,0.04535543001024001
closeness,0.8117668791805907,0.4899335847239657,0.04230430360925248
eigenvector_centrality,0.7647563965743677,0.5944621206039163,0.039854406009342265
core,0.7565887472272949,0.6305221225934694,0.039428758293705894
