measure,Hyperarea,GD,HyperVolume
two-hop,0.309118637852285,1.6168201417732084,0.016109364698621106
page_rank,0.8724530736998458,0.3212505404066413,0.04546689531344247
degree_centrality,0.8570912229316067,0.36102877348257223,0.04466633000883727
katz_centrality,0.7912165361630048,0.5312136090700833,0.04123334595800194
betweenness,0.8737448133919301,0.31483598074658325,0.04553421285191264
closeness,0.8131421956958443,0.4863829739610725,0.042375976658390484
eigenvector_centrality,0.7688355107989326,0.5918910924423892,0.04006698438749315
core,0.7651941991601511,0.6087710930105918,0.0398772215909888
