measure,Hyperarea,GD,HyperVolume
two-hop,0.2626710576319265,1.598056409434911,0.013793968915260418
page_rank,0.8087079446356507,0.39039126619524356,0.04246867679445637
degree_centrality,0.791370958860317,0.4352570792941096,0.04155823829763358
katz_centrality,0.7346732449942196,0.5773070463721509,0.03858080138590807
betweenness,0.8173575056526492,0.3739641526164815,0.04292290185021533
closeness,0.7621380136176444,0.5162179391908096,0.04002309262298532
eigenvector_centrality,0.72152003568888,0.6067146618438847,0.03789007069814418
core,0.6867660627940833,0.7136702967146326,0.03606499249533589
