measure,Hyperarea,GD,HyperVolume
page_rank,0.9021778025669894,0.23957830539948594,0.20155057582516245
