measure,Hyperarea,GD,HyperVolume
two-hop,0.2721697774916976,1.657743384203946,0.014170973081401056
page_rank,0.8170467430106185,0.4076123830703568,0.04254090041941955
degree_centrality,0.7997071540273687,0.45005249988418805,0.041638085819691674
katz_centrality,0.737102834149195,0.5995282299710559,0.03837848756470143
betweenness,0.824619388872284,0.3758964562847019,0.0429351828472836
closeness,0.7698859544661663,0.5243072883056485,0.0400853953625384
eigenvector_centrality,0.7254096591808255,0.6344763448756698,0.03776966292134832
core,0.6932051695081329,0.7370491885662454,0.03609288249239013
