measure,Hyperarea,GD,HyperVolume
two-hop,0.3078200524244323,1.4913844986594427,0.016109364698621106
page_rank,0.8687879603444573,0.31901292098989736,0.04546689531344247
degree_centrality,0.8534906436194938,0.35838284547838356,0.04466633000883727
katz_centrality,0.787892691728143,0.5225096689464419,0.04123334595800194
betweenness,0.870074273529902,0.31242417639464365,0.04553421285191264
closeness,0.8097262431235915,0.482593651744672,0.042375976658390484
eigenvector_centrality,0.7656056874609549,0.58691854328648,0.04006698438749315
core,0.7619796727135716,0.5859431837293834,0.0398772215909888
