measure,Hyperarea,GD,HyperVolume
page_rank,0.8398283442649478,0.35302077349463223,0.18694736214563262
