measure,Hyperarea,GD,HyperVolume
page_rank,0.681063273352226,0.6646924008972179,0.15196766331411576
