measure,Hyperarea,GD,HyperVolume
page_rank,0.8965615322709595,0.24541316575117267,0.2000524274432241
