measure,Hyperarea,GD,HyperVolume
page_rank,0.840572254818942,0.35181247298330226,0.18694736214563262
