measure,Hyperarea,GD,HyperVolume
two-hop,0.26768109172371796,1.6034634392243527,0.014057067008935458
page_rank,0.8114665218682402,0.3992685797312563,0.04261354135981708
degree_centrality,0.793194762457578,0.4473756936283734,0.0416540139432451
katz_centrality,0.736299449278226,0.5894897477076471,0.03866620025529885
betweenness,0.8217344740162712,0.3802656258000828,0.04315275498323725
closeness,0.7648726839377147,0.5326907522645555,0.04016670173519057
eigenvector_centrality,0.7213629045012868,0.6218990273348787,0.037881819074471516
core,0.6958022747146789,0.7095372668739115,0.03653952222643045
