measure,Hyperarea,GD,HyperVolume
two-hop,0.27116328728009526,1.6873925003979016,0.014170973081401056
page_rank,0.8140252850190646,0.418978511119807,0.04254090041941955
degree_centrality,0.7967498182419821,0.4612306172845997,0.041638085819691674
katz_centrality,0.7343770106049621,0.6088459264715873,0.03837848756470143
betweenness,0.8215699270589761,0.3859112457201944,0.0429351828472836
closeness,0.7670388981751938,0.5335145232806197,0.0400853953625384
eigenvector_centrality,0.7227270772714892,0.6442915159800484,0.03776966292134832
core,0.6906416805558617,0.7451104919595305,0.03609288249239013
