measure,Hyperarea,GD,HyperVolume
page_rank,0.8989939790690535,0.23179705892035174,0.20059518649441005
