measure,Hyperarea,GD,HyperVolume
page_rank,0.6949437075407517,0.6205544923217582,0.15441987543660313
