measure,Hyperarea,GD,HyperVolume
page_rank,0.8486821255145384,0.3337601806956911,0.1887472225729074
