measure,Hyperarea,GD,HyperVolume
page_rank,0.8413629198453836,0.35813096692912194,0.18752372385641544
