measure,Hyperarea,GD,HyperVolume
page_rank,0.9034151159502205,0.24153647507523765,0.20128867006129975
