measure,Hyperarea,GD,HyperVolume
page_rank,0.6960406437654136,0.6337313013563871,0.15441987543660313
