measure,Hyperarea,GD,HyperVolume
page_rank,0.9008411496427791,0.2616479572177541,0.20078028517723628
