measure,Hyperarea,GD,HyperVolume
two-hop,0.2692835886556007,1.6981700579713102,0.013957966867258623
page_rank,0.8216881417087566,0.3912713418509983,0.042591143093604907
degree_centrality,0.8046894797786474,0.43764082297006035,0.04171003941702086
katz_centrality,0.7416948006659064,0.5926712663165739,0.038444791622831015
betweenness,0.8303657457788446,0.363847794454334,0.043040935487943445
closeness,0.7741020096162203,0.5288812067822258,0.04012457742428706
eigenvector_centrality,0.7307240023282264,0.6297639962896731,0.03787613446674803
core,0.7022707352391491,0.7362609111183931,0.03640129613264318
