measure,Hyperarea,GD,HyperVolume
two-hop,0.2992904126015585,1.6353789919237902,0.01563439310412546
page_rank,0.8759262060899311,0.3073896334245979,0.04575681030734055
degree_centrality,0.8624055628004355,0.3463994404061125,0.04505051620867175
katz_centrality,0.7889532066676953,0.5277122411514439,0.04121349717347697
betweenness,0.8758459162775427,0.3013669173465068,0.04575261611188262
closeness,0.8121146693192915,0.4846230771268333,0.042423410343811814
eigenvector_centrality,0.7693226160665767,0.5845433918605787,0.04018803041142393
core,0.7602062314991057,0.6120318454071034,0.039711806870625206
