measure,Hyperarea,GD,HyperVolume
page_rank,0.8360598198399071,0.37990315531333185,0.18594377463563805
