measure,Hyperarea,GD,HyperVolume
page_rank,0.6816540306360245,0.6264605993324567,0.15228457405770876
