measure,Hyperarea,GD,HyperVolume
two-hop,0.3056808856796053,1.7244813980639981,0.015934102736747606
page_rank,0.8757508572402876,0.3076435480090184,0.04564990741909691
degree_centrality,0.86372896067187,0.3403627498672997,0.045023246924490466
katz_centrality,0.7931048258035956,0.524454414180455,0.041341851477787586
betweenness,0.8784774063747105,0.30256699778044194,0.045792033132741376
closeness,0.8125604169327418,0.4836721592532531,0.0423560051340319
eigenvector_centrality,0.768160749393052,0.5860801150073078,0.040041601789897456
core,0.7635956229467795,0.6133315921506051,0.03980363730729847
