measure,Hyperarea,GD,HyperVolume
two-hop,0.3850507602728878,1.5118677868232726,0.019958608621245915
page_rank,0.9385330029996969,0.1715860524516337,0.04864764549930564
degree_centrality,0.9265767975368513,0.20353593694345973,0.04802791103816857
katz_centrality,0.8346476154351843,0.42870894016779115,0.043262880668826886
betweenness,0.9263498122361353,0.1989759545819585,0.04801614554840158
closeness,0.8507148595903432,0.39681373996364955,0.04409570550856373
eigenvector_centrality,0.8052221341072727,0.5039238901465687,0.04173764886588394
core,0.803751025797654,0.5062543191842317,0.041661395867525146
