measure,Hyperarea,GD,HyperVolume
two-hop,0.3002370633118847,1.4892679465028857,0.01571251876166029
page_rank,0.8620363573379635,0.33488309528752197,0.045113558894079024
degree_centrality,0.8478054958300426,0.372697848818979,0.04436880514525382
katz_centrality,0.7846405226393129,0.5230067794019678,0.04106314789097897
betweenness,0.866658065335114,0.3201051858353317,0.04535543001024001
closeness,0.8083567042152716,0.48655210697252926,0.04230430360925248
eigenvector_centrality,0.7615437093053354,0.588809761395494,0.039854406009342265
core,0.7534103716726762,0.6075127973896456,0.039428758293705894
