measure,Hyperarea,GD,HyperVolume
page_rank,0.8978666652211691,0.24264052641774897,0.2000524274432241
