measure,Hyperarea,GD,HyperVolume
two-hop,0.30623247176991075,1.6296544964874917,0.01599359298068426
page_rank,0.881204145392675,0.2860508835664964,0.046022619197912715
degree_centrality,0.8663684856517022,0.3239968805356475,0.04524779769669935
katz_centrality,0.7951479855464436,0.5048825225088404,0.04152816703839302
betweenness,0.8806951085894145,0.28376224308727294,0.045996033749947374
closeness,0.8152973422222263,0.4708629061000337,0.042580506810307325
eigenvector_centrality,0.7737389625431099,0.5637355319189653,0.040410038715650375
core,0.7601739811380948,0.60337830793843,0.03970158088905721
