measure,Hyperarea,GD,HyperVolume
two-hop,0.27127604840503605,1.6724978384992377,0.014170973081401056
page_rank,0.8143637910454139,0.4069171570280805,0.04254090041941955
degree_centrality,0.7970811404010492,0.45024529214986014,0.041638085819691674
katz_centrality,0.7346823955214716,0.6024301819376517,0.03837848756470143
betweenness,0.8219115704655079,0.37660440647903626,0.0429351828472836
closeness,0.7673578652813207,0.5254899541035871,0.0400853953625384
eigenvector_centrality,0.7230276176546501,0.6368088336508737,0.03776966292134832
core,0.6909288784786028,0.7400606134910988,0.03609288249239013
