measure,Hyperarea,GD,HyperVolume
page_rank,0.8978400672649101,0.25032899635192496,0.20058150626323837
