measure,Hyperarea,GD,HyperVolume
page_rank,0.838788913128295,0.35000917168057194,0.18712532438384602
