measure,Hyperarea,GD,HyperVolume
two-hop,0.26985014319172124,1.581683458846867,0.014170973081401056
page_rank,0.8100832598963731,0.3969170955455719,0.04254090041941955
degree_centrality,0.7928914518523728,0.43851165301809,0.041638085819691674
katz_centrality,0.7308206927870653,0.5877345714619155,0.03837848756470143
betweenness,0.8175913660091945,0.37947475677634507,0.0429351828472836
closeness,0.7633244108461947,0.5186683569099236,0.0400853953625384
eigenvector_centrality,0.7192271757968234,0.6172232123498477,0.03776966292134832
core,0.687297156859076,0.7147130269991072,0.03609288249239013
