measure,Hyperarea,GD,HyperVolume
two-hop,0.2874638291352735,1.6566894859653294,0.014980849079100566
page_rank,0.8691326109281121,0.3260654358182829,0.04529385318913156
degree_centrality,0.855317738894053,0.36494410981499326,0.044573906914110166
katz_centrality,0.7904588267999674,0.5237718124797445,0.04119385880009539
betweenness,0.8729465941677428,0.31460845518213676,0.04549261456886758
closeness,0.8104291116728473,0.48904037122296834,0.04223458738374782
eigenvector_centrality,0.7669822855895144,0.5908111575644707,0.03997040567268443
core,0.7603764192448162,0.6268289365338741,0.03962614849415758
