measure,Hyperarea,GD,HyperVolume
two-hop,0.3060327030105173,1.6022420354242561,0.015934102736747606
page_rank,0.876758785257943,0.2998827227062039,0.04564990741909691
degree_centrality,0.8647230523269614,0.333028125532316,0.045023246924490466
katz_centrality,0.7940176340164067,0.5120790932592079,0.041341851477787586
betweenness,0.8794884724598214,0.29501145939731144,0.045792033132741376
closeness,0.813495617170907,0.47702678006638355,0.0423560051340319
eigenvector_centrality,0.7690448487176206,0.5756956933806936,0.040041601789897456
core,0.764474468129932,0.5932174450813354,0.03980363730729847
