measure,Hyperarea,GD,HyperVolume
two-hop,0.3587471283502223,1.5597143929208677,0.018736274179747228
page_rank,0.9326405651985834,0.1766111652684965,0.04870898736130399
degree_centrality,0.9222762508956659,0.2086157609696399,0.048167690667564426
katz_centrality,0.8296363200962009,0.44269401526737895,0.04332938812439507
betweenness,0.9208915579848584,0.2054668309787579,0.04809537235758673
closeness,0.8467971251245096,0.40973811053661485,0.04422564491015444
eigenvector_centrality,0.8029246121664643,0.5148568329589102,0.04193431665474336
core,0.7939265255163542,0.5184542483673151,0.041464373886574354
