measure,Hyperarea,GD,HyperVolume
page_rank,0.8947872232845544,0.2357305462124024,0.1988260776557393
