measure,Hyperarea,GD,HyperVolume
page_rank,0.8471271329581369,0.3374911268423789,0.1887472225729074
