measure,Hyperarea,GD,HyperVolume
page_rank,0.8405175977773941,0.3455187540435508,0.18751097644797932
