measure,Hyperarea,GD,HyperVolume
page_rank,0.6847316439024707,0.609967677880289,0.15228457405770876
