measure,Hyperarea,GD,HyperVolume
page_rank,0.8376076985446004,0.36067169093286866,0.18712532438384602
