measure,Hyperarea,GD,HyperVolume
page_rank,0.6891910972019527,0.6186691406096263,0.15341522885718695
