measure,Hyperarea,GD,HyperVolume
page_rank,0.6820547034852791,0.6655701216356619,0.15196766331411576
