measure,Hyperarea,GD,HyperVolume
page_rank,0.6864158688315095,0.625910027435708,0.15228457405770876
