measure,Hyperarea,GD,HyperVolume
page_rank,0.9050081056925963,0.2330603931193249,0.20078028517723628
