measure,Hyperarea,GD,HyperVolume
two-hop,0.30493545335087957,1.581599198028914,0.015876972604469134
page_rank,0.865912238993867,0.3147260292689751,0.04508516391028069
degree_centrality,0.8534607352600525,0.35092945619539667,0.04443685561587341
katz_centrality,0.7863366169864674,0.5157440145000557,0.04094192652442875
betweenness,0.8692819828844408,0.3063672868513543,0.04526061524218323
closeness,0.8075424770526575,0.47469172188671876,0.04204604497187504
eigenvector_centrality,0.7615718181187755,0.5787635104946494,0.03965250599671759
core,0.7548102385146361,0.5930801358060414,0.03930045308532873
