measure,Hyperarea,GD,HyperVolume
page_rank,0.6958655188203081,0.6149653330821372,0.1547607520094264
