measure,Hyperarea,GD,HyperVolume
page_rank,0.6855332071000599,0.6255010027819294,0.1520887514202752
