measure,Hyperarea,GD,HyperVolume
two-hop,0.3008506883928759,1.631875894420994,0.01571251876166029
page_rank,0.8637981888845216,0.33704076376652453,0.045113558894079024
degree_centrality,0.8495382423147864,0.37485396539843996,0.04436880514525382
katz_centrality,0.7862441724317216,0.5305350749067501,0.04106314789097897
betweenness,0.8684293427372664,0.3219041769096471,0.04535543001024001
closeness,0.810008825184689,0.48849814778978995,0.04230430360925248
eigenvector_centrality,0.7631001537867264,0.5923436875281928,0.039854406009342265
core,0.7549501932231455,0.6294858311969979,0.039428758293705894
