measure,Hyperarea,GD,HyperVolume
page_rank,0.89982352340809,0.27274460521644495,0.20078028517723628
