measure,Hyperarea,GD,HyperVolume
two-hop,0.271416865702004,1.6666717585337991,0.01417527949613545
page_rank,0.8150627998724327,0.40462471176590936,0.04256825737491058
degree_centrality,0.7984995977393903,0.4479125255530345,0.041703211575418356
katz_centrality,0.7395497651729495,0.5924611956350819,0.03862444065704386
betweenness,0.8238865073406316,0.3785904948758812,0.043029092847423865
closeness,0.7703859402759159,0.524045408420083,0.040234920534724855
eigenvector_centrality,0.724507294542379,0.6280564355504893,0.03783881805047063
core,0.6949724836768463,0.7377816528079241,0.03629630447895187
