measure,Hyperarea,GD,HyperVolume
page_rank,0.6945905235429349,0.6133260454182918,0.1547607520094264
