measure,Hyperarea,GD,HyperVolume
page_rank,0.6943328029984897,0.6123965631017149,0.15441987543660313
