measure,Hyperarea,GD,HyperVolume
page_rank,0.9018755175765867,0.24490875705372248,0.20058150626323837
