measure,Hyperarea,GD,HyperVolume
two-hop,0.3657118156193598,1.5103739733026813,0.018956199413654277
page_rank,0.9344365103102606,0.1672174409532321,0.048435309093969606
degree_centrality,0.9174355480820222,0.21186672654570868,0.047554086184404334
katz_centrality,0.8276056586467988,0.4384474394258852,0.042897869937858574
betweenness,0.9201403604031335,0.1998065609690269,0.04769428663608692
closeness,0.8455972374989081,0.3980987228781192,0.04383044018011195
eigenvector_centrality,0.8009956069176943,0.506001393297982,0.04151857229025515
core,0.8022762640733592,0.4920983098938197,0.041584953499137316
