measure,Hyperarea,GD,HyperVolume
page_rank,0.903450075469124,0.23929938792651173,0.20155057582516245
