measure,Hyperarea,GD,HyperVolume
page_rank,0.8396548509779546,0.3545881156093536,0.1873185063614302
