measure,Hyperarea,GD,HyperVolume
page_rank,0.9057813126874428,0.24483734084071776,0.2014461031856247
