measure,Hyperarea,GD,HyperVolume
page_rank,0.901221895563613,0.24483922157956736,0.2006136816339127
