measure,Hyperarea,GD,HyperVolume
two-hop,0.2990549498036315,1.5172307033045613,0.015650654378655895
page_rank,0.8731856557880058,0.30404338496012007,0.04569704302206511
degree_centrality,0.8578674321181654,0.3445982632389445,0.04489538357951438
katz_centrality,0.7913310130377046,0.5118578687789973,0.04141328606096312
betweenness,0.8747641971356573,0.2963699659647527,0.0457796539438062
closeness,0.8106765039739146,0.48446366100837385,0.04242570733212699
eigenvector_centrality,0.7654482822894295,0.5894343480932357,0.040058746791230074
core,0.758726699511477,0.5929514385218001,0.039706981441737156
