measure,Hyperarea,GD,HyperVolume
two-hop,0.2999312361724912,1.7418221614636427,0.01563439310412546
page_rank,0.87780168935176,0.3155745417842948,0.04575681030734055
degree_centrality,0.8642520964315736,0.353876513790662,0.04505051620867175
katz_centrality,0.790642468300906,0.541071290683487,0.04121349717347697
betweenness,0.877721227627402,0.30907616994866427,0.04575261611188262
closeness,0.8138535229560528,0.49042772346849206,0.042423410343811814
eigenvector_centrality,0.7709698457981999,0.593297437802748,0.04018803041142393
core,0.7618339417477566,0.6304717244837366,0.039711806870625206
