measure,Hyperarea,GD,HyperVolume
page_rank,0.9019370280607703,0.22686463447590965,0.20059518649441005
