measure,Hyperarea,GD,HyperVolume
page_rank,0.8394927731320545,0.35989859696851934,0.1873185063614302
