measure,Hyperarea,GD,HyperVolume
page_rank,0.8431234742418935,0.34671724208467464,0.18751097644797932
