measure,Hyperarea,GD,HyperVolume
page_rank,0.6824835509539537,0.6528732900466128,0.15228457405770876
