measure,Hyperarea,GD,HyperVolume
two-hop,0.30381841326769043,1.492443093186983,0.01599359298068426
page_rank,0.8742575327520165,0.30005418078213014,0.046022619197912715
degree_centrality,0.8595388238697386,0.33689956877206517,0.04524779769669935
katz_centrality,0.7888797614618533,0.5117683490731326,0.04152816703839302
betweenness,0.8737525087322983,0.2976006854356084,0.045996033749947374
closeness,0.8088702789214147,0.48384274137147903,0.042580506810307325
eigenvector_centrality,0.7676395077392779,0.5714572678483791,0.040410038715650375
core,0.7541814603197541,0.6017244300024327,0.03970158088905721
