measure,Hyperarea,GD,HyperVolume
two-hop,0.36013680958056793,1.5431638970580748,0.018820722692140444
page_rank,0.9299314856959133,0.16375211143186882,0.04859814978467925
degree_centrality,0.9182480003397072,0.1978493243507784,0.047987571715131364
katz_centrality,0.8238168389173824,0.4408044980979862,0.04305260629269591
betweenness,0.9155279378567146,0.2049316860962103,0.04784542145352017
closeness,0.8417411347100828,0.4049451417730806,0.043989328648178554
eigenvector_centrality,0.7980783441341319,0.5092045223751341,0.04170751448330037
core,0.7908243297151369,0.520729921539195,0.041328420233135564
