measure,Hyperarea,GD,HyperVolume
page_rank,0.6857923559822282,0.6259496636116909,0.15252355903435313
