measure,Hyperarea,GD,HyperVolume
two-hop,0.3640755329126941,1.5167174907384489,0.018956199413654277
page_rank,0.9302556164014647,0.176424107658075,0.048435309093969606
degree_centrality,0.9133307205711458,0.22416883988230876,0.047554086184404334
katz_centrality,0.8239027516874244,0.4496350349713552,0.042897869937858574
betweenness,0.9160234309107601,0.2113662065469751,0.04769428663608692
closeness,0.8418138318843523,0.4105325999617338,0.04383044018011195
eigenvector_centrality,0.7974117597360142,0.5165879711666185,0.04151857229025515
core,0.7986866869232517,0.5029010959244832,0.041584953499137316
