measure,Hyperarea,GD,HyperVolume
page_rank,0.8272142972719998,0.37745997908141216,0.18480339182763122
