measure,Hyperarea,GD,HyperVolume
page_rank,0.6919411532887719,0.6124235599440967,0.15375269326263521
