measure,Hyperarea,GD,HyperVolume
page_rank,0.8393339487939523,0.3525685099186497,0.18751097644797932
