measure,Hyperarea,GD,HyperVolume
two-hop,0.2720059525001555,1.6619357153498426,0.01417527949613545
page_rank,0.8168318230826426,0.40375490731810787,0.04256825737491058
degree_centrality,0.8002326719539972,0.44910565810251146,0.041703211575418356
katz_centrality,0.7411548938819287,0.5939133862171481,0.03862444065704386
betweenness,0.8256746816436331,0.37826817978483734,0.043029092847423865
closeness,0.7720579962320713,0.5249654582794279,0.040234920534724855
eigenvector_centrality,0.7260797748717628,0.6298014537185604,0.03783881805047063
core,0.696480861257413,0.7388131041476609,0.03629630447895187
