measure,Hyperarea,GD,HyperVolume
page_rank,0.8415786664897819,0.3475444050250898,0.18751097644797932
