measure,Hyperarea,GD,HyperVolume
page_rank,0.693060616030167,0.6323319765713562,0.15441987543660313
