measure,Hyperarea,GD,HyperVolume
page_rank,0.6969259037391432,0.6252217253831672,0.15486032908302824
