measure,Hyperarea,GD,HyperVolume
two-hop,0.2654022065993736,1.4920491524581199,0.013889481546942726
page_rank,0.8089230009817954,0.39271098882046535,0.04233394001879673
degree_centrality,0.790562079728527,0.43776235070606334,0.04137304492979282
katz_centrality,0.7346625379203061,0.5665047785027273,0.03844761463900461
betweenness,0.8182560085956491,0.3681032278089685,0.042822370912763544
closeness,0.765323175667361,0.49715738432182005,0.04005219949781874
eigenvector_centrality,0.7169991179145526,0.6080873324913934,0.03752322237652373
core,0.6949353890971407,0.6767835117468474,0.036368545638177
