measure,Hyperarea,GD,HyperVolume
page_rank,0.8429991083320857,0.34542846690913326,0.1873185063614302
