measure,Hyperarea,GD,HyperVolume
two-hop,0.30838283106282327,1.6215204512241437,0.016109364698621106
page_rank,0.8703763406384707,0.3217899382756754,0.04546689531344247
degree_centrality,0.8550510562648446,0.361531234615587,0.04466633000883727
katz_centrality,0.7893331735055862,0.5326653777990463,0.04123334595800194
betweenness,0.8716650055536918,0.3148477694215425,0.04553421285191264
closeness,0.8112066425614626,0.4875797903798332,0.042375976658390484
eigenvector_centrality,0.7670054225429943,0.5946235930424183,0.04006698438749315
core,0.7633727784560789,0.610367525242498,0.0398772215909888
