measure,Hyperarea,GD,HyperVolume
two-hop,0.3650289422706234,1.6385179273315313,0.019027714654434768
page_rank,0.9362627832555437,0.17560351740243643,0.04880418788312363
degree_centrality,0.9204065760533101,0.22279599617499898,0.04797765784342607
katz_centrality,0.8251094185265296,0.47627366721341197,0.043010141817110624
betweenness,0.9196935210228185,0.218682135984931,0.04794048871494901
closeness,0.845630252919455,0.41965319000184836,0.04407982297409136
eigenvector_centrality,0.8041408644215635,0.5222089426038556,0.0419171225574773
core,0.800735638133863,0.5245882614689623,0.04173961971692689
