measure,Hyperarea,GD,HyperVolume
two-hop,0.367091520906246,1.5202272205939558,0.019027714654434768
page_rank,0.9415530914761993,0.16080678068799897,0.04880418788312363
degree_centrality,0.9256072895311107,0.204097094202706,0.04797765784342607
katz_centrality,0.829771659958997,0.452700557931893,0.043010141817110624
betweenness,0.9248902054171642,0.202227846471417,0.04794048871494901
closeness,0.8504084463483331,0.40212264350888655,0.04407982297409136
eigenvector_centrality,0.8086846240387322,0.5042082654380846,0.0419171225574773
core,0.8052601566822364,0.49982424918553037,0.04173961971692689
