measure,Hyperarea,GD,HyperVolume
page_rank,0.8991062229880743,0.24569709996433506,0.20058150626323837
