measure,Hyperarea,GD,HyperVolume
page_rank,0.8979840901985727,0.25096994157962,0.2006136816339127
