measure,Hyperarea,GD,HyperVolume
page_rank,0.9019552548716415,0.2345402663641444,0.20059518649441005
