measure,Hyperarea,GD,HyperVolume
two-hop,0.30066095069039056,1.6461410740903297,0.01571251876166029
page_rank,0.863253416709841,0.3458426120821079,0.045113558894079024
degree_centrality,0.8490024634700336,0.38430809503327557,0.04436880514525382
katz_centrality,0.785748311299854,0.5410787503816606,0.04106314789097897
betweenness,0.8678816498297246,0.3305707193213492,0.04535543001024001
closeness,0.8094979763835631,0.49768334837519973,0.04230430360925248
eigenvector_centrality,0.7626188889083938,0.6013251434781671,0.039854406009342265
core,0.7544740682858279,0.6398678149073683,0.039428758293705894
