measure,Hyperarea,GD,HyperVolume
two-hop,0.266710833927908,1.5694876598820713,0.013957966867258623
page_rank,0.8138376742449784,0.39952105575114344,0.042591143093604907
degree_centrality,0.79700141875064,0.44500082105025,0.04171003941702086
katz_centrality,0.7346085953221461,0.5974656457723971,0.038444791622831015
betweenness,0.822432371863144,0.37405174177824113,0.043040935487943445
closeness,0.7667061834728617,0.5343634644160123,0.04012457742428706
eigenvector_centrality,0.7237426127789626,0.6319073344542127,0.03787613446674803
core,0.6955611902452374,0.7212575742394028,0.03640129613264318
