measure,Hyperarea,GD,HyperVolume
page_rank,0.8991675445984636,0.23146866151398957,0.20059518649441005
