measure,Hyperarea,GD,HyperVolume
page_rank,0.6937147785867012,0.6112476920447362,0.1547607520094264
