measure,Hyperarea,GD,HyperVolume
page_rank,0.8912375175704255,0.24756134215952197,0.1988260776557393
