measure,Hyperarea,GD,HyperVolume
two-hop,0.38298083294088553,1.5267860340239612,0.019958608621245915
page_rank,0.9334877068586933,0.18123902810655057,0.04864764549930564
degree_centrality,0.9215957746788223,0.21321454531588957,0.04802791103816857
katz_centrality,0.8301607786592865,0.43901151057050025,0.043262880668826886
betweenness,0.9213700095888588,0.20838790246671618,0.04801614554840158
closeness,0.8461416497144335,0.40787024551667533,0.04409570550856373
eigenvector_centrality,0.8008934806524902,0.5144318658896081,0.04173764886588394
core,0.7994302806178643,0.5165732606356359,0.041661395867525146
