measure,Hyperarea,GD,HyperVolume
two-hop,0.3039341309897945,1.5957539560729477,0.015876972604469134
page_rank,0.8630688264679902,0.31416354002300645,0.04508516391028069
degree_centrality,0.8506582099743466,0.3494796712714325,0.04443685561587341
katz_centrality,0.7837545084475086,0.5155763760115022,0.04094192652442875
betweenness,0.8664275050663138,0.30496832508356214,0.04526061524218323
closeness,0.8048907344267567,0.4744045635901374,0.04204604497187504
eigenvector_centrality,0.7590710302219444,0.5808335179359834,0.03965250599671759
core,0.7523316537456456,0.5946491100828155,0.03930045308532873
