measure,Hyperarea,GD,HyperVolume
page_rank,0.8451857542645458,0.3517484675100573,0.18750841644573496
