measure,Hyperarea,GD,HyperVolume
page_rank,0.9022760833772691,0.24642901128514919,0.20128867006129975
