measure,Hyperarea,GD,HyperVolume
two-hop,0.38069639676439926,1.4756472084405343,0.01982159239153306
page_rank,0.9303898511673885,0.1857113599932071,0.048442298250782036
degree_centrality,0.916823720669266,0.22281812080644475,0.047735955056179794
katz_centrality,0.8255016473764637,0.4473669859139692,0.04298111910673455
betweenness,0.9176502781441334,0.21834862302582525,0.047778991148704555
closeness,0.8428286413264835,0.4100160571648793,0.043883277925065585
eigenvector_centrality,0.8006595944814193,0.5061651064239038,0.04168767621933257
core,0.8019993827221358,0.5010400010337264,0.04175743452706588
