measure,Hyperarea,GD,HyperVolume
two-hop,0.29916600676548344,1.6481242328048498,0.01563439310412546
page_rank,0.8755621104576607,0.31526546009957107,0.04575681030734055
degree_centrality,0.8620470872844865,0.3527458448863261,0.04505051620867175
katz_centrality,0.7886252630411476,0.5345697517026892,0.04121349717347697
betweenness,0.8754818540192824,0.3091186444264536,0.04575261611188262
closeness,0.811777098183794,0.49096701641175483,0.042423410343811814
eigenvector_centrality,0.7690028322738677,0.5906224062431435,0.04018803041142393
core,0.7598902371075814,0.6204061267961666,0.039711806870625206
