measure,Hyperarea,GD,HyperVolume
page_rank,0.8961996031765298,0.23618144164065571,0.1988260776557393
