measure,Hyperarea,GD,HyperVolume
page_rank,0.6956829573493014,0.6360427558708799,0.15486032908302824
