measure,Hyperarea,GD,HyperVolume
two-hop,0.2961141480183392,1.6072503883104055,0.015417676640154865
page_rank,0.8659284037423978,0.3387193117335158,0.04508600555485419
degree_centrality,0.850532962535555,0.3802486092657833,0.04428441624935124
katz_centrality,0.787919145867619,0.5227674308272771,0.04102432352817404
betweenness,0.8686704839181495,0.3266224049682137,0.04522877652933833
closeness,0.8075375602749795,0.490379858886312,0.04204578897165061
eigenvector_centrality,0.76194966911568,0.5944677907350263,0.03967217943862308
core,0.7576787404945216,0.6046539864089652,0.0394498064217481
