measure,Hyperarea,GD,HyperVolume
two-hop,0.26638771440059716,1.6237132483511618,0.013989146291854283
page_rank,0.8106998311904858,0.40525339722943177,0.04257327918753244
degree_centrality,0.7938940062592301,0.4539345302035809,0.041690734194616275
katz_centrality,0.733007173596319,0.5948553678120622,0.03849330892564071
betweenness,0.818002992290675,0.3857762050915949,0.042956799085412896
closeness,0.7650119851095462,0.539007558845854,0.040174017029275214
eigenvector_centrality,0.7205653618861467,0.6362535737387885,0.03783993673638289
core,0.6941554356933302,0.7122918361613306,0.036453039739651284
