measure,Hyperarea,GD,HyperVolume
page_rank,0.8378294410192592,0.35829323467186547,0.18694736214563262
