measure,Hyperarea,GD,HyperVolume
page_rank,0.842258052648273,0.3556373644399,0.1873185063614302
