measure,Hyperarea,GD,HyperVolume
page_rank,0.6963132567065928,0.6235906450852332,0.15486032908302824
