measure,Hyperarea,GD,HyperVolume
page_rank,0.6875507306550217,0.6612692364431635,0.15341522885718695
