measure,Hyperarea,GD,HyperVolume
page_rank,0.8910654827672383,0.2506299970706905,0.1988260776557393
