measure,Hyperarea,GD,HyperVolume
two-hop,0.36295808007728386,1.528505229788281,0.018956199413654277
page_rank,0.9274003935638085,0.1742892869358754,0.048435309093969606
degree_centrality,0.9105274451211192,0.22281562437695293,0.047554086184404334
katz_centrality,0.8213739564711959,0.44676283875451106,0.042897869937858574
betweenness,0.9132118907559348,0.20982389310611702,0.04769428663608692
closeness,0.8392300623961886,0.4059103116801645,0.04383044018011195
eigenvector_centrality,0.7949642730159435,0.5120618491843648,0.04151857229025515
core,0.7962352870838649,0.5001675418883468,0.041584953499137316
