measure,Hyperarea,GD,HyperVolume
two-hop,0.34661827714709953,1.6607591805793442,0.018068029429505254
page_rank,0.9407303599523859,0.16268677309155474,0.04903706742975775
degree_centrality,0.9295897076376152,0.19543732865908398,0.04845634319460226
katz_centrality,0.8343711953915829,0.44554594456095414,0.04349292667873024
betweenness,0.9263146598086366,0.19971659092515529,0.048285626113425635
closeness,0.8515322818627485,0.40261428796346926,0.0443874756273759
eigenvector_centrality,0.80858072353443,0.5057860814874319,0.04214855728092694
core,0.8013001484424628,0.5210069681041788,0.04176904571532775
