measure,Hyperarea,GD,HyperVolume
two-hop,0.35943792883878983,1.6651102314180237,0.018736274179747228
page_rank,0.9344364501191397,0.18418542662232834,0.04870898736130399
degree_centrality,0.9240521783787452,0.2159069071496568,0.048167690667564426
katz_centrality,0.8312338608985242,0.4555818745719823,0.04332938812439507
betweenness,0.9226648191147777,0.21360856136727677,0.04809537235758673
closeness,0.8484277106303606,0.41913027107890843,0.04422564491015444
eigenvector_centrality,0.8044707171260167,0.5256185193709333,0.04193431665474336
core,0.7954553038350423,0.5340918272120625,0.041464373886574354
