measure,Hyperarea,GD,HyperVolume
page_rank,0.8455459317060365,0.36005063882187716,0.18805353210172676
