measure,Hyperarea,GD,HyperVolume
two-hop,0.27048111999683067,1.5024167557532382,0.014155279916957735
page_rank,0.8047796063581447,0.41669190776193193,0.04211710081499249
degree_centrality,0.7838520895834711,0.4664436809108497,0.0410218862657633
katz_centrality,0.7376219427714196,0.5776721298730151,0.03860249126793754
betweenness,0.816659910775056,0.38408814934288765,0.04273884119569639
closeness,0.7628887897685269,0.5194264651463247,0.039924799057358074
eigenvector_centrality,0.7129327841454166,0.6287959432551398,0.0373104160529675
core,0.6967875969924769,0.6856006253544392,0.03646547854507708
