measure,Hyperarea,GD,HyperVolume
page_rank,0.6907070970514462,0.620813122964257,0.15375269326263521
