measure,Hyperarea,GD,HyperVolume
page_rank,0.8393224897485493,0.3598430033500996,0.18750841644573496
