measure,Hyperarea,GD,HyperVolume
page_rank,0.8468523930243771,0.3323994566169074,0.1887472225729074
