measure,Hyperarea,GD,HyperVolume
two-hop,0.2640590281033676,1.6898342632887877,0.013793968915260418
page_rank,0.8129812085319229,0.3982266719835516,0.04246867679445637
degree_centrality,0.7955526130279161,0.44509396225796316,0.04155823829763358
katz_centrality,0.7385553048580007,0.5897433566103528,0.03858080138590807
betweenness,0.8216764743760567,0.3693663926256722,0.04292290185021533
closeness,0.7661651990548249,0.5222749133483112,0.04002309262298532
eigenvector_centrality,0.7253325931633036,0.6238973849776067,0.03789007069814418
core,0.6903949780790013,0.7375197996783569,0.03606499249533589
