measure,Hyperarea,GD
two-hop,0.16858799674167085,1.3333423348799915
page_rank,0.9794633907720741,0.1306484753934766
degree_centrality,0.9767429361240381,0.15664397935972293
katz_centrality,0.6196180042248425,0.8764570676797021
betweenness,0.9287776728441021,0.2550575147690263
closeness,0.8955212258766199,0.3432773097456936
eigenvector_centrality,0.8942579133712532,0.3729272139820003
core,0.6275219442311946,0.8600503989435172
