n_nodes,influence,nodes
0.30456852791878175,32.99,"[659, 822, 235]"
1.928934010152284,39.68,"[592, 115, 861, 781, 921, 329, 26, 346, 804, 680, 106, 118, 686, 683, 235, 880, 877, 405, 150]"
1.3197969543147205,38.57,"[628, 115, 861, 53, 327, 435, 804, 921, 680, 26, 235, 686, 880]"
0.10152284263959377,23.45,[665]
0.710659898477157,36.43,"[665, 115, 881, 804, 26, 877, 235]"
1.82741116751269,39.31,"[43, 822, 680, 348, 26, 197, 921, 115, 877, 804, 593, 686, 781, 488, 150, 638, 957, 683]"
1.1167512690355328,38.0,"[592, 115, 861, 680, 329, 140, 804, 921, 235, 26, 686]"
2.030456852791878,39.96,"[637, 115, 861, 722, 348, 379, 680, 223, 92, 157, 804, 235, 686, 921, 26, 877, 405, 13, 887, 683]"
0.20304568527918754,29.56,"[647, 481]"
1.0152284263959388,37.73,"[586, 808, 235, 278, 115, 26, 686, 921, 880, 804]"
1.2182741116751268,38.41,"[637, 115, 861, 722, 341, 348, 680, 804, 235, 686, 921, 26]"
0.6091370558375631,35.91,"[637, 115, 861, 794, 235, 804]"
1.6243654822335023,39.15,"[628, 26, 861, 888, 747, 115, 429, 921, 880, 993, 688, 683, 330, 804, 235, 686]"
0.4060913705583755,33.63,"[594, 115, 780, 235]"
1.7258883248730963,39.28,"[600, 921, 329, 861, 26, 115, 957, 680, 804, 235, 223, 895, 686, 405, 219, 683, 880]"
1.4213197969543145,38.9,"[646, 115, 348, 861, 722, 694, 330, 781, 804, 235, 686, 880, 921, 26]"
2.2335025380710656,40.14,"[659, 445, 504, 804, 235, 26, 369, 115, 68, 861, 121, 325, 683, 286, 92, 941, 686, 877, 921, 405, 150, 887]"
0.5076142131979691,35.38,"[647, 115, 840, 235, 804]"
0.812182741116751,36.8,"[637, 115, 861, 949, 686, 235, 804, 26]"
0.9137055837563448,37.21,"[592, 115, 850, 921, 26, 433, 804, 235, 686]"
