n_nodes,influence,nodes
0.20304568527918754,29.43,"[588, 766]"
0.6091370558375631,35.51,"[880, 643, 26, 850, 686, 769]"
0.710659898477157,36.13,"[880, 433, 647, 760, 902, 26, 164]"
1.1167512690355328,37.93,"[880, 433, 628, 760, 26, 686, 164, 420, 235, 115, 888]"
0.10152284263959377,23.45,[665]
0.30456852791878175,32.54,"[588, 265, 433]"
0.812182741116751,36.7,"[880, 433, 686, 595, 881, 26, 235, 164]"
1.2182741116751268,38.28,"[880, 433, 628, 313, 26, 760, 855, 164, 235, 686, 115, 888]"
1.928934010152284,39.91,"[880, 433, 760, 628, 686, 26, 855, 273, 311, 921, 693, 680, 300, 888, 115, 89, 741, 235, 164]"
1.3197969543147205,38.48,"[880, 433, 855, 686, 741, 26, 613, 680, 888, 628, 164, 235, 115]"
0.4060913705583755,33.97,"[235, 433, 628, 26]"
0.5076142131979691,35.2,"[673, 433, 850, 26, 235]"
1.6243654822335023,39.14,"[588, 433, 863, 760, 216, 26, 686, 235, 115, 804, 125, 855, 164, 300, 39, 888]"
1.5228426395939083,39.0,"[880, 433, 368, 804, 26, 279, 741, 680, 973, 164, 235, 888, 686, 115, 628]"
0.9137055837563448,37.28,"[785, 433, 863, 164, 235, 26, 686, 115, 628]"
1.4213197969543145,38.8,"[880, 433, 863, 686, 39, 26, 637, 680, 300, 164, 235, 115, 888, 741]"
1.0152284263959388,37.52,"[840, 433, 821, 760, 26, 637, 235, 164, 686, 115]"
1.7258883248730963,39.39,"[880, 433, 279, 628, 760, 26, 141, 523, 340, 804, 921, 680, 686, 888, 115, 968, 235]"
1.82741116751269,39.68,"[398, 433, 863, 628, 760, 26, 213, 686, 855, 974, 921, 115, 680, 888, 164, 300, 741, 235]"
