n_nodes,influence,nodes
0.9794319294809011,16.55,"[589, 17, 476, 860, 704, 268, 558, 304, 122, 63]"
1.1753183153770812,19.01,"[589, 17, 476, 860, 558, 304, 174, 704, 268, 63, 466, 122]"
1.4691478942213516,22.41,"[589, 250, 509, 956, 704, 63, 268, 174, 558, 304, 466, 246, 122, 476, 860]"
0.881488736532811,15.29,"[476, 860, 63, 704, 268, 558, 304, 466, 122]"
1.860920666013712,25.74,"[589, 624, 956, 17, 704, 509, 250, 341, 63, 268, 393, 558, 246, 174, 122, 860, 304, 466, 476]"
0.09794319294809029,2.28,[268]
0.7835455435847207,14.14,"[476, 860, 63, 558, 704, 268, 174, 122]"
0.19588638589618013,3.98,"[704, 268]"
1.5670910871694417,23.36,"[589, 624, 61, 704, 268, 509, 174, 558, 63, 304, 466, 769, 246, 122, 476, 860]"
2.2526934378060726,28.48,"[589, 624, 524, 667, 795, 509, 346, 956, 1153, 268, 17, 405, 174, 246, 63, 558, 304, 122, 704, 860, 466, 250, 476]"
1.762977473065622,25.04,"[589, 624, 410, 341, 704, 509, 250, 17, 63, 268, 558, 174, 304, 466, 246, 122, 476, 860]"
0.5876591576885406,10.77,"[17, 558, 268, 704, 476, 122]"
0.6856023506366307,12.41,"[476, 17, 268, 558, 304, 122, 229]"
2.1547502448579823,27.66,"[589, 509, 848, 667, 63, 476, 641, 61, 704, 174, 860, 122, 250, 268, 246, 558, 304, 624, 17, 466, 405, 346]"
1.9588638589618022,26.72,"[589, 624, 61, 651, 250, 509, 17, 704, 63, 268, 174, 558, 304, 466, 246, 122, 476, 860, 405, 346]"
1.2732615083251715,20.33,"[589, 509, 246, 63, 624, 304, 704, 268, 558, 860, 466, 122, 476]"
2.3506366307541624,28.8,"[589, 509, 848, 624, 341, 956, 63, 8, 17, 524, 890, 667, 405, 250, 704, 122, 268, 558, 174, 476, 860, 304, 466, 246]"
1.0773751224289911,17.86,"[589, 509, 63, 744, 268, 860, 558, 304, 466, 122, 476]"
2.0568070519098924,27.09,"[589, 509, 848, 667, 63, 770, 61, 476, 860, 246, 17, 405, 174, 704, 122, 250, 268, 558, 624, 304, 466]"
1.3712047012732616,21.27,"[410, 509, 246, 268, 250, 704, 63, 122, 558, 174, 476, 466, 304, 860]"
0.3917727717923607,7.64,"[17, 268, 466, 476]"
1.6650342801175317,24.04,"[589, 624, 11, 61, 346, 509, 704, 860, 63, 268, 174, 246, 558, 304, 122, 466, 476]"
0.2938295788442704,5.85,"[476, 268, 63]"
0.4897159647404503,9.41,"[246, 860, 268, 122, 476]"
