n_nodes,influence,nodes
1.3712047012732616,21.46,"[860, 405, 509, 174, 704, 268, 476, 63, 589, 641, 304, 466, 246, 122]"
0.9794319294809011,16.59,"[341, 558, 704, 860, 268, 17, 304, 466, 122, 476]"
1.0773751224289911,18.13,"[860, 466, 509, 246, 476, 704, 268, 589, 558, 304, 122]"
0.5876591576885406,10.96,"[860, 304, 509, 268, 476, 122]"
1.1753183153770812,19.44,"[304, 246, 476, 860, 466, 341, 589, 704, 122, 268, 174, 558]"
2.2526934378060726,28.28,"[641, 509, 405, 246, 770, 268, 17, 63, 704, 792, 558, 174, 860, 304, 956, 122, 450, 744, 250, 848, 466, 341, 476]"
0.3917727717923607,7.55,"[558, 304, 476, 268]"
2.3506366307541624,28.91,"[174, 304, 20, 405, 860, 770, 466, 246, 122, 476, 509, 268, 704, 63, 744, 848, 625, 250, 589, 558, 956, 409, 17, 341]"
0.2938295788442704,5.68,"[304, 174, 476]"
0.7835455435847207,13.99,"[860, 405, 704, 268, 476, 63, 304, 122]"
2.0568070519098924,26.98,"[641, 509, 677, 770, 60, 63, 250, 409, 704, 860, 246, 268, 589, 558, 122, 174, 304, 17, 341, 466, 476]"
0.881488736532811,15.22,"[558, 122, 476, 268, 466, 227, 509, 304, 704]"
2.1547502448579823,27.71,"[641, 509, 63, 405, 744, 246, 464, 848, 704, 122, 860, 268, 250, 589, 174, 558, 304, 17, 466, 956, 341, 476]"
2.4485798237022527,29.38,"[641, 509, 224, 409, 246, 770, 63, 792, 956, 704, 122, 558, 61, 620, 860, 250, 341, 268, 476, 589, 174, 304, 17, 848, 466]"
1.2732615083251715,20.58,"[860, 509, 205, 17, 704, 268, 589, 558, 174, 304, 466, 122, 476]"
0.09794319294809029,2.28,[268]
0.4897159647404503,9.36,"[860, 704, 268, 122, 558]"
0.5876591576885406,10.96,"[304, 509, 476, 860, 268, 122]"
1.9588638589618022,26.52,"[466, 227, 476, 860, 63, 509, 268, 744, 405, 624, 704, 246, 250, 589, 558, 174, 304, 17, 341, 122]"
1.5670910871694417,23.33,"[860, 17, 509, 667, 341, 250, 704, 268, 558, 174, 589, 476, 304, 466, 63, 122]"
1.6650342801175317,24.38,"[860, 250, 268, 174, 304, 122, 63, 476, 509, 704, 589, 558, 17, 466, 405, 341, 246]"
1.762977473065622,24.86,"[641, 509, 246, 704, 860, 1255, 63, 250, 268, 558, 122, 589, 174, 304, 17, 341, 466, 476]"
0.6856023506366307,12.39,"[860, 704, 268, 122, 476, 589, 304]"
0.19588638589618013,3.87,"[860, 268]"
1.4691478942213516,22.54,"[174, 304, 1017, 17, 341, 246, 704, 860, 268, 122, 509, 589, 558, 476, 466]"
1.860920666013712,25.72,"[860, 250, 268, 174, 304, 122, 63, 744, 476, 509, 1065, 704, 589, 558, 17, 466, 405, 341, 246]"
