n_nodes,influence,nodes
0.881488736532811,17.04,"[704, 63, 589, 860, 466, 268, 122, 476, 509]"
1.762977473065622,28.63,"[704, 1035, 61, 641, 509, 122, 268, 589, 558, 405, 174, 848, 17, 304, 466, 246, 346, 476]"
1.9588638589618022,30.63,"[704, 63, 405, 246, 581, 346, 641, 250, 589, 509, 61, 466, 268, 558, 174, 848, 122, 17, 304, 476]"
0.7835455435847207,15.43,"[860, 63, 227, 174, 268, 304, 122, 476]"
0.9794319294809011,18.35,"[704, 63, 744, 268, 558, 304, 466, 246, 122, 476]"
2.4485798237022527,34.35,"[704, 63, 860, 250, 589, 246, 227, 466, 122, 476, 781, 956, 405, 341, 61, 179, 174, 641, 558, 509, 304, 268, 205, 17, 241]"
0.5876591576885406,11.95,"[704, 246, 122, 476, 558, 268]"
1.860920666013712,29.88,"[704, 63, 641, 227, 366, 558, 509, 61, 122, 268, 589, 174, 17, 848, 304, 250, 466, 246, 476]"
1.4691478942213516,25.27,"[704, 122, 860, 63, 17, 476, 956, 405, 268, 589, 558, 509, 304, 466, 246]"
0.6856023506366307,14.03,"[704, 122, 63, 227, 558, 476, 268]"
1.0773751224289911,20.0,"[389, 63, 122, 17, 246, 509, 268, 466, 558, 304, 476]"
2.0568070519098924,31.6,"[704, 174, 1017, 476, 848, 239, 341, 405, 63, 641, 558, 509, 250, 122, 61, 268, 589, 304, 17, 466, 246]"
1.1753183153770812,21.83,"[174, 122, 509, 860, 63, 597, 304, 246, 558, 476, 268, 405]"
0.4897159647404503,10.15,"[704, 122, 268, 246, 558]"
1.6650342801175317,27.87,"[704, 122, 63, 227, 346, 268, 405, 476, 509, 860, 589, 174, 558, 304, 61, 466, 1106]"
0.2938295788442704,6.42,"[268, 246, 476]"
1.2732615083251715,22.55,"[704, 122, 268, 246, 17, 558, 589, 848, 476, 174, 366, 304, 466]"
2.1547502448579823,32.81,"[704, 63, 478, 860, 250, 389, 246, 641, 509, 268, 558, 848, 61, 405, 589, 174, 304, 17, 122, 476, 341, 466]"
1.5670910871694417,26.54,"[704, 122, 63, 227, 346, 792, 860, 268, 476, 509, 589, 558, 174, 304, 466, 61]"
2.3506366307541624,33.62,"[704, 122, 227, 860, 848, 641, 476, 405, 61, 268, 17, 63, 1114, 589, 558, 250, 174, 956, 304, 509, 466, 341, 346, 246]"
0.09794319294809029,2.76,[122]
0.19588638589618013,4.62,"[122, 860]"
0.3917727717923607,8.35,"[476, 122, 466, 268]"
2.2526934378060726,33.27,"[704, 122, 227, 848, 860, 641, 476, 61, 17, 405, 914, 63, 589, 268, 558, 250, 956, 341, 174, 304, 509, 466, 246]"
1.3712047012732616,24.19,"[704, 63, 110, 246, 589, 17, 466, 268, 122, 476, 509, 558, 174, 304]"
