n_nodes,influence,nodes
1.4691478942213516,25.76,"[466, 246, 476, 509, 174, 558, 63, 405, 704, 304, 250, 597, 268, 17, 122]"
1.1753183153770812,21.49,"[466, 246, 476, 509, 704, 268, 63, 174, 250, 304, 17, 122]"
1.0773751224289911,19.96,"[466, 246, 476, 304, 63, 17, 597, 268, 174, 558, 122]"
1.3712047012732616,24.07,"[466, 231, 476, 509, 63, 624, 848, 405, 704, 268, 558, 174, 304, 122]"
0.9794319294809011,18.59,"[466, 246, 476, 304, 63, 17, 597, 268, 122, 558]"
1.6650342801175317,27.55,"[466, 246, 476, 509, 589, 346, 63, 518, 704, 405, 268, 174, 558, 848, 304, 17, 122]"
2.2526934378060726,33.55,"[466, 246, 476, 192, 63, 620, 518, 509, 589, 346, 61, 624, 17, 704, 250, 597, 268, 174, 122, 558, 848, 304, 405]"
2.1547502448579823,32.83,"[466, 246, 476, 956, 63, 624, 250, 509, 795, 597, 704, 341, 61, 405, 174, 17, 268, 589, 122, 848, 558, 304]"
0.19588638589618013,4.93,"[17, 122]"
0.09794319294809029,2.46,[122]
0.6856023506366307,13.9,"[466, 246, 476, 20, 268, 304, 122]"
1.860920666013712,29.84,"[466, 246, 476, 589, 597, 63, 704, 61, 250, 268, 346, 174, 848, 17, 558, 304, 122, 509, 405]"
2.3506366307541624,34.23,"[466, 509, 65, 229, 122, 641, 597, 63, 795, 17, 346, 405, 476, 341, 704, 250, 61, 268, 589, 246, 174, 558, 848, 304]"
1.2732615083251715,22.73,"[466, 246, 476, 509, 174, 304, 341, 704, 268, 558, 17, 597, 122]"
0.4897159647404503,10.64,"[466, 624, 476, 122, 268]"
0.881488736532811,17.1,"[466, 246, 476, 174, 268, 558, 304, 17, 122]"
1.762977473065622,28.36,"[466, 246, 476, 509, 63, 624, 11, 704, 250, 589, 268, 558, 174, 346, 304, 17, 122, 405]"
2.0568070519098924,31.84,"[466, 246, 476, 620, 346, 250, 174, 405, 268, 122, 304, 284, 558, 63, 624, 589, 860, 61, 509, 704, 848]"
0.2938295788442704,6.57,"[589, 122, 268]"
1.5670910871694417,26.31,"[466, 246, 476, 509, 63, 589, 405, 848, 558, 174, 268, 122, 304, 17, 149, 704]"
0.7835455435847207,15.3,"[466, 63, 476, 17, 122, 174, 268, 304]"
0.5876591576885406,12.48,"[63, 466, 476, 268, 558, 122]"
2.4485798237022527,34.66,"[466, 246, 476, 509, 63, 624, 873, 641, 229, 795, 61, 341, 704, 250, 589, 848, 558, 174, 346, 122, 17, 304, 405, 268, 597]"
0.3917727717923607,8.16,"[466, 227, 268, 122]"
1.9588638589618022,30.47,"[466, 246, 476, 509, 61, 63, 518, 848, 346, 624, 17, 704, 589, 322, 268, 558, 174, 304, 405, 122]"
