n_nodes,influence,nodes
0.09794319294809029,2.32,[268]
0.881488736532811,17.14,"[304, 63, 223, 268, 860, 174, 704, 122, 476]"
1.1753183153770812,21.88,"[227, 589, 860, 63, 268, 174, 304, 122, 476, 509, 558, 466]"
0.9794319294809011,18.25,"[174, 466, 860, 589, 122, 704, 476, 268, 63, 304]"
0.6856023506366307,13.95,"[227, 704, 17, 268, 174, 122, 476]"
0.5876591576885406,11.98,"[246, 268, 174, 304, 122, 704]"
1.2732615083251715,22.65,"[227, 704, 63, 466, 860, 17, 268, 589, 558, 304, 122, 476, 509]"
0.2938295788442704,6.18,"[122, 848, 476]"
1.860920666013712,29.85,"[214, 246, 63, 641, 409, 704, 769, 122, 268, 589, 174, 558, 304, 476, 17, 509, 466, 250, 860]"
1.5670910871694417,26.72,"[174, 466, 63, 589, 246, 122, 860, 17, 704, 558, 476, 641, 509, 304, 268, 250]"
1.6650342801175317,28.07,"[848, 61, 241, 268, 246, 122, 476, 17, 589, 704, 641, 509, 174, 558, 304, 466, 250]"
0.19588638589618013,4.5,"[63, 268]"
1.9588638589618022,30.62,"[476, 956, 890, 17, 63, 641, 589, 509, 174, 848, 704, 126, 558, 304, 246, 122, 268, 466, 250, 61]"
2.3506366307541624,33.82,"[624, 409, 63, 17, 597, 372, 246, 122, 174, 398, 476, 466, 860, 792, 61, 126, 848, 704, 509, 250, 268, 589, 558, 304]"
1.762977473065622,28.75,"[227, 341, 17, 250, 704, 956, 476, 63, 268, 589, 174, 558, 304, 466, 246, 122, 860, 509]"
2.2526934378060726,33.11,"[227, 589, 393, 63, 769, 409, 641, 17, 848, 174, 476, 126, 304, 704, 509, 61, 122, 860, 268, 558, 466, 246, 250]"
0.4897159647404503,10.35,"[476, 466, 63, 122, 268]"
2.0568070519098924,31.27,"[227, 246, 599, 63, 268, 389, 61, 704, 476, 304, 769, 641, 122, 589, 174, 17, 558, 509, 466, 860, 250]"
1.0773751224289911,20.14,"[246, 268, 174, 476, 122, 304, 509, 558, 704, 466, 17]"
1.3712047012732616,24.18,"[476, 704, 860, 268, 589, 466, 122, 509, 63, 174, 241, 304, 558, 246]"
2.1547502448579823,32.1,"[227, 341, 1057, 17, 409, 250, 476, 805, 126, 704, 61, 268, 589, 174, 558, 246, 860, 509, 122, 466, 304, 641]"
0.7835455435847207,15.73,"[476, 509, 227, 466, 122, 268, 63, 250]"
0.3917727717923607,8.27,"[20, 466, 122, 268]"
1.2732615083251715,22.65,"[227, 860, 17, 704, 246, 268, 476, 509, 174, 589, 405, 304, 122]"
1.4691478942213516,25.24,"[227, 589, 174, 63, 61, 704, 250, 268, 304, 122, 476, 509, 558, 466, 98]"
