n_nodes,influence,nodes
0.5076142131979691,14.74,"[115, 686, 482, 561, 265]"
0.5076142131979691,14.74,"[115, 482, 265, 561, 686]"
2.2335025380710656,32.46,"[320, 26, 637, 348, 472, 300, 665, 746, 481, 482, 921, 502, 647, 615, 265, 235, 686, 561, 433, 730, 115, 855]"
1.1167512690355328,24.86,"[433, 561, 787, 348, 730, 921, 26, 482, 265, 235, 115]"
2.33502538071066,33.01,"[320, 815, 26, 348, 855, 472, 647, 265, 667, 300, 585, 778, 888, 921, 615, 686, 481, 482, 433, 235, 561, 730, 115]"
0.4060913705583755,12.75,"[115, 686, 561, 265]"
0.710659898477157,19.1,"[561, 730, 26, 482, 235, 433, 348]"
1.2182741116751268,25.9,"[115, 350, 433, 26, 638, 561, 481, 235, 482, 265, 686, 921]"
0.812182741116751,20.41,"[561, 730, 26, 265, 235, 115, 348, 433]"
2.4365482233502536,33.32,"[320, 26, 880, 348, 584, 951, 647, 888, 855, 472, 481, 265, 235, 482, 921, 730, 433, 813, 561, 115, 300, 615, 585, 686]"
2.030456852791878,31.8,"[115, 350, 638, 560, 653, 647, 766, 26, 433, 481, 482, 561, 472, 921, 265, 888, 235, 686, 855, 730]"
1.4213197969543145,27.82,"[115, 350, 161, 26, 348, 481, 482, 265, 433, 235, 686, 561, 921, 730]"
0.30456852791878175,11.14,"[265, 482, 115]"
1.3197969543147205,26.92,"[561, 730, 26, 265, 362, 481, 348, 686, 115, 921, 482, 235, 433]"
0.10152284263959377,4.03,[26]
1.0152284263959388,23.58,"[115, 627, 482, 265, 235, 26, 433, 561, 921, 730]"
0.4060913705583755,12.75,"[561, 115, 686, 265]"
0.9137055837563448,22.07,"[561, 730, 26, 335, 482, 265, 235, 433, 115]"
1.5228426395939083,28.58,"[115, 350, 653, 433, 638, 481, 665, 482, 26, 686, 265, 235, 561, 921, 730]"
1.82741116751269,30.93,"[115, 350, 777, 318, 888, 348, 807, 481, 482, 26, 647, 265, 235, 686, 433, 561, 921, 730]"
0.6091370558375631,16.86,"[115, 686, 26, 265, 433, 561]"
1.7258883248730963,29.8,"[115, 350, 777, 318, 615, 348, 649, 481, 482, 265, 26, 235, 686, 433, 561, 921, 730]"
2.131979695431472,32.31,"[561, 730, 26, 335, 348, 350, 888, 482, 265, 433, 115, 235, 602, 790, 481, 472, 686, 793, 647, 855, 921]"
1.928934010152284,31.39,"[115, 350, 958, 595, 348, 481, 482, 790, 888, 26, 872, 855, 265, 235, 686, 433, 921, 730, 561]"
0.20304568527918754,7.46,"[561, 115]"
1.6243654822335023,29.34,"[115, 350, 638, 647, 808, 481, 348, 482, 26, 265, 235, 686, 433, 561, 921, 730]"
