n_nodes,influence,nodes
0.4060913705583755,12.79,"[482, 481, 265, 115]"
2.2335025380710656,32.67,"[348, 951, 863, 781, 815, 888, 673, 730, 350, 481, 482, 647, 265, 235, 686, 365, 433, 561, 858, 115, 921, 26]"
0.9137055837563448,21.85,"[348, 482, 265, 115, 235, 730, 921, 26, 561]"
0.10152284263959377,4.03,[26]
1.3197969543147205,27.09,"[730, 265, 805, 482, 348, 481, 235, 686, 561, 433, 115, 921, 26]"
1.928934010152284,31.54,"[348, 862, 665, 888, 350, 673, 590, 481, 686, 482, 730, 921, 265, 235, 855, 561, 433, 115, 26]"
0.5076142131979691,14.9,"[561, 686, 481, 115, 265]"
1.0152284263959388,23.7,"[348, 265, 350, 235, 482, 686, 433, 561, 115, 26]"
1.7258883248730963,30.42,"[348, 862, 665, 888, 454, 350, 482, 481, 265, 686, 730, 235, 433, 921, 561, 115, 26]"
1.82741116751269,30.75,"[348, 819, 665, 673, 888, 482, 350, 481, 265, 235, 730, 686, 433, 921, 561, 115, 855, 26]"
1.1167512690355328,24.96,"[348, 433, 482, 265, 115, 730, 481, 235, 921, 26, 561]"
1.2182741116751268,25.87,"[686, 348, 26, 786, 482, 265, 235, 433, 561, 115, 921, 730]"
0.6091370558375631,16.94,"[888, 482, 730, 265, 115, 561]"
0.20304568527918754,7.16,"[482, 26]"
2.030456852791878,31.85,"[888, 760, 348, 606, 673, 482, 730, 481, 26, 647, 350, 265, 235, 686, 815, 433, 561, 115, 855, 921]"
1.5228426395939083,28.65,"[686, 382, 628, 673, 888, 481, 350, 482, 265, 235, 433, 561, 115, 730, 26]"
1.4213197969543145,27.67,"[647, 348, 686, 26, 481, 730, 433, 482, 350, 265, 235, 921, 561, 115]"
2.4365482233502536,33.49,"[888, 790, 320, 348, 815, 628, 730, 647, 265, 766, 921, 584, 335, 26, 686, 350, 482, 433, 561, 481, 235, 832, 804, 115]"
0.30456852791878175,10.45,"[482, 115, 730]"
1.6243654822335023,29.63,"[888, 880, 348, 921, 673, 730, 482, 350, 481, 265, 235, 686, 433, 561, 115, 26]"
0.710659898477157,18.96,"[482, 26, 730, 433, 561, 921, 235]"
0.812182741116751,20.79,"[265, 235, 482, 481, 730, 433, 561, 115]"
2.33502538071066,33.11,"[888, 320, 348, 817, 730, 398, 628, 871, 790, 350, 481, 584, 26, 482, 647, 265, 235, 686, 433, 561, 115, 855, 921]"
0.6091370558375631,16.94,"[730, 888, 265, 482, 115, 561]"
2.131979695431472,32.55,"[888, 628, 348, 320, 730, 265, 686, 561, 790, 350, 589, 810, 26, 481, 482, 647, 235, 433, 115, 855, 921]"
