n_nodes,influence,nodes
0.14619883040935688,42.95,[41]
1.3157894736842106,47.49,"[469, 264, 223, 632, 493, 496, 311, 346, 471]"
2.046783625730994,48.54,"[469, 607, 366, 311, 471, 346, 327, 632, 493, 475, 252, 491, 488, 345]"
0.29239766081871377,44.08,"[41, 475]"
1.169590643274854,47.15,"[469, 632, 311, 532, 223, 471, 453, 346]"
0.4385964912280702,45.06,"[502, 247, 346]"
0.7309941520467838,45.99,"[469, 561, 223, 311, 471]"
1.4619883040935673,47.66,"[469, 311, 247, 488, 493, 382, 471, 346, 467, 632]"
1.0233918128654973,46.81,"[469, 247, 355, 635, 488, 471, 346]"
2.192982456140351,48.71,"[469, 311, 223, 366, 475, 346, 645, 632, 345, 303, 272, 120, 471, 488, 493]"
0.8771929824561404,46.57,"[453, 336, 346, 311, 223, 471]"
1.7543859649122808,48.28,"[469, 247, 346, 467, 432, 632, 366, 493, 327, 345, 488, 471]"
1.9005847953216375,48.43,"[223, 369, 311, 367, 366, 632, 475, 327, 453, 488, 345, 346, 471]"
2.4853801169590644,49.09,"[361, 632, 223, 311, 370, 346, 488, 422, 475, 493, 471, 463, 482, 631, 474, 10, 360]"
0.5847953216374271,45.92,"[469, 223, 346, 471]"
2.3391812865497075,48.94,"[264, 223, 453, 94, 632, 645, 303, 475, 493, 346, 601, 345, 311, 474, 471, 488]"
1.608187134502924,47.81,"[28, 311, 223, 368, 645, 366, 471, 488, 346, 493, 632]"
