n_nodes,influence,nodes
1.2461059190031152,21.77,"[215, 182, 172, 134, 55, 56, 280, 498]"
0.31152647975077885,7.96,"[55, 215]"
0.1557632398753892,4.47,[215]
0.7788161993769471,15.81,"[182, 498, 134, 55, 220]"
2.4922118380062304,31.8,"[56, 528, 220, 329, 420, 549, 215, 134, 425, 107, 172, 498, 55, 182, 280, 379]"
1.557632398753894,24.91,"[425, 56, 420, 220, 215, 134, 498, 182, 55, 280]"
0.6230529595015577,13.79,"[215, 498, 134, 55]"
0.46728971962616805,11.15,"[220, 498, 55]"
2.1806853582554515,29.69,"[56, 659, 220, 420, 134, 107, 425, 280, 172, 215, 498, 182, 55, 379]"
1.7133956386292835,26.17,"[425, 172, 56, 220, 539, 107, 379, 215, 498, 55, 280]"
1.4018691588785046,23.93,"[379, 134, 55, 56, 220, 280, 215, 172, 498]"
1.8691588785046727,27.67,"[215, 425, 56, 303, 182, 280, 220, 379, 172, 134, 498, 55]"
2.0249221183800623,28.91,"[549, 134, 55, 56, 107, 425, 220, 280, 215, 172, 498, 379, 182]"
1.0903426791277258,20.0,"[215, 355, 134, 172, 55, 220, 498]"
2.336448598130841,31.38,"[215, 518, 56, 425, 549, 280, 220, 420, 172, 107, 498, 55, 379, 182, 134]"
0.9345794392523363,17.54,"[179, 220, 55, 107, 134, 498]"
