n_nodes,influence,nodes
0.09794319294809029,2.28,[268]
0.3917727717923607,7.66,"[268, 509, 304, 476]"
1.762977473065622,25.14,"[268, 509, 923, 405, 227, 589, 341, 704, 122, 860, 174, 624, 558, 304, 466, 20, 250, 476]"
0.7835455435847207,13.82,"[268, 589, 304, 704, 466, 17, 122, 476]"
0.5876591576885406,10.84,"[268, 704, 860, 466, 122, 476]"
2.2526934378060726,28.05,"[268, 509, 63, 409, 192, 174, 704, 769, 250, 977, 246, 122, 341, 923, 476, 589, 466, 744, 558, 304, 624, 20, 860]"
1.5670910871694417,23.39,"[268, 509, 63, 641, 341, 704, 122, 476, 589, 250, 174, 558, 304, 20, 860, 466]"
2.3506366307541624,28.76,"[268, 509, 63, 405, 524, 923, 744, 704, 341, 860, 786, 246, 589, 250, 558, 624, 466, 122, 476, 848, 20, 304, 110, 174]"
1.860920666013712,25.83,"[268, 589, 63, 819, 405, 20, 704, 769, 122, 341, 860, 174, 250, 558, 509, 624, 304, 466, 476]"
0.6856023506366307,12.29,"[268, 860, 518, 476, 122, 466, 304]"
1.6650342801175317,23.98,"[268, 558, 304, 63, 405, 20, 341, 476, 509, 704, 122, 589, 860, 174, 624, 250, 466]"
1.9588638589618022,27.1,"[268, 558, 304, 63, 61, 341, 476, 509, 704, 769, 250, 589, 848, 174, 122, 466, 624, 860, 246, 405]"
0.2938295788442704,5.89,"[268, 122, 304]"
1.2732615083251715,20.47,"[268, 174, 509, 61, 246, 704, 304, 860, 476, 589, 466, 341, 122]"
0.881488736532811,15.41,"[268, 589, 558, 466, 17, 860, 122, 476, 704]"
2.1547502448579823,27.83,"[268, 341, 509, 63, 524, 704, 769, 409, 860, 476, 122, 589, 20, 558, 174, 246, 304, 624, 848, 466, 920, 250]"
0.9794319294809011,16.48,"[268, 509, 246, 304, 20, 704, 589, 476, 122, 860]"
1.3712047012732616,21.35,"[268, 63, 860, 509, 341, 624, 304, 848, 476, 704, 558, 174, 466, 122]"
1.4691478942213516,22.23,"[268, 509, 63, 61, 405, 704, 860, 589, 558, 341, 624, 304, 466, 122, 476]"
1.0773751224289911,18.0,"[268, 509, 63, 466, 704, 589, 558, 860, 304, 122, 476]"
0.19588638589618013,4.24,"[268, 476]"
1.1753183153770812,19.01,"[268, 509, 63, 179, 20, 704, 860, 589, 304, 466, 122, 476]"
0.4897159647404503,9.36,"[268, 509, 476, 122, 860]"
