measure,Hyperarea,GD,HyperVolume
page_rank,0.9321429257899837,0.1373138128961965,0.21845161195978183
