measure,Hyperarea,GD,HyperVolume
two-hop,0.3692237185104367,1.1378106330952422,0.02114199086605983
page_rank,0.9743959225536614,0.07439436880693082,0.05579454585871394
degree_centrality,0.9664031285425698,0.08154215587406212,0.05533687326211444
katz_centrality,0.8151199557083065,0.39747436224873955,0.046674300144780606
betweenness,0.9269897519770272,0.15627016052493148,0.053080037621351765
closeness,0.8705827609596736,0.2827761235423294,0.04985013653676828
eigenvector_centrality,0.8110556839044883,0.40903774522669345,0.046441577291275515
core,0.776647195096454,0.46969180451753056,0.044471324786834035
