measure,Hyperarea,GD,HyperVolume
page_rank,0.9438354058394022,0.1095715032098084,0.21986053232880196
