measure,Hyperarea,GD,HyperVolume
page_rank,0.9933227153005432,0.07005763033483768,0.2329327577557029
