measure,Hyperarea,GD,HyperVolume
page_rank,1.0031067079249378,0.07292575519246715,0.23350324757178442
