measure,Hyperarea,GD,HyperVolume
page_rank,0.9471001816801644,0.10289134500600353,0.22088843365609415
