measure,Hyperarea,GD,HyperVolume
page_rank,0.9987033559215384,0.08157614497192428,0.23375790378594832
