measure,Hyperarea,GD,HyperVolume
page_rank,0.9986641496088139,0.06597424887476312,0.2322938541280924
