measure,Hyperarea,GD,HyperVolume
page_rank,0.9661062076272222,0.07945898295198393,0.22489026860051445
