measure,Hyperarea,GD,HyperVolume
page_rank,0.9632650182366373,0.08885483479756205,0.22405985407667312
