measure,Hyperarea,GD,HyperVolume
two-hop,0.293814416472034,1.2125974237556554,0.016814439808909752
page_rank,0.9623563024671651,0.07530206937694692,0.055073819443094925
degree_centrality,0.9520139958196276,0.0916352474850004,0.05448194891918257
katz_centrality,0.8085321999351319,0.4173064056118148,0.0462707588436821
betweenness,0.9172658103143744,0.159030313995501,0.05249337640234515
closeness,0.8595058697901814,0.2984351234146729,0.04918788494630323
eigenvector_centrality,0.8023522341684615,0.42724591009385793,0.045917091165790284
core,0.7297019862528246,0.5600524535585534,0.04175945575991795
