measure,Hyperarea,GD,HyperVolume
page_rank,0.9639058376740463,0.08772474158633096,0.22561314801411922
