measure,Hyperarea,GD,HyperVolume
page_rank,0.9451072164281223,0.11227416182194701,0.22010044577048113
