measure,Hyperarea,GD,HyperVolume
two-hop,0.4490708464988555,1.2470741504165874,0.025586920222663855
page_rank,0.9830940133347787,0.0872027915369206,0.056014208641441014
degree_centrality,0.9735174119496295,0.0999231529511057,0.055468558133160484
katz_centrality,0.8288958338500906,0.412646839078196,0.04722838665429767
betweenness,0.9337668014118949,0.1968188096433566,0.05320366895462463
closeness,0.8669157533315132,0.33301783174659677,0.049394665436872216
eigenvector_centrality,0.8091743520331822,0.45679045798300677,0.04610470653599091
core,0.8019068422235215,0.4526395019403177,0.04569062222130652
