measure,Hyperarea,GD,HyperVolume
page_rank,0.969211625630391,0.07168483676097837,0.22561314801411922
