measure,Hyperarea,GD,HyperVolume
two-hop,0.32174280049040327,1.3290081771273643,0.018334732088113564
page_rank,0.9607480389145856,0.08588816857122653,0.05474887975995237
degree_centrality,0.9507236429273753,0.1119532028636327,0.05417763274373159
katz_centrality,0.8093302764928592,0.4325763826729038,0.04612023569036489
betweenness,0.9174421563721651,0.18594250922442665,0.05228106461989525
closeness,0.8615105446845595,0.3078460346228067,0.04909376372618267
eigenvector_centrality,0.8048607669796144,0.44011276303412905,0.04586553765402745
core,0.7370068767309463,0.5559566426273798,0.041998837616142065
