measure,Hyperarea,GD,HyperVolume
page_rank,0.9625064340687011,0.09068601143403043,0.22556742772657382
