measure,Hyperarea,GD,HyperVolume
page_rank,0.991208400283429,0.0519704592361952,0.2322938541280924
