measure,Hyperarea,GD,HyperVolume
two-hop,0.3657055980933564,1.040230522122535,0.020894107856029465
page_rank,0.9771300857161461,0.06631196466375255,0.055827040949787875
degree_centrality,0.970026559413467,0.06790274501187836,0.05542119032704616
katz_centrality,0.8165422331883956,0.39825613280457706,0.04665206542691816
betweenness,0.9322365570487785,0.13626059688387782,0.053262108296571346
closeness,0.8735959978262327,0.27395450226949375,0.04991175715203956
eigenvector_centrality,0.8203039298421565,0.39284012912625,0.04686698501254966
core,0.7710229704194914,0.4873370398118507,0.04405138227965707
