measure,Hyperarea,GD,HyperVolume
two-hop,0.3690998651623746,1.0167225584885555,0.021088034836097544
page_rank,0.9783880835400407,0.07315131557213146,0.05589891499916568
degree_centrality,0.9697059762144947,0.07508855055677745,0.055402874228055385
katz_centrality,0.8197648122396601,0.3872734461611272,0.046836183238137756
betweenness,0.932556522255621,0.13908853252562398,0.053280389087395436
closeness,0.8739504272549847,0.27131869393649344,0.04993200701080658
eigenvector_centrality,0.8218885365071334,0.3859699813318622,0.046957519428046796
core,0.7767845655442482,0.4721719508753406,0.04438056343134595
