measure,Hyperarea,GD,HyperVolume
two-hop,0.458506732579659,1.1715008714603883,0.026130577707460512
page_rank,0.98601516796756,0.07583155716386016,0.05619360444796681
degree_centrality,0.976920352394067,0.08190684896224944,0.055675285373912885
katz_centrality,0.8291194421773392,0.40426731750725137,0.04725202155852145
betweenness,0.9373682261162982,0.17384421369502265,0.05342118562845938
closeness,0.8694178769491614,0.3160375721714395,0.04954865387920647
eigenvector_centrality,0.8102245519068375,0.44197903302018327,0.04617519026378903
core,0.8018874026148178,0.44563754323826477,0.0457000510521833
