measure,Hyperarea,GD,HyperVolume
page_rank,0.9468015850125853,0.10720358481780336,0.22055148514532472
