measure,Hyperarea,GD,HyperVolume
two-hop,0.46385355932338984,1.1107199571433914,0.02643301023472603
page_rank,0.9833099587705174,0.05963650679914529,0.056034586092219896
degree_centrality,0.9740546373541658,0.072164938251975,0.055507165312952925
katz_centrality,0.8294988266866647,0.3849003238520351,0.04726955422630561
betweenness,0.9336043220357467,0.15991333235687455,0.05320207661131762
closeness,0.8673133147921831,0.3038318217276977,0.04942443852334994
eigenvector_centrality,0.8087565345430189,0.42573710824075034,0.04608754061553494
core,0.8019041707481133,0.4353157354071623,0.04569705400897098
