measure,Hyperarea,GD,HyperVolume
page_rank,0.9606982357149492,0.09231824721401333,0.22405985407667312
