measure,Hyperarea,GD,HyperVolume
page_rank,0.9674489547153686,0.07460281819470875,0.22520283335885238
