measure,Hyperarea,GD,HyperVolume
two-hop,0.46842197853272094,1.1937133364258463,0.026689498747698465
page_rank,0.9858804355313647,0.07952416335756195,0.056172971925690166
degree_centrality,0.9760610261087176,0.08999287348312586,0.05561348682998693
katz_centrality,0.8309769758195238,0.409259958098413,0.04734696485628759
betweenness,0.9360096152809507,0.1837843856555102,0.05333145881225895
closeness,0.8665653065876711,0.3305948611988386,0.04937469786839858
eigenvector_centrality,0.8085399297942345,0.461763012661668,0.046068558762556056
core,0.8000924507035145,0.4622663521508232,0.04558724278477208
