measure,Hyperarea,GD,HyperVolume
page_rank,0.9986205004408657,0.09276244604704068,0.23245894788907304
