measure,Hyperarea,GD,HyperVolume
two-hop,0.3001443154273631,1.377934470439503,0.017103927742106836
page_rank,0.960439908230555,0.09642891098684851,0.05473132072356922
degree_centrality,0.9508383438821759,0.11061833318330276,0.054184169055572336
katz_centrality,0.8061060645196596,0.4454425818044198,0.045936501780441195
betweenness,0.915554376040851,0.18798230829983542,0.052173488175098044
closeness,0.8584671570166362,0.32643728875427014,0.04892033421215286
eigenvector_centrality,0.8001799274339589,0.4576642153140616,0.045598796832208806
core,0.7323331833963429,0.5782017122601851,0.04173250402601559
