measure,Hyperarea,GD,HyperVolume
two-hop,0.3677017314723437,1.1008763618498807,0.021054840895880667
page_rank,0.9715136385499198,0.05909905989047825,0.05562950439733022
degree_centrality,0.9638000325080165,0.07232341042064874,0.055187818285884774
katz_centrality,0.8133113541638777,0.38215571604450543,0.04657073844108801
betweenness,0.9255785225741452,0.14964411077580753,0.05299922970558185
closeness,0.8650988419045629,0.27690532161620923,0.049536123756004614
eigenvector_centrality,0.8131871727767321,0.38857904930561216,0.04656362773389033
core,0.7690692417034748,0.46445197105491537,0.04403740623451529
