measure,Hyperarea,GD,HyperVolume
page_rank,0.9425436624156938,0.11533835480797688,0.22010044577048113
