measure,Hyperarea,GD,HyperVolume
page_rank,0.9636522212320099,0.08634071244438124,0.22447673506322416
