measure,Hyperarea,GD,HyperVolume
two-hop,0.301798208531654,1.1893292655838639,0.017235616614078318
page_rank,0.96467259304647,0.07596261988568904,0.055092199031770796
degree_centrality,0.9553224637423232,0.08733312082049732,0.054558215597069824
katz_centrality,0.8098519280161665,0.41375533800050285,0.046250431416973714
betweenness,0.9195468042852958,0.1468067305204122,0.05251507705917994
closeness,0.8625646410318726,0.29168724474875,0.04926084064586533
eigenvector_centrality,0.8044766522304677,0.4259362032336205,0.04594345082524656
core,0.7339910377737232,0.558871032232344,0.041918035851794974
