measure,Hyperarea,GD,HyperVolume
two-hop,0.45587659147701604,0.9471242406447214,0.02595090191117343
page_rank,0.9802543814754027,0.05025167166367567,0.05580125362271138
degree_centrality,0.9712081392163616,0.05788150388874384,0.05528629376313955
katz_centrality,0.8251713807336125,0.3665499671335054,0.04697311062177043
betweenness,0.9325746182232666,0.13528849299742512,0.05308706982289121
closeness,0.8635105564283738,0.2862305196895088,0.049155578873949064
eigenvector_centrality,0.8033750275456237,0.4068575584741,0.04573234714722974
core,0.7961291366866946,0.4225540585331549,0.04531987279242704
