measure,Hyperarea,GD,HyperVolume
page_rank,0.9953863583527874,0.06884816000158293,0.23298152269747302
