measure,Hyperarea,GD,HyperVolume
page_rank,0.9738811026252321,0.06490983518085049,0.22685948876617718
