measure,Hyperarea,GD,HyperVolume
two-hop,0.29433857154961635,1.1545896024427704,0.016816646756874058
page_rank,0.9596303988304762,0.09165590392912358,0.054827219379808535
degree_centrality,0.9499703393097969,0.09690065369356915,0.0542753045976093
katz_centrality,0.8004557822617718,0.4448324362995268,0.0457329872327807
betweenness,0.9162367256848958,0.15849362641805054,0.05234797899710705
closeness,0.8578626792889285,0.30375617087500284,0.04901285471202883
eigenvector_centrality,0.8029002033039675,0.4335441900325801,0.04587264601068146
core,0.7293879781415545,0.577861759976778,0.04167262181283453
