measure,Hyperarea,GD,HyperVolume
two-hop,0.46505412901007653,0.9281386948123233,0.026570255366853524
page_rank,0.9764374861353131,0.07156735325461852,0.05578747018461935
degree_centrality,0.9656208261121896,0.08032538427432272,0.05516947455550281
katz_centrality,0.8237441904940649,0.3785754941816067,0.04706353977542064
betweenness,0.9297125581402955,0.1468060414398508,0.05311790294205314
closeness,0.8613128254077347,0.29848548398496916,0.04920997426803573
eigenvector_centrality,0.8028497141784637,0.4200071838961916,0.0458697613809702
core,0.7929719360739009,0.4407785151306007,0.04530540753413088
