measure,Hyperarea,GD,HyperVolume
page_rank,0.9642587922066688,0.08031093857155139,0.22489026860051445
