measure,Hyperarea,GD,HyperVolume
page_rank,0.9937029508421006,0.05589196763625566,0.2328784625347862
