measure,Hyperarea,GD,HyperVolume
page_rank,0.9477994869226221,0.10245552843040331,0.22105152985504103
