measure,Hyperarea,GD,HyperVolume
page_rank,0.9957555225133257,0.05407978060977377,0.23350324757178442
