measure,Hyperarea,GD,HyperVolume
two-hop,0.4553540061760741,1.1717646545190232,0.02595090191117343
page_rank,0.9791306858513671,0.06122950639836477,0.05580125362271138
degree_centrality,0.9700948135769265,0.07470782516417047,0.05528629376313955
katz_centrality,0.8242254615037344,0.39057430033169777,0.04697311062177043
betweenness,0.9315055793723441,0.16132638195928037,0.05308706982289121
closeness,0.8625206878270147,0.30873365310226353,0.049155578873949064
eigenvector_centrality,0.8024540941430576,0.43746912944526106,0.04573234714722974
core,0.7952165094707717,0.44118921239542247,0.04531987279242704
