measure,Hyperarea,GD,HyperVolume
two-hop,0.4663291621441354,1.23039401138435,0.026570255366853524
page_rank,0.9791145726731958,0.06808921410895265,0.05578747018461935
degree_centrality,0.9682682567475245,0.08403648626715723,0.05516947455550281
katz_centrality,0.8260026397182533,0.4001970172284135,0.04706353977542064
betweenness,0.9322615395229633,0.16515427795547483,0.05311790294205314
closeness,0.8636742760920288,0.31887893632403275,0.04920997426803573
eigenvector_centrality,0.8050508772762437,0.4461022491613764,0.0458697613809702
core,0.7951460173900375,0.45721215856483294,0.04530540753413088
