measure,Hyperarea,GD,HyperVolume
page_rank,0.9951780158317075,0.08384989762862692,0.2329327577557029
