measure,Hyperarea,GD,HyperVolume
two-hop,0.46188868412969764,0.9719173697977865,0.02643301023472603
page_rank,0.9791446757693113,0.05597670374895807,0.056034586092219896
degree_centrality,0.9699285597252051,0.06897892253899922,0.055507165312952925
katz_centrality,0.825985084827853,0.3714498890838772,0.04726955422630561
betweenness,0.929649591202663,0.1475293966909788,0.05320207661131762
closeness,0.8636393914533605,0.29497660996149144,0.04942443852334994
eigenvector_centrality,0.8053306566543637,0.4101588866417335,0.04608754061553494
core,0.7985073193471677,0.42721385584808824,0.04569705400897098
