measure,Hyperarea,GD,HyperVolume
page_rank,0.9886946542291808,0.06617687695716541,0.23184748404575045
