measure,Hyperarea,GD,HyperVolume
two-hop,0.30277614939647257,1.1802308897523086,0.017235616614078318
page_rank,0.9677984987783181,0.07825905942074379,0.055092199031770796
degree_centrality,0.958418071502615,0.08104809878474205,0.054558215597069824
katz_centrality,0.8124761559687191,0.4067988276301594,0.046250431416973714
betweenness,0.9225264853158728,0.13835955999801836,0.05251507705917994
closeness,0.8653596782029568,0.28341080605360586,0.04926084064586533
eigenvector_centrality,0.8070834622471218,0.41920075525064215,0.04594345082524656
core,0.7363694476183071,0.5562039771377213,0.041918035851794974
