measure,Hyperarea,GD,HyperVolume
page_rank,0.9935306694107219,0.06460033786732926,0.23298152269747302
