measure,Hyperarea,GD,HyperVolume
two-hop,0.3765498131192964,1.1084277952437276,0.021561487820180948
page_rank,0.9730331673981029,0.05783129222821885,0.055716513609952334
degree_centrality,0.9657791498520314,0.07108001507834093,0.05530114383544272
katz_centrality,0.8158616226972231,0.3870326778759875,0.046716768480153506
betweenness,0.9288817358996443,0.14598936379592437,0.05318837385438706
closeness,0.8688971112707342,0.27811234820588915,0.04975361513648904
eigenvector_centrality,0.8193663647986328,0.3816554624695889,0.046917452298069734
core,0.7726059204038174,0.4684863836514729,0.04423991876290996
