measure,Hyperarea,GD,HyperVolume
page_rank,1.0016205340970343,0.0927744552422022,0.23298152269747302
