measure,Hyperarea,GD,HyperVolume
two-hop,0.4642868965511605,0.983167875444723,0.026570255366853524
page_rank,0.9748265886360047,0.06033875123951734,0.05578747018461935
degree_centrality,0.9640277736166111,0.07550720721618413,0.05516947455550281
katz_centrality,0.8223852018487305,0.3783508373308157,0.04706353977542064
betweenness,0.9281787460363465,0.1444500016776285,0.05311790294205314
closeness,0.8598918571468138,0.29985898002311345,0.04920997426803573
eigenvector_centrality,0.8015251966181953,0.4195280256226236,0.0458697613809702
core,0.7916637145779206,0.4399435266767959,0.04530540753413088
