measure,Hyperarea,GD,HyperVolume
two-hop,0.29233985566549764,1.1769311297160303,0.01670953978316492
page_rank,0.9594799404664835,0.08649357948687683,0.05484188325904545
degree_centrality,0.949312331807636,0.08869930041676646,0.054260723837597745
katz_centrality,0.8016844321755361,0.43081526170962675,0.04582261930206628
betweenness,0.9149303671340796,0.15338860231283433,0.05229552205138107
closeness,0.8590371671776418,0.2941000217175058,0.04910078267465668
eigenvector_centrality,0.8003152320520043,0.4278959305489955,0.045744358662978296
core,0.7257605291152928,0.5717699478054487,0.04148296648329388
