measure,Hyperarea,GD,HyperVolume
page_rank,0.9681788479078632,0.077457300201992,0.22520283335885238
