measure,Hyperarea,GD,HyperVolume
page_rank,0.9482480653382739,0.10655504289044569,0.22088843365609415
