measure,Hyperarea,GD,HyperVolume
page_rank,0.9704266997289531,0.08619387522832743,0.22599695091224983
