measure,Hyperarea,GD,HyperVolume
page_rank,0.9400182892681028,0.11646408439102382,0.21986053232880196
