measure,Hyperarea,GD,HyperVolume
page_rank,0.9745657814365761,0.0744834812107188,0.22685948876617718
