measure,Hyperarea,GD,HyperVolume
two-hop,0.369868035205831,1.0204305876742052,0.021054840895880667
page_rank,0.977237282041881,0.053652443426672,0.05562950439733022
degree_centrality,0.9694782315211053,0.05761245641969158,0.055187818285884774
katz_centrality,0.8181029536376085,0.36913740205955947,0.04657073844108801
betweenness,0.9310315407066934,0.13065037170407245,0.05299922970558185
closeness,0.8701955458106047,0.2622746837073888,0.049536123756004614
eigenvector_centrality,0.8179780406395415,0.37271363476286345,0.04656362773389033
core,0.7736001900972759,0.45425926331169114,0.04403740623451529
