measure,Hyperarea,GD,HyperVolume
page_rank,0.9477774823607418,0.10336126204468453,0.22104639781800733
