measure,Hyperarea,GD,HyperVolume
page_rank,0.9597549602902435,0.08911190957732083,0.22447673506322416
