measure,Hyperarea,GD,HyperVolume
two-hop,0.3690882395136692,1.0272200986582352,0.021087370619965188
page_rank,0.9757396248679397,0.08305331341543604,0.055747598799917926
degree_centrality,0.9671920201158063,0.08416265250798209,0.055259242656252344
katz_centrality,0.8164945786422368,0.39693849173028584,0.04664934274716575
betweenness,0.9295299294297031,0.14721666273617812,0.05310746869112393
closeness,0.8698355844252528,0.28022034010046815,0.04969691088336616
eigenvector_centrality,0.8185970158819047,0.3927361058941911,0.046769462730767805
core,0.7779768194220159,0.47303298806260796,0.044448681286920824
