measure,Hyperarea,GD,HyperVolume
two-hop,0.299492316811361,1.1712062004083477,0.017103927742106836
page_rank,0.9583535602348322,0.08123788808124083,0.05473132072356922
degree_centrality,0.948772853208564,0.09376760110018903,0.054184169055572336
katz_centrality,0.8043549734231338,0.42410516258917036,0.045936501780441195
betweenness,0.9135655321568571,0.16332424942167187,0.052173488175098044
closeness,0.8566023227702801,0.3042078771244133,0.04892033421215286
eigenvector_centrality,0.7984417095886643,0.4336354575194902,0.045598796832208806
core,0.730742347929921,0.5584463206865977,0.04173250402601559
