measure,Hyperarea,GD,HyperVolume
page_rank,0.9451104240195256,0.11146432574493752,0.22105152985504103
