measure,Hyperarea,GD,HyperVolume
page_rank,0.9646137175518922,0.0802185073848037,0.22561314801411922
