measure,Hyperarea,GD,HyperVolume
page_rank,0.9939346310097481,0.052995252115848,0.2329327577557029
