measure,Hyperarea,GD,HyperVolume
page_rank,0.9594991719461421,0.09945460930251705,0.22405985407667312
