measure,Hyperarea,GD,HyperVolume
page_rank,0.9489147230611571,0.12215643672456719,0.22088843365609415
