measure,Hyperarea,GD,HyperVolume
page_rank,0.9960059521254279,0.05334283574497391,0.23195395214668904
