measure,Hyperarea,GD,HyperVolume
page_rank,0.9615230315496057,0.08844763832673175,0.22489026860051445
