measure,Hyperarea,GD,HyperVolume
page_rank,0.9924483746659082,0.07721818926536951,0.2322938541280924
