measure,Hyperarea,GD,HyperVolume
page_rank,0.9448793588921636,0.11459620884212268,0.22099748611729206
