measure,Hyperarea,GD,HyperVolume
page_rank,0.9638989211757883,0.09830030366327654,0.22447673506322416
