measure,Hyperarea,GD,HyperVolume
page_rank,0.9489590909767194,0.10948903705629741,0.22099748611729206
