measure,Hyperarea,GD,HyperVolume
two-hop,0.4547188197809945,0.9802426187881531,0.02596887265528408
page_rank,0.97669060346003,0.05466428580624562,0.055778544457609845
degree_centrality,0.967752900061406,0.06298885535345448,0.05526811455831218
katz_centrality,0.8258501797538377,0.3770911297380473,0.047164087381956335
betweenness,0.9281002559956415,0.143117739048283,0.05300356244523911
closeness,0.8606473819579692,0.29925937568279937,0.04915134648250221
eigenvector_centrality,0.8009351558375275,0.4271940221452017,0.045741196894165136
core,0.7949635195838728,0.4402255044536331,0.045400158312367433
