measure,Hyperarea,GD,HyperVolume
page_rank,0.9999757825198857,0.06535529252828247,0.2328784625347862
