measure,Hyperarea,GD,HyperVolume
two-hop,0.4640229271913348,1.0170415054336144,0.026570255366853524
page_rank,0.9742723529846117,0.059063057734904535,0.05578747018461935
degree_centrality,0.9634796776092801,0.07714803223284265,0.05516947455550281
katz_centrality,0.8219176364341675,0.37983999890646786,0.04706353977542064
betweenness,0.9276510319198917,0.14770852923093492,0.05311790294205314
closeness,0.859402967400546,0.3011500148978667,0.04920997426803573
eigenvector_centrality,0.8010694911166893,0.4208159218861601,0.0458697613809702
core,0.79121361580174,0.4409216708689178,0.04530540753413088
