measure,Hyperarea,GD,HyperVolume
page_rank,0.9475677643602699,0.10436006463413536,0.22099748611729206
