measure,Hyperarea,GD,HyperVolume
page_rank,0.9339944208594673,0.13435280973878214,0.21845161195978183
