measure,Hyperarea,GD,HyperVolume
page_rank,0.9938830776274061,0.044809703485293326,0.23245894788907304
