measure,Hyperarea,GD,HyperVolume
page_rank,0.9692306830441597,0.08243981924692208,0.22685948876617718
