measure,Hyperarea,GD,HyperVolume
page_rank,0.990541310596639,0.08479703689552885,0.23184748404575045
