measure,Hyperarea,GD,HyperVolume
page_rank,0.9656746264859705,0.07818871623707506,0.22489026860051445
