measure,Hyperarea,GD,HyperVolume
page_rank,0.9487162147277177,0.10605145922968175,0.22099748611729206
