measure,Hyperarea,GD,HyperVolume
two-hop,0.369529241570734,1.355499179885688,0.021054840895880667
page_rank,0.9763421471839822,0.07249965713835539,0.05562950439733022
degree_centrality,0.9685902038384167,0.08549540775592596,0.055187818285884774
katz_centrality,0.8173535834645623,0.4100781109848901,0.04657073844108801
betweenness,0.9301787296226254,0.17640874302376677,0.05299922970558185
closeness,0.8693984595956623,0.3025703240179693,0.049536123756004614
eigenvector_centrality,0.817228784884949,0.4168136148591608,0.04656362773389033
core,0.7728915837956556,0.4908383036690846,0.04403740623451529
