measure,Hyperarea,GD,HyperVolume
page_rank,0.9909961831292201,0.05640989281518897,0.23195395214668904
