measure,Hyperarea,GD,HyperVolume
page_rank,0.9994367906430253,0.04914410848355604,0.23375790378594832
