measure,Hyperarea,GD,HyperVolume
page_rank,0.9719546338983323,0.09914576112372456,0.2262516656649537
