measure,Hyperarea,GD,HyperVolume
two-hop,0.36943375931423406,1.0970886042247077,0.02114199086605983
page_rank,0.9749502285002448,0.07476490274164865,0.05579454585871394
degree_centrality,0.9669528876174479,0.07942800567805602,0.05533687326211444
katz_centrality,0.8155836541168999,0.39281223636640866,0.046674300144780606
betweenness,0.9275170899102527,0.14912895444113988,0.053080037621351765
closeness,0.8710780105704564,0.2774405768657186,0.04985013653676828
eigenvector_centrality,0.8115170702651993,0.4046176557257133,0.046441577291275515
core,0.7770890074528841,0.4659796857465695,0.044471324786834035
