measure,Hyperarea,GD,HyperVolume
page_rank,0.9688852416313322,0.07833131602380794,0.2262516656649537
