measure,Hyperarea,GD,HyperVolume
two-hop,0.46846539101282264,1.0721615509752471,0.026695818596971715
page_rank,0.9806234904576979,0.05827004025182514,0.0558814958701429
degree_centrality,0.9698290905038462,0.07265375884843213,0.05526636965471817
katz_centrality,0.8297238609187796,0.3802416566966931,0.047282377954918006
betweenness,0.931075691937905,0.1547888918179784,0.05305798090716137
closeness,0.86443009672724,0.3038928722928189,0.049260136382970214
eigenvector_centrality,0.806454999540036,0.4291279238553803,0.045956386079654764
core,0.7986863726150689,0.4409834747688853,0.04551368559608629
