measure,Hyperarea,GD,HyperVolume
two-hop,0.30411729253320874,1.2767297724701283,0.017413954463399946
page_rank,0.9668861844765567,0.08133986581727229,0.05536453335986046
degree_centrality,0.9561104919662824,0.08133790309199396,0.05474751018067039
katz_centrality,0.8102582283632564,0.42663113356555565,0.04639591446702134
betweenness,0.9209452409443335,0.14763080251409674,0.052733924978430116
closeness,0.8630396253004524,0.29751982050653997,0.049418211670586645
eigenvector_centrality,0.8016759993655086,0.44129468732544674,0.04590449043875787
core,0.7371835594866151,0.5627095710602187,0.04221161128042466
