measure,Hyperarea,GD,HyperVolume
two-hop,0.45570874848542275,1.1167928668877154,0.02596887265528408
page_rank,0.9788168714341071,0.061489059421763005,0.055778544457609845
degree_centrality,0.969859710540519,0.06994256932176161,0.05526811455831218
katz_centrality,0.8276480661903158,0.38441422514399465,0.047164087381956335
betweenness,0.930120742159904,0.1499263581091762,0.05300356244523911
closeness,0.8625210223500726,0.3055427168622736,0.04915134648250221
eigenvector_centrality,0.8026788019472952,0.4358233448346501,0.045741196894165136
core,0.7966941653649039,0.4465389614251731,0.045400158312367433
