measure,Hyperarea,GD,HyperVolume
two-hop,0.30046278571087504,1.1621208006681694,0.017103927742106836
page_rank,0.9614589898994343,0.07819704486167703,0.05473132072356922
degree_centrality,0.9518472377421814,0.08654872979652409,0.054184169055572336
katz_centrality,0.8069613891542199,0.41844732050395783,0.045936501780441195
betweenness,0.9165258315931348,0.15345428852291576,0.052173488175098044
closeness,0.8593780397647952,0.29631831134750275,0.04892033421215286
eigenvector_centrality,0.8010289640981636,0.4277020930499186,0.045598796832208806
core,0.7331102307850611,0.5544748847220028,0.04173250402601559
