measure,Hyperarea,GD,HyperVolume
two-hop,0.3700468403705331,1.2628714470359215,0.021087370619965188
page_rank,0.9782738287258217,0.07394875076416728,0.055747598799917926
degree_centrality,0.9697040240215838,0.07954625828922306,0.055259242656252344
katz_centrality,0.8186151891600426,0.4133238373292535,0.04664934274716575
betweenness,0.9319441168554689,0.15750658668573633,0.05310746869112393
closeness,0.8720947329087141,0.29089391358786265,0.04969691088336616
eigenvector_centrality,0.8207230868775142,0.40784720534650065,0.046769462730767805
core,0.7799973911061769,0.4796089270309044,0.044448681286920824
