measure,Hyperarea,GD,HyperVolume
page_rank,0.9264282092652898,0.1512678654420733,0.21711234412630598
