measure,Hyperarea,GD,HyperVolume
page_rank,0.9490706990223917,0.10070757797126549,0.22075819043099892
