measure,Hyperarea,GD,HyperVolume
page_rank,0.9503097433618903,0.0925277780225323,0.22104639781800733
