measure,Hyperarea,GD,HyperVolume
page_rank,1.0022804249204653,0.07844663993156746,0.23375790378594832
