measure,Hyperarea,GD,HyperVolume
page_rank,0.9930911777667567,0.049197918132289326,0.2328784625347862
