measure,Hyperarea,GD,HyperVolume
page_rank,0.996116232716505,0.060875170388473204,0.2331523581114907
