measure,Hyperarea,GD,HyperVolume
two-hop,0.45452824172487033,0.9617460660255917,0.02596887265528408
page_rank,0.9762812608321357,0.07638475722087787,0.055778544457609845
degree_centrality,0.9673473033311211,0.0794540589314877,0.05526811455831218
katz_centrality,0.8255040561384064,0.38421982269503346,0.047164087381956335
betweenness,0.9277112781592696,0.15374734383035335,0.05300356244523911
closeness,0.8602866744219563,0.3045559569961138,0.04915134648250221
eigenvector_centrality,0.8005994744044288,0.43482936362666946,0.045741196894165136
core,0.7946303409344277,0.44810327816053575,0.045400158312367433
