measure,Hyperarea,GD,HyperVolume
two-hop,0.37105879301890093,1.397644801686513,0.02114199086605983
page_rank,0.9792387563939233,0.0992162112402215,0.05579454585871394
degree_centrality,0.9712062374902914,0.10349866189055044,0.05533687326211444
katz_centrality,0.8191711739184891,0.43342200859490615,0.046674300144780606
betweenness,0.9315969729603468,0.1948361616970044,0.053080037621351765
closeness,0.8749096342130784,0.31834382952781215,0.04985013653676828
eigenvector_centrality,0.8150867023246554,0.44740080417423583,0.046441577291275515
core,0.7805072002866446,0.5090790002177183,0.044471324786834035
