measure,Hyperarea,GD,HyperVolume
two-hop,0.3689433186223915,1.058257837535226,0.021088034836097544
page_rank,0.977973119234455,0.06685493015696695,0.05589891499916568
degree_centrality,0.9692946942561268,0.06935267917302161,0.055402874228055385
katz_centrality,0.8194171249141728,0.38838318436151803,0.046836183238137756
betweenness,0.9321609965167168,0.13611732072021218,0.053280389087395436
closeness,0.8735797581531596,0.2728148257959417,0.04993200701080658
eigenvector_centrality,0.8215399484452403,0.38616649570384987,0.046957519428046796
core,0.7764551074557313,0.4723377603095756,0.04438056343134595
