measure,Hyperarea,GD,HyperVolume
page_rank,0.9470439711064951,0.10118277201224724,0.22055148514532472
