measure,Hyperarea,GD,HyperVolume
two-hop,0.29870298601881123,1.2544129297135556,0.017103927742106836
page_rank,0.9558277592951054,0.09162578020208356,0.05473132072356922
degree_centrality,0.9462723028233447,0.10777903678051873,0.054184169055572336
katz_centrality,0.8022350454215639,0.4383962183735667,0.045936501780441195
betweenness,0.9111577728753468,0.1790814888678536,0.052173488175098044
closeness,0.8543446936012549,0.3195260262109898,0.04892033421215286
eigenvector_centrality,0.7963373663649569,0.4471745266704318,0.045598796832208806
core,0.7288164306216498,0.5714911303867982,0.04173250402601559
