measure,Hyperarea,GD,HyperVolume
page_rank,0.9948716756774993,0.06622973831062336,0.2331523581114907
