measure,Hyperarea,GD,HyperVolume
page_rank,0.9441859610345742,0.13534820148861246,0.22099748611729206
