measure,Hyperarea,GD,HyperVolume
two-hop,0.30558474755674064,1.3934270116377852,0.017413954463399946
page_rank,0.9715516935529234,0.09199148083518185,0.05536453335986046
degree_centrality,0.960724005169693,0.08943473817771537,0.05474751018067039
katz_centrality,0.814167961669329,0.43566493540555895,0.04639591446702134
betweenness,0.9253890715103773,0.15603739395583113,0.052733924978430116
closeness,0.8672040443083453,0.30289698448530183,0.049418211670586645
eigenvector_centrality,0.8055443209026188,0.4508700040024931,0.04590449043875787
core,0.7407406861091193,0.572636712083019,0.04221161128042466
