measure,Hyperarea,GD,HyperVolume
page_rank,0.9983480026907072,0.046139213364613796,0.23350324757178442
