measure,Hyperarea,GD,HyperVolume
two-hop,0.3209093305331107,1.0771232587132393,0.018334732088113564
page_rank,0.9582592353555238,0.07911749828752039,0.05474887975995237
degree_centrality,0.9482608074175832,0.10339330125541196,0.05417763274373159
katz_centrality,0.8072337184037397,0.4171191369604164,0.04612023569036489
betweenness,0.9150655360601506,0.16304723434165963,0.05228106461989525
closeness,0.8592788143838631,0.294835190191924,0.04909376372618267
eigenvector_centrality,0.8027757870886628,0.4221133737719286,0.04586553765402745
core,0.7350976713372686,0.5461532063170461,0.041998837616142065
