measure,Hyperarea,GD,HyperVolume
page_rank,0.9683344365512158,0.07653595344060793,0.22556742772657382
