measure,Hyperarea,GD,HyperVolume
two-hop,0.3633973943795566,1.0399503227556097,0.02075352997804201
page_rank,0.9766509224136247,0.05396108183542787,0.055776278283446605
degree_centrality,0.96803222724465,0.0649962856259456,0.05528406686055979
katz_centrality,0.8149170393673222,0.383112583988169,0.04653969859911135
betweenness,0.9318415786789828,0.13432243307981018,0.05321722840340818
closeness,0.8717718400177743,0.26644616416626526,0.04978666136754098
eigenvector_centrality,0.8174767385494961,0.38117995157316287,0.0466858823487299
core,0.7741635297749129,0.4589440680542059,0.04421227634425307
