measure,Hyperarea,GD,HyperVolume
two-hop,0.4575502992777885,0.9429951930404128,0.026130577707460512
page_rank,0.9839583655788845,0.05012578241799938,0.05619360444796681
degree_centrality,0.9748825215577609,0.057885059510348454,0.055675285373912885
katz_centrality,0.8273899202545855,0.3624673724443341,0.04725202155852145
betweenness,0.9354129000024833,0.13517670990618808,0.05342118562845938
closeness,0.8676042935235107,0.2821383180281965,0.04954865387920647
eigenvector_centrality,0.8085344442412926,0.400753870941407,0.04617519026378903
core,0.8002146860291829,0.414893991092516,0.0457000510521833
