measure,Hyperarea,GD,HyperVolume
two-hop,0.46896245958358324,0.9450618823456404,0.026695818596971715
page_rank,0.9816639880615918,0.053191565871092944,0.0558814958701429
degree_centrality,0.9708581346320722,0.05937282025442413,0.05526636965471817
katz_centrality,0.830604245385989,0.36403279233638913,0.047282377954918006
betweenness,0.9320636164939984,0.13524345243091854,0.05305798090716137
closeness,0.8653473064954443,0.2881836250093482,0.049260136382970214
eigenvector_centrality,0.8073106944146081,0.41131902436232837,0.045956386079654764
core,0.7995338245321965,0.42828075307108443,0.04551368559608629
