measure,Hyperarea,GD,HyperVolume
two-hop,0.4537264234093725,1.03701089609216,0.025980670846691003
page_rank,0.9794222946900994,0.06144508237789679,0.05608235920458107
degree_centrality,0.9703228793919758,0.0768925516755966,0.0555613207515382
katz_centrality,0.8265709386211689,0.3826416879442432,0.04732999089273102
betweenness,0.9306124555332885,0.15760025268098596,0.05328747598908695
closeness,0.8649465153565364,0.29874153070972737,0.049527401438543464
eigenvector_centrality,0.8030305358083111,0.4279065269470038,0.04598205207866824
core,0.8007796989555518,0.4291550998557768,0.0458531676928709
