measure,Hyperarea,GD,HyperVolume
two-hop,0.4684248735511924,1.1213994549504056,0.026695818596971715
page_rank,0.9805386765623482,0.06467836716274149,0.0558814958701429
degree_centrality,0.969745210213613,0.07901003772811642,0.05526636965471817
katz_centrality,0.8296520982969438,0.38953385190991546,0.047282377954918006
betweenness,0.9309951634200109,0.16346947448809146,0.05305798090716137
closeness,0.8643553323712212,0.31245566439976014,0.049260136382970214
eigenvector_centrality,0.8063852494365551,0.4396744639033299,0.045956386079654764
core,0.798617294418306,0.4495974360641616,0.04551368559608629
