measure,Hyperarea,GD,HyperVolume
page_rank,0.9654274720688125,0.07938311764071702,0.22489026860051445
