measure,Hyperarea,GD,HyperVolume
page_rank,0.9708604046758195,0.10210601064381991,0.22599695091224983
