measure,Hyperarea,GD,HyperVolume
page_rank,0.9500994650392713,0.10127846277848303,0.22099748611729206
