measure,Hyperarea,GD,HyperVolume
two-hop,0.3214707561334883,1.3128372972422386,0.01831189204273962
page_rank,0.9625300012222661,0.10253478675200324,0.05482845681602595
degree_centrality,0.9515660613341582,0.10628331323774352,0.054203919498825165
katz_centrality,0.8091766941138773,0.4380696799063502,0.04609301463166803
betweenness,0.9168773755429526,0.16969222277511292,0.05222795292272608
closeness,0.8615955620002992,0.3055920327444962,0.0490789429981668
eigenvector_centrality,0.803614271017293,0.44808394570816895,0.045776163131812174
core,0.7341991200299839,0.5808053302113253,0.04182207795685383
