measure,Hyperarea,GD,HyperVolume
page_rank,0.9919128628415652,0.05709760493832615,0.23245894788907304
