measure,Hyperarea,GD,HyperVolume
page_rank,0.9972028628929744,0.060783708435612815,0.23195395214668904
