measure,Hyperarea,GD,HyperVolume
page_rank,0.9711837668499429,0.07106065462375194,0.22590179126444218
