measure,Hyperarea,GD,HyperVolume
page_rank,0.9687786572298138,0.06921881516622085,0.22561314801411922
