measure,Hyperarea,GD,HyperVolume
page_rank,0.9987424580734786,0.059880757438108896,0.2329327577557029
