measure,Hyperarea,GD,HyperVolume
page_rank,0.9972101939474171,0.060063090385049915,0.2322938541280924
