measure,Hyperarea,GD,HyperVolume
page_rank,0.9415162728836487,0.11749085911781941,0.21986053232880196
