measure,Hyperarea,GD,HyperVolume
page_rank,0.9712717895423187,0.07723005065159333,0.2262516656649537
