measure,Hyperarea,GD,HyperVolume
page_rank,0.997911274077642,0.0782402383902077,0.2322938541280924
