measure,Hyperarea,GD,HyperVolume
page_rank,0.9979189220453901,0.06665102389796262,0.23245894788907304
