measure,Hyperarea,GD,HyperVolume
page_rank,0.9481820437494732,0.09585112910116132,0.22055148514532472
