measure,Hyperarea,GD,HyperVolume
two-hop,0.29364736889003284,1.2553522400192756,0.016814439808909752
page_rank,0.9618091567713173,0.07671619870704446,0.055073819443094925
degree_centrality,0.9514727302209465,0.09541297204191597,0.05448194891918257
katz_centrality,0.8080725106163061,0.42047172404926186,0.0462707588436821
betweenness,0.9167443007250725,0.16655192120793294,0.05249337640234515
closeness,0.8590171994962311,0.3022607480109553,0.04918788494630323
eigenvector_centrality,0.801896058456458,0.43178939738520405,0.045917091165790284
core,0.7292871156898052,0.5644727963528678,0.04175945575991795
