measure,Hyperarea,GD,HyperVolume
page_rank,0.9967451414612845,0.06216872914838014,0.23184748404575045
