measure,Hyperarea,GD,HyperVolume
two-hop,0.3220841880017549,1.1138887663243853,0.018334732088113564
page_rank,0.9617674475277423,0.0689035659384967,0.05474887975995237
degree_centrality,0.951732415083108,0.09083201399020954,0.05417763274373159
katz_centrality,0.8101890222007113,0.4047932861851111,0.04612023569036489
betweenness,0.9184156149673399,0.1513373156889973,0.05228106461989525
closeness,0.8624246566410813,0.28322105614861465,0.04909376372618267
eigenvector_centrality,0.8057147702822679,0.4099375149387009,0.04586553765402745
core,0.7377888831755747,0.5356182205577732,0.041998837616142065
