measure,Hyperarea,GD,HyperVolume
two-hop,0.36791090646128455,1.062043443245121,0.021054840895880667
page_rank,0.9720663048476439,0.05932665514697033,0.05562950439733022
degree_centrality,0.9643483107560786,0.06980605032176405,0.055187818285884774
katz_centrality,0.8137740237108267,0.38012846861707483,0.04657073844108801
betweenness,0.9261050576993624,0.14512824267702387,0.05299922970558185
closeness,0.8655909718707818,0.2750180753758864,0.049536123756004614
eigenvector_centrality,0.8136497716804449,0.3856455753749331,0.04656362773389033
core,0.7695067431791517,0.46395930208911607,0.04403740623451529
