measure,Hyperarea,GD,HyperVolume
two-hop,0.8429609338715118,1.4489860634055167,0.47520946949466025
page_rank,0.8310473100603726,1.590670036947292,0.46849330196712285
degree_centrality,0.8306729961311557,1.5258980636286614,0.4682822868220785
katz_centrality,0.8367178018213173,1.3573343861105582,0.4716899760634139
betweenness,0.838908923608032,1.3625323238991838,0.4729251956092127
closeness,0.8391439332550629,1.2985839806021682,0.47305767957757255
eigenvector_centrality,0.8360098478730517,1.561405600815212,0.47129087521939633
core,0.834878059297903,3.1645665106553458,0.4706528425102097
