measure,Hyperarea,GD,HyperVolume
two-hop,0.22730334608607877,1.634288979245794,0.0646252620755507
page_rank,0.8747341719134791,0.4136347470771459,0.2486981651600534
degree_centrality,0.865297340423181,0.48460312350274065,0.2460151527067639
katz_centrality,0.5467643230631463,1.3157095296080568,0.15545212281272694
betweenness,0.815750724876364,0.6919026486830521,0.23192841324690117
closeness,0.7963124071112695,0.7318026875093077,0.22640184972943608
eigenvector_centrality,0.7754734600215868,0.7826642076701893,0.22047706929730254
core,0.21768907507188978,1.688303809291279,0.061891801285571646
