measure,Hyperarea,GD,HyperVolume
two-hop,0.2541148708969581,1.735781872113843,0.07209320048075459
page_rank,0.9473315229315643,0.22056314985012565,0.2687609786998159
degree_centrality,0.9319670765889354,0.28986741496005286,0.26440203620052355
katz_centrality,0.5973486146333057,1.146559585071735,0.16946970981923526
betweenness,0.8714502751585688,0.5186852365762036,0.24723322635254522
closeness,0.8379746136509014,0.6270574799825268,0.2377360742662482
eigenvector_centrality,0.8193099066097548,0.6682465861870713,0.23244083726621617
core,0.4784931402745247,1.5488171376527327,0.13575003213591966
