measure,Hyperarea,GD,HyperVolume
two-hop,0.2546829763367811,3.3979660865244816,0.07211590925098266
page_rank,0.949807380637065,0.3195733020134628,0.26894700169264496
degree_centrality,0.9359119072498626,0.3607434600528908,0.2650123661225556
katz_centrality,0.5917868300129133,1.568908803558535,0.16757007454123485
betweenness,0.8736435162610111,0.6221144680143477,0.24738047843871352
closeness,0.8382111649120082,0.8246332436387545,0.2373474708494874
eigenvector_centrality,0.8262674491172046,0.8391105680670452,0.23396549402179947
core,0.472750593950271,2.0979974539278583,0.13386383111285416
