measure,Hyperarea,GD,HyperVolume
two-hop,0.8534171114282311,1.588275051378701,0.4762768767085903
page_rank,0.8437711779505553,1.738226990717537,0.4708936531849868
degree_centrality,0.8430009637274585,1.662286120331625,0.4704638103570651
katz_centrality,0.8543617391230379,1.50543817596046,0.47680405658594494
betweenness,0.8526348501309443,1.5214028820752812,0.4758403106233167
closeness,0.8544966854658458,1.3714248046547106,0.47687936773428624
eigenvector_centrality,0.8509869195610998,1.7287497069680058,0.4749206299486175
core,0.8456532543032518,3.349074812464972,0.4719440064471674
