measure,Hyperarea,GD,HyperVolume
two-hop,0.2013971432574806,1.7638224146021595,0.057259795724049996
page_rank,0.7662268080659533,0.6697469396376716,0.21784812732947104
degree_centrality,0.7530839227494108,0.7174222005250213,0.2141114361516438
katz_centrality,0.46373623261903996,1.3095234422749922,0.1318461698121454
betweenness,0.7269610125315938,0.8561705784847944,0.20668435710475994
closeness,0.7046604354192649,0.9311706551321952,0.20034401647565844
eigenvector_centrality,0.6918312639743824,0.8164089670945479,0.19669651818267805
core,0.1200569759568182,1.5966481160712982,0.03413374096248136
