measure,Hyperarea,GD,HyperVolume
two-hop,0.9271042282228608,1.663667480728888,0.5139108136128306
page_rank,0.9360103593827763,1.536230384961619,0.5188476448462598
degree_centrality,0.9343556348460252,1.5490252117054701,0.517930400800661
katz_centrality,0.940409769506568,1.5080951043819344,0.521286318263237
betweenness,0.9401107487109629,1.3760754451635533,0.5211205655725701
closeness,0.9407404947936873,1.383251196992489,0.5214696453328499
eigenvector_centrality,0.9390375898247498,1.4972617113371212,0.5205256939933446
core,0.9423376115947932,1.4633407052388707,0.5223549563579807
