measure,Hyperarea,GD,HyperVolume
two-hop,0.23051556761756692,1.718324923714038,0.06545258684498581
page_rank,0.8763480076192394,0.4840088219455527,0.24883024026511505
degree_centrality,0.8648560948336187,0.5522038647440956,0.24556722671948014
katz_centrality,0.5528359124661999,1.564146049175399,0.15697222077318565
betweenness,0.8149163758889418,0.7992791631351687,0.2313873436641912
closeness,0.7969435379642326,0.8941841675490281,0.2262841363308387
eigenvector_centrality,0.7750644452751755,0.9379089781087961,0.2200717870777253
core,0.2354718495931461,1.6778138663987237,0.06685987347550539
