measure,Hyperarea,GD,HyperVolume
two-hop,0.2297555819650333,3.3835303810653823,0.0650574802337276
page_rank,0.8668444873200074,0.568491200934458,0.2454552686694675
degree_centrality,0.8583278863260412,0.5991742527710244,0.24304371202268352
katz_centrality,0.5465846999276026,1.7347153057598954,0.15477066109762572
betweenness,0.8091888552530043,0.888746851692039,0.22912952758634997
closeness,0.7878319168541273,0.9673443895880479,0.22308210716742263
eigenvector_centrality,0.7729532638264529,1.003387527664488,0.21886907492257499
core,0.23563385591951636,3.733235849573129,0.06672196946324463
