measure,Hyperarea,GD,HyperVolume
two-hop,0.19966331599604498,1.8470809400442523,0.05672424426339353
page_rank,0.7580076621919803,0.609815567435573,0.21534958271730545
degree_centrality,0.7454062902930296,0.6598295920618027,0.21176953951265334
katz_centrality,0.45390494740554826,1.625882636809057,0.12895415955881015
betweenness,0.7195981130255572,0.7777187601157941,0.2044374497694275
closeness,0.6988854153743654,0.8682547822366482,0.1985529831358908
eigenvector_centrality,0.683935320301924,0.8824553603876046,0.19430566889882325
core,0.11873962781911658,2.1669573918981384,0.03373386652703607
