measure,Hyperarea,GD,HyperVolume
two-hop,0.24677164435030033,1.7713155414544695,0.07000272473367337
page_rank,0.9410500729944844,0.24518692419551985,0.2669515348648523
degree_centrality,0.9273450858701137,0.28244491361472646,0.2630637849425639
katz_centrality,0.5934333031239157,1.2291761497488203,0.16834165965765452
betweenness,0.865510191362358,0.5422675756219619,0.24552282673985584
closeness,0.8303462986792168,0.6200149057407774,0.2355477410425377
eigenvector_centrality,0.8171701525795787,0.6628156895349849,0.2318100096233058
core,0.46193292298483063,1.4070526206750176,0.13103840734320935
