measure,Hyperarea,GD,HyperVolume
two-hop,0.931661144937174,1.659038048249155,0.5148230544466764
page_rank,0.945258188344918,1.454941239938778,0.522336592449907
degree_centrality,0.9429337158514949,1.4918911508046657,0.5210521211208788
katz_centrality,0.9482337771518919,1.4815128590497046,0.5239808616423149
betweenness,0.9483111935644916,1.3424344009168552,0.5240236408804697
closeness,0.9497854433127678,1.3058476278104545,0.5248382908876631
eigenvector_centrality,0.9464810921117884,1.4667694388195496,0.5230123521464188
core,0.9406742410634571,1.9183353213710959,0.5198035666242745
