measure,Hyperarea,GD,HyperVolume
two-hop,0.255192684200375,6.8353482540071155,0.07150832613020819
page_rank,0.9624836512816242,0.5943285612342849,0.26970050119774874
degree_centrality,0.9460047987064295,0.6195040736218277,0.2650829112856751
katz_centrality,0.6099904677361543,2.2549924677795006,0.1709273031861117
betweenness,0.8837807870999455,0.9176931604920124,0.2476469298074891
closeness,0.8502158973044663,1.0344859003043427,0.23824160890834048
eigenvector_centrality,0.8353884268330776,1.204547219140888,0.23408675784951635
core,0.4630664513467412,3.457253953243532,0.129757273123319
