measure,Hyperarea,GD,HyperVolume
two-hop,0.9222181026062598,1.2589836335529752,0.5146734834251906
page_rank,0.9323112606471804,1.0754696182164578,0.520306295005229
degree_centrality,0.9295515865731936,1.1346422634165576,0.518766170099024
katz_centrality,0.9364807235876733,1.0641074450912877,0.5226331979466603
betweenness,0.9352718697695911,0.9921376567530996,0.521958558180052
closeness,0.9360600733235673,1.0202055364027882,0.5223984405328562
eigenvector_centrality,0.9343340333821982,1.0746425355708265,0.521435168410302
core,0.9337990743096531,1.0991696775935647,0.5211366172881992
