measure,Hyperarea,GD,HyperVolume
two-hop,0.8444523453115695,1.4163966207353877,0.47623798443021587
page_rank,0.8323931158492534,1.5482409287565104,0.46943705224641574
degree_centrality,0.8322841560916165,1.4838806823023334,0.4693756032189495
katz_centrality,0.8393742553997076,1.3529934914252024,0.4733741409962939
betweenness,0.8367161644766429,1.3433096137549778,0.4718750820255173
closeness,0.8413335245559238,1.2856059589908617,0.4744790919140019
eigenvector_centrality,0.8344202923307041,1.5251095155522216,0.4705803002307105
core,0.8357238540673855,3.0321799101508207,0.47131545789532503
