measure,Hyperarea,GD,HyperVolume
two-hop,0.2266851565225776,1.9613675238592463,0.06440113510749763
page_rank,0.8694439129994567,0.44861887645162213,0.24700856363258425
degree_centrality,0.856707812853309,0.4834705191233409,0.24339024420295285
katz_centrality,0.5501610734624516,1.0060049653209686,0.1563004749250637
betweenness,0.8083332842154132,0.6580064604586697,0.22964706576832802
closeness,0.7870816261070401,0.6954245085518318,0.22360948074912823
eigenvector_centrality,0.766544783750863,0.7105831058296539,0.2177749745134726
core,0.19473744095039228,2.111042784871446,0.05532480572403714
