measure,Hyperarea,GD,HyperVolume
two-hop,0.8421206850384777,1.3890750346444716,0.47517115219945477
page_rank,0.8351083642608679,1.6168299068611798,0.47121441226575184
degree_centrality,0.837216948276527,1.4518381370864564,0.4724041922035102
katz_centrality,0.8491010937856589,1.3653905685031582,0.4791098855973521
betweenness,0.8463160475115062,1.3547300035894192,0.4775384081707438
closeness,0.8465860640276927,1.3037335816567535,0.4776907664507251
eigenvector_centrality,0.8427852102964484,1.440282139498945,0.4755461141711835
core,0.841804920521836,1.52620783357314,0.474992980362731
