measure,Hyperarea,GD,HyperVolume
two-hop,0.2204430152210747,1.4656443610491787,0.06267478185733172
page_rank,0.8728310333570315,0.45037689756535226,0.2481570784136668
degree_centrality,0.8608129795248048,0.4935943088727458,0.24474019128059482
katz_centrality,0.5494182641533197,1.1584150180668806,0.15620667236705063
betweenness,0.8155597131121919,0.631833489499477,0.23187410614790024
closeness,0.794431176026386,0.6962436458914862,0.2258669915587199
eigenvector_centrality,0.773179721229593,0.7273164553468442,0.2198249298848483
core,0.22459756529053307,1.5184789394159544,0.06385597382686423
