measure,Hyperarea,GD,HyperVolume
two-hop,0.19477812128254016,1.9604776238249098,0.05523614797810968
page_rank,0.748611606742737,0.6226987496044224,0.21229500118337422
degree_centrality,0.7367308329730544,0.7028054927525096,0.20892579229217287
katz_centrality,0.44465455799060455,1.6258037155013165,0.12609735016738569
betweenness,0.7130380146782084,0.825250540357146,0.20220686509062022
closeness,0.6893619615116959,0.9478335528743104,0.1954926922275087
eigenvector_centrality,0.6815518067266375,0.9011894189047602,0.19327784970516174
core,0.11891136547112094,2.219746196995751,0.03372147619143655
