measure,Hyperarea,GD,HyperVolume
two-hop,0.8520135134674802,1.79902948323518,0.47623798443021587
page_rank,0.8398463064948859,1.9406603688171356,0.46943705224641574
degree_centrality,0.8397363711190815,1.8840956135541933,0.4693756032189495
katz_centrality,0.8468899546881948,1.7067374664655632,0.4733741409962939
betweenness,0.8442080634020254,1.7064117672052694,0.4718750820255173
closeness,0.8488667670055321,1.5459633346363713,0.4744790919140019
eigenvector_centrality,0.8418916341749721,1.9257359132783767,0.4705803002307105
core,0.8432068679136883,3.5115386115645038,0.47131545789532503
