measure,Hyperarea,GD,HyperVolume
two-hop,0.19548272531289607,1.5976428621687115,0.055578250703818007
page_rank,0.7457727477190853,0.8150913645233594,0.2120327751440048
degree_centrality,0.7322873094068162,0.8304351094502119,0.20819869174778396
katz_centrality,0.44434683960000737,1.3140731537342287,0.12633351622865477
betweenness,0.7087052842722432,0.9262299825759565,0.20149401897971628
closeness,0.6861088797545566,0.9771052997358802,0.19506957081797363
eigenvector_centrality,0.6754475389701452,0.9020238238729603,0.19203841463777194
core,0.12158392737164794,1.6667500353700166,0.03456787287060838
