measure,Hyperarea,GD,HyperVolume
two-hop,0.9540215491882063,1.031883107914507,0.5324224200281471
page_rank,0.9725012963793873,0.8197551822349364,0.5427356375119756
degree_centrality,0.9687338463256431,0.9129415421263227,0.5406330907962787
katz_centrality,0.9784258668917526,0.6623571800093606,0.5460420347023798
betweenness,0.9710973003893656,0.829315334194873,0.5419520923778502
closeness,0.9693961663020503,0.9208633422418888,0.5410027197684668
eigenvector_centrality,0.9713740019565372,0.8219132799950615,0.5421065145899527
core,0.9624569351398858,1.337276150475094,0.537130058556948
