measure,Hyperarea,GD,HyperVolume
two-hop,0.8445506040469074,1.372138620873589,0.4756980310994787
page_rank,0.8302162282345797,1.55501115562574,0.46762411069933946
degree_centrality,0.8343047554059666,1.4060339411514131,0.46992699736617255
katz_centrality,0.8399005395319956,1.3176996632553128,0.47307885526367977
betweenness,0.8421937043365259,1.3713804507259444,0.4743704936536999
closeness,0.8390553076357165,1.2552402585620617,0.47260277349077495
eigenvector_centrality,0.8367929056647305,1.3993782436525242,0.47132846244535437
core,0.8396325882540869,2.105201616466978,0.4729279301507014
