measure,Hyperarea,GD,HyperVolume
two-hop,0.9441304457642391,0.8843634320368253,0.5327307115367675
page_rank,0.964049390887778,0.6628343154115385,0.5439700840793351
degree_centrality,0.9605945113665252,0.7365915302608634,0.5420206496194169
katz_centrality,0.9688582693429738,0.555295957079012,0.5466835197625332
betweenness,0.9612016927427546,0.7268544041962094,0.5423632549956567
closeness,0.9604569544914657,0.8250149821393575,0.5419430324085156
eigenvector_centrality,0.9612734266416895,0.7117611552735539,0.5424037312361936
core,0.9541518097399845,1.4589435678804517,0.5383853203732046
