measure,Hyperarea,GD,HyperVolume
two-hop,0.9627721097568878,1.4621289317730843,0.5320145430284485
page_rank,0.9823283100336928,0.9265734155377028,0.5428210286424371
degree_centrality,0.9791601685889793,0.9850747220985276,0.5410703575273542
katz_centrality,0.9877751428153565,0.7921591648203685,0.5458308730530951
betweenness,0.980763324407206,0.9668785526189213,0.5419562392447346
closeness,0.9788031554386883,1.0770410611141987,0.5408730770015867
eigenvector_centrality,0.9801713142622817,0.9608993754942204,0.541629102632105
core,0.9739406342018537,1.5964043188752604,0.5381861150636947
