measure,Hyperarea,GD,HyperVolume
two-hop,0.9635102335632141,1.455663533742358,0.5324224200281471
page_rank,0.9821737800496797,1.0269803156887645,0.5427356375119756
degree_centrality,0.9783688589928025,1.1218860202058731,0.5406330907962787
katz_centrality,0.9881572762537101,0.8633622199028489,0.5460420347023798
betweenness,0.9807558199360756,1.0471978666516653,0.5419520923778502
closeness,0.9790377663940081,1.1468699854069475,0.5410027197684668
eigenvector_centrality,0.9810352735729874,1.0454255664644667,0.5421065145899527
core,0.9720295177401959,1.6105918085481548,0.537130058556948
