measure,Hyperarea,GD,HyperVolume
two-hop,0.25390295221710263,1.7329230742896469,0.07209320048075459
page_rank,0.9465414973615671,0.278826632605826,0.2687609786998159
degree_centrality,0.9311898641737691,0.36961592216936945,0.26440203620052355
katz_centrality,0.5968504567357386,1.3991145397193336,0.16946970981923526
betweenness,0.8707235306307124,0.5899444372353947,0.24723322635254522
closeness,0.8372757860960619,0.7017393760163819,0.2377360742662482
eigenvector_centrality,0.8186266444567435,0.7828207385754112,0.23244083726621617
core,0.4780941017048851,1.7681343038831252,0.13575003213591966
