measure,Hyperarea,GD,HyperVolume
two-hop,0.9180888823835465,1.0979970136563524,0.5155536870305313
page_rank,0.9245122328961527,0.9424886913354683,0.5191607256336631
degree_centrality,0.9227103981236753,0.96063177365583,0.5181489035996583
katz_centrality,0.9297052465543303,0.9227929692179384,0.5220768674034257
betweenness,0.929104242715601,0.8245479485497723,0.5217393731249067
closeness,0.9302380123570411,0.7959047798852044,0.5223760425477737
eigenvector_centrality,0.9278691071920154,0.9100980292216828,0.5210457815942984
core,0.927575506361461,0.891804902662729,0.5208809097680384
