measure,Hyperarea,GD,HyperVolume
two-hop,0.24621723852360988,1.6085823787397309,0.07000272473367337
page_rank,0.9389358769123163,0.30659898711736094,0.2669515348648523
degree_centrality,0.9252616798924426,0.32727564440650403,0.2630637849425639
katz_centrality,0.5921000750625222,1.2727771991728274,0.16834165965765452
betweenness,0.8635657058262886,0.582171783634762,0.24552282673985584
closeness,0.8284808135771072,0.6804814839565121,0.2355477410425377
eigenvector_centrality,0.8153342694691816,0.7216384704745266,0.2318100096233058
core,0.460895128287157,1.3852876295911125,0.13103840734320935
