measure,Hyperarea,GD,HyperVolume
two-hop,0.8418427547349474,1.296854223269984,0.474579108948951
page_rank,0.827792911195541,1.5770816942840618,0.4666586722755927
degree_centrality,0.8316663698872657,1.3485258769599682,0.4688422897791348
katz_centrality,0.8399468325012529,1.2458127990503851,0.4735103047343367
betweenness,0.8381203525475419,1.3023489125887502,0.4724806478012932
closeness,0.8394723321831901,1.1661659402477627,0.47324281067220253
eigenvector_centrality,0.8340753231562024,1.4047407271820451,0.4702003093017136
core,0.8399360382461536,2.4598445436036966,0.4735042195979642
