measure,Hyperarea,GD,HyperVolume
two-hop,0.8455065328194601,1.2879329142870404,0.47664452143715635
page_rank,0.8325723990146511,1.5067219868782062,0.46935305321273074
degree_centrality,0.835415713674207,1.3537513197907776,0.47095593894169135
katz_centrality,0.8441118121960832,1.2719942242729423,0.47585826382912677
betweenness,0.8434975661263497,1.3005705397476295,0.4755119897169961
closeness,0.8418355281187099,1.2102517715990344,0.47457503502769266
eigenvector_centrality,0.8411644031641189,1.3560681206589202,0.47419669610257653
core,0.8398060744143854,2.174725487425487,0.47343095399209034
