measure,Hyperarea,GD,HyperVolume
two-hop,0.2549792307778828,1.8937786544033592,0.0723082779002767
page_rank,0.9474404476066735,0.2388483612398914,0.2686798723586405
degree_centrality,0.932522455547123,0.28114102739672503,0.2644493540051838
katz_centrality,0.5990419423064278,1.25734137310725,0.16987929215280995
betweenness,0.8748034215722937,0.5211114920266207,0.24808110339883097
closeness,0.8397516019765505,0.6761397772793497,0.23814093413678136
eigenvector_centrality,0.824694899879573,0.7183335330243392,0.23387107970131035
core,0.45195596375945724,1.6652999893109122,0.12816791911445727
