measure,Hyperarea,GD,HyperVolume
two-hop,0.8537715560868007,1.595167370842511,0.47722065273339825
page_rank,0.8379550254242913,1.828843346411062,0.46837990952413033
degree_centrality,0.8429606815425692,1.678099261674446,0.4711778505694755
katz_centrality,0.852786891755677,1.5378121774744073,0.4766702687911457
betweenness,0.8509283286460955,1.5807884377922456,0.4756314139663657
closeness,0.8512466800874865,1.4705242436352266,0.4758093583843732
eigenvector_centrality,0.8472137017308523,1.669174468501411,0.47355510131748996
core,0.8447335576787046,2.75215919729105,0.4721688101544725
