measure,Hyperarea,GD,HyperVolume
two-hop,0.21676589187308493,1.8115739293156004,0.06147154927498485
page_rank,0.8691701741730158,0.36339921250265983,0.24648359909549877
degree_centrality,0.8604002157908669,0.40994033676159614,0.2439965706973988
katz_centrality,0.5504158418530202,1.216984309463442,0.15608966084023185
betweenness,0.8078903250753878,0.6147699068024239,0.22910555483393197
closeness,0.794692550610629,0.7134168311805589,0.2253628643381156
eigenvector_centrality,0.7726254655726967,0.7466832551328213,0.21910497065593632
core,0.21434464290121819,1.9627197652965542,0.06078491945423677
