measure,Hyperarea,GD,HyperVolume
two-hop,0.9644622231490133,1.4069570590722367,0.5329484762976673
page_rank,0.9811380088398478,1.0187589214269208,0.5421632846765576
degree_centrality,0.9794823782984364,1.0796256983674726,0.5412484061533988
katz_centrality,0.988043169466738,0.8413613321088267,0.5459789808711437
betweenness,0.9805239589562075,1.038765606031222,0.5418239692093448
closeness,0.9774375557895065,1.1529431557673908,0.5401184655354291
eigenvector_centrality,0.9805298560395078,1.042117416305216,0.5418272278559606
core,0.9696832750699906,1.8593537754106957,0.5358335573295305
