measure,Hyperarea,GD,HyperVolume
two-hop,0.9640681402408869,1.340921860143004,0.5327307115367675
page_rank,0.9844077241055573,0.8539789900572184,0.5439700840793351
degree_centrality,0.980879886093603,0.9345862384082405,0.5420206496194169
katz_centrality,0.9893181541523212,0.7404298590543507,0.5466835197625332
betweenness,0.981499889635271,0.9431980981553734,0.5423632549956567
closeness,0.9807394243583514,1.0485989062775385,0.5419430324085156
eigenvector_centrality,0.9815731383763201,0.9702479039051027,0.5424037312361936
core,0.9743011305804299,1.7460393857337373,0.5383853203732046
