measure,Hyperarea,GD,HyperVolume
two-hop,0.20278216935599133,1.8910734087182222,0.057577966154578164
page_rank,0.7507149122742676,0.6742972828253221,0.21315798103916375
degree_centrality,0.7387701535437047,0.7401909516343311,0.20976638642264905
katz_centrality,0.45291500707378096,1.5452933978103212,0.12860068038040348
betweenness,0.7107335770581882,0.8887568100383462,0.2018056813118394
closeness,0.6903097955427958,0.9750071695443191,0.19600655309175746
eigenvector_centrality,0.676891373116517,1.018289848504302,0.19219652642737273
core,0.12176974157088365,1.681951619804415,0.03457529861272744
