measure,Hyperarea,GD,HyperVolume
two-hop,0.2525372490045181,3.4063031958797705,0.07150832613020819
page_rank,0.9524684230980323,0.3418064684220374,0.26970050119774874
degree_centrality,0.9361610430133309,0.40494968383804686,0.2650829112856751
katz_centrality,0.6036431456636613,1.4315026236548571,0.1709273031861117
betweenness,0.874584510118727,0.5928906988746382,0.2476469298074891
closeness,0.8413688834300146,0.7713899477256487,0.23824160890834048
eigenvector_centrality,0.8266957018132559,0.7946215074278967,0.23408675784951635
core,0.45824796308646965,1.8799504554624864,0.129757273123319
