measure,Hyperarea,GD,HyperVolume
two-hop,0.20547922918836145,6.847013383351678,0.057577966154578164
page_rank,0.7606996315515414,1.1526106277443167,0.21315798103916375
degree_centrality,0.7485960041734941,1.2721728081755497,0.20976638642264905
katz_centrality,0.458938903932838,3.1489176262628162,0.12860068038040348
betweenness,0.7201865333426987,1.388869110622095,0.2018056813118394
closeness,0.6994911097942557,1.4884426921870373,0.19600655309175746
eigenvector_centrality,0.6858942185792534,1.6361554913024259,0.19219652642737273
core,0.12338931334996037,9.381175430387607,0.03457529861272744
