measure,Hyperarea,GD,HyperVolume
two-hop,0.20358082776282738,6.749948848255491,0.0570460092582098
page_rank,0.7674129945246796,1.120129286896393,0.21503915310496124
degree_centrality,0.7538239742217433,1.2552624681529345,0.2112313319730302
katz_centrality,0.45873012131816926,2.8619372464195654,0.12854217676245366
betweenness,0.7301078420652523,1.3527536936789772,0.20458576171263093
closeness,0.7089314112861305,1.4327735440357625,0.19865184897852523
eigenvector_centrality,0.6954209644739076,1.517190681053677,0.1948660451658474
core,0.11825045655182782,9.377670628029726,0.03313532375996574
