measure,Hyperarea,GD,HyperVolume
two-hop,0.19525766865330263,1.8933363103913758,0.05547260214395163
page_rank,0.7557373524895453,0.6429983409475228,0.2147045889112473
degree_centrality,0.7431419961306666,0.6910951281090526,0.211126254718402
katz_centrality,0.46364231161400415,1.467913342836787,0.1317205396676781
betweenness,0.7156410333724984,0.8080928092869353,0.2033132454974006
closeness,0.692722835479828,0.9634159069058152,0.19680219739196705
eigenvector_centrality,0.6817860096926401,0.9222115940084463,0.1936950508722182
core,0.12032398902567834,2.2592835948177634,0.03418398272206227
