measure,Hyperarea,GD,HyperVolume
two-hop,0.250512508947191,3.328805152492805,0.07093500170809233
page_rank,0.9485843652856065,0.3194631269867908,0.26860069325316094
degree_centrality,0.9330505218287085,0.38274649031804353,0.26420213760107336
katz_centrality,0.6030966766580316,1.4590792034098137,0.17077256528495594
betweenness,0.8723438317618082,0.6117635011017376,0.24701246040017968
closeness,0.8341364949903979,0.8132874059516934,0.2361936892716171
eigenvector_centrality,0.8273613483070721,0.751840388973354,0.23427524199098407
core,0.45589145621277705,2.1280230352413185,0.1290900057688343
