measure,Hyperarea,GD,HyperVolume
two-hop,0.22788676609846273,1.935126013279793,0.0646252620755507
page_rank,0.8769793540905033,0.3885401666475739,0.2486981651600534
degree_centrality,0.8675183010634803,0.41720520397194943,0.2460151527067639
katz_centrality,0.5481677042875115,1.2728932229361247,0.15545212281272694
betweenness,0.8178445141065029,0.6814174100480799,0.23192841324690117
closeness,0.7983563039672463,0.7437213896444516,0.22640184972943608
eigenvector_centrality,0.777463869504947,0.7953653283596818,0.22047706929730254
core,0.21824781811312155,2.117044765612387,0.061891801285571646
