measure,Hyperarea,GD,HyperVolume
two-hop,0.8441629079697376,1.3587451405556161,0.47623798443021587
page_rank,0.8321078118268911,1.5543929670610763,0.46943705224641574
degree_centrality,0.831998889415379,1.4861490849070766,0.4693756032189495
katz_centrality,0.8390865585810133,1.4228220960206703,0.4733741409962939
betweenness,0.836429378722706,1.4280627393710457,0.4718750820255173
closeness,0.8410451561947089,1.3872668520596498,0.4744790919140019
eigenvector_centrality,0.834134293490481,1.536298021252776,0.4705803002307105
core,0.8354374084293695,2.9775960212944113,0.47131545789532503
