measure,Hyperarea,GD,HyperVolume
two-hop,0.2535788912678398,1.6703308724468129,0.07211590925098266
page_rank,0.945689837476485,0.24000594743812256,0.26894700169264496
degree_centrality,0.9318546028414496,0.2694433705476764,0.2650123661225556
katz_centrality,0.5892213542500208,1.2741267879327374,0.16757007454123485
betweenness,0.8698561537299337,0.5482524078572698,0.24738047843871352
closeness,0.8345774064052147,0.6194573670140269,0.2373474708494874
eigenvector_centrality,0.8226854682300478,0.7220964798490845,0.23396549402179947
core,0.470701156333273,1.5470661589916792,0.13386383111285416
