measure,Hyperarea,GD,HyperVolume
two-hop,0.2527452550655115,1.7026340911673339,0.07169278416351688
page_rank,0.9455740465863276,0.28079313231631864,0.2682180364373823
degree_centrality,0.9322753387113197,0.3156063577006501,0.2644457741526186
katz_centrality,0.5949101576626121,1.4218486505639873,0.16875001478834642
betweenness,0.8746742089691809,0.5695417145462301,0.24810685075282027
closeness,0.834057147843268,0.755520268306776,0.23658556543372825
eigenvector_centrality,0.8188578030591999,0.7649722401732926,0.23227417551367363
core,0.46717464924816277,1.5763459940057591,0.13251703295689507
