measure,Hyperarea,GD,HyperVolume
two-hop,0.2549914600385485,1.7452938158238995,0.07251763307259053
page_rank,0.9418380461604208,0.25663340123320993,0.2678515815194034
degree_centrality,0.9280491252909074,0.3142596904728055,0.2639301172322026
katz_centrality,0.5978476966831411,1.1770047917139894,0.17002334076132306
betweenness,0.8636411360869145,0.573832438640923,0.24561297466071244
closeness,0.8297690947580998,0.6463203334353418,0.23598002356450212
eigenvector_centrality,0.8090568683862494,0.7901695218285781,0.23008962381572928
core,0.45905075585831595,1.5542582499761237,0.13055054577120412
