measure,Hyperarea,GD,HyperVolume
two-hop,0.9597636773786955,1.3399726795238205,0.5320145430284485
page_rank,0.9792587692109258,0.8975147265688674,0.5428210286424371
degree_centrality,0.976100527449849,0.9571619045992967,0.5410703575273542
katz_centrality,0.9846885819439892,0.7696803589073385,0.5458308730530951
betweenness,0.9776986737899014,0.9273913860202337,0.5419562392447346
closeness,0.9757446298801924,1.0337781762779714,0.5408730770015867
eigenvector_centrality,0.9771085135349667,0.9297535225381944,0.541629102632105
core,0.9708973028582506,1.5289329324933656,0.5381861150636947
