measure,Hyperarea,GD,HyperVolume
two-hop,0.25283099660346703,1.8879786228995796,0.07169907097309038
page_rank,0.9451736038239653,0.2482059149583469,0.26803702952906366
degree_centrality,0.9302585255592826,0.2796239017783137,0.2638073374840416
katz_centrality,0.6013071649124659,1.1898373105617999,0.17052167524104694
betweenness,0.8670055077518758,0.5407306763627902,0.24586973223009304
closeness,0.8325825144859089,0.6666104930892491,0.23610788866486884
eigenvector_centrality,0.8258761021705207,0.7162856101411792,0.23420605091935706
core,0.46541020405022243,1.5917539967638104,0.13198333946423949
