measure,Hyperarea,GD,HyperVolume
two-hop,0.9549641635453953,1.0277634364167239,0.5329484762976673
page_rank,0.9714757254826943,0.8326963489154929,0.5421632846765576
degree_centrality,0.9698363996520185,0.8850983277846401,0.5412484061533988
katz_centrality,0.978312883832634,0.6560194050233292,0.5459789808711437
betweenness,0.9708677227849928,0.8171727685425957,0.5418239692093448
closeness,0.9678117146306983,0.948819654376638,0.5401184655354291
eigenvector_centrality,0.970873561793599,0.8188044312073448,0.5418272278559606
core,0.9601337983541739,1.4892409840761385,0.5358335573295305
