measure,Hyperarea,GD,HyperVolume
two-hop,0.841165728255782,1.1739559928131895,0.47463231266873657
page_rank,0.8299692248078718,1.3093814412455218,0.468314625027914
degree_centrality,0.8291899487771317,1.2821995262899908,0.4678749143118766
katz_centrality,0.8353059363941058,1.1989048391617945,0.4713258934107481
betweenness,0.8378015288738274,1.1941751880139713,0.47273404496797466
closeness,0.8394914335684682,1.1666336797013122,0.47368758283389595
eigenvector_centrality,0.8340948522972331,1.2770369095170553,0.4706425326574196
core,0.8340571423261613,2.3629711561971187,0.4706212546022407
