measure,Hyperarea,GD,HyperVolume
two-hop,0.9115903002028142,1.2704530829339868,0.5141011563352877
page_rank,0.9190402422490244,1.0029253703577807,0.5183026312958434
degree_centrality,0.918087084310512,1.0000461670775418,0.5177650876227149
katz_centrality,0.9263744888039648,0.8963608136288173,0.5224388585394901
betweenness,0.9235625477248354,0.8761133705929666,0.5208530341181404
closeness,0.9227275689231235,0.8707273079918391,0.520382138840536
eigenvector_centrality,0.9229498676978469,0.9679245689208755,0.5205075066259455
core,0.9243249062529452,0.9082140228173392,0.5212829744112262
