measure,Hyperarea,GD,HyperVolume
two-hop,0.19556273537993568,1.7488165304916847,0.05547260214395163
page_rank,0.7569181016089443,0.6531713504025072,0.2147045889112473
degree_centrality,0.7443030665139541,0.7447007687875747,0.211126254718402
katz_centrality,0.4643666972082202,1.438276413624603,0.1317205396676781
betweenness,0.7167591367945099,0.8875595052211959,0.2033132454974006
closeness,0.6938051319619141,0.9995604288427039,0.19680219739196705
eigenvector_centrality,0.6828512186940363,0.9196326732898426,0.1936950508722182
core,0.12051198085063797,1.6194012513603468,0.03418398272206227
