measure,Hyperarea,GD,HyperVolume
two-hop,0.9107769366997674,1.0701363210532415,0.5139108136128306
page_rank,0.919526221417434,0.938005690921085,0.5188476448462598
degree_centrality,0.917900638339733,0.9643906392647335,0.517930400800661
katz_centrality,0.9238481532497519,0.9444616034615473,0.521286318263237
betweenness,0.9235543985283946,0.8489566488672823,0.5211205655725701
closeness,0.9241730541128069,0.8370261311189747,0.5214696453328499
eigenvector_centrality,0.9225001391115749,0.918685118883699,0.5205256939933446
core,0.9257420439883588,0.8926039157763409,0.5223549563579807
