measure,Hyperarea,GD,HyperVolume
two-hop,0.9524164838044035,1.0398350204194469,0.5323588175722457
page_rank,0.9707640208343324,0.7600425774543935,0.5426142817359906
degree_centrality,0.9685316116470003,0.8113906239136123,0.5413664634385181
katz_centrality,0.9738817758094757,0.6935288336595787,0.5443569692894623
betweenness,0.9689881475074934,0.7685111295846433,0.5416216468535516
closeness,0.9669514911727758,0.9005105883005073,0.5404832457689543
eigenvector_centrality,0.9670725237211855,0.8783027655734506,0.5405508976265763
core,0.9678302997290529,0.8409628309037078,0.5409744610007857
