measure,Hyperarea,GD,HyperVolume
two-hop,0.19977547098362525,1.7450184608080588,0.05672424426339353
page_rank,0.7584334506725272,0.5793144406091425,0.21534958271730545
degree_centrality,0.7458250003240287,0.6561994787881203,0.21176953951265334
katz_centrality,0.45415991514203474,1.6108584848591867,0.12895415955881015
betweenness,0.7200023260730394,0.786359646916004,0.2044374497694275
closeness,0.699277993673941,0.882100452255286,0.1985529831358908
eigenvector_centrality,0.6843195008258802,0.9357876374005374,0.19430566889882325
core,0.11880632630810493,1.6762281255163938,0.03373386652703607
