measure,Hyperarea,GD,HyperVolume
two-hop,0.8436151873241466,1.4703398666267724,0.47517115219945477
page_rank,0.8365904218582444,1.6610067496278587,0.47121441226575184
degree_centrality,0.8387027479546847,1.504926787325486,0.4724041922035102
katz_centrality,0.8506079841256922,1.3381919818443155,0.4791098855973521
betweenness,0.8478179952606539,1.4144400794453142,0.4775384081707438
closeness,0.8480884909721715,1.2915835717988038,0.4776907664507251
eigenvector_centrality,0.8442808919077586,1.4990069141817008,0.4755461141711835
core,0.8432988624237021,1.5555691749913378,0.474992980362731
