measure,Hyperarea,GD,HyperVolume
two-hop,0.25563712878031336,1.7404374127787805,0.07251763307259053
page_rank,0.9442228922494573,0.22263304932600644,0.2678515815194034
degree_centrality,0.9303990561902872,0.28751089044811856,0.2639301172322026
katz_centrality,0.5993615182441693,1.2145554031538912,0.17002334076132306
betweenness,0.8658279782877838,0.5451992264896507,0.24561297466071244
closeness,0.8318701689167669,0.6392153741513981,0.23598002356450212
eigenvector_centrality,0.8111054967212852,0.7323000345104916,0.23008962381572928
core,0.4602131270369289,1.5133955080628796,0.13055054577120412
