measure,Hyperarea,GD,HyperVolume
two-hop,0.19442537509970567,1.9466495845409946,0.05523614797810968
page_rank,0.7472558595727504,0.654568672648697,0.21229500118337422
degree_centrality,0.7353966020676708,0.7090628154062604,0.20892579229217287
katz_centrality,0.44384928172559923,1.5958183348945136,0.12609735016738569
betweenness,0.7117466918323083,0.8419694121300221,0.20220686509062022
closeness,0.6881135163633734,0.9438178781589801,0.1954926922275087
eigenvector_centrality,0.6803175058891321,0.910338815392062,0.19327784970516174
core,0.11869601515359358,2.2147527583146376,0.03372147619143655
