measure,Hyperarea,GD,HyperVolume
two-hop,0.8491408865798743,1.5808658901303345,0.47463231266873657
page_rank,0.837838228203543,1.6730856179784972,0.468314625027914
degree_centrality,0.8370515637955611,1.687393902362546,0.4678749143118766
katz_centrality,0.8432255375714037,1.5598481679355694,0.4713258934107481
betweenness,0.8457447909593979,1.4802585814003668,0.47273404496797466
closeness,0.8474507177731523,1.3431531448384062,0.47368758283389595
eigenvector_centrality,0.8420029710911056,1.668319455776054,0.4706425326574196
core,0.8419649035888368,2.961086099255518,0.4706212546022407
