measure,Hyperarea,GD,HyperVolume
two-hop,0.1977611108363718,1.691122787792993,0.05624175676115537
page_rank,0.7568607071631149,0.7493230335692631,0.21524543230121812
degree_centrality,0.7415004074549492,0.829247615876135,0.21087707981618434
katz_centrality,0.45207250193021203,1.5455483840369095,0.128565983395001
betweenness,0.7168148341842813,0.927546820150433,0.20385669041036575
closeness,0.6976923423092571,1.0123877158850834,0.19841839906909117
eigenvector_centrality,0.6829035057979821,0.9320314107565537,0.1942125663736235
core,0.11906227179949955,1.9053006869357332,0.03386040512039063
