measure,Hyperarea,GD,HyperVolume
two-hop,0.9127312154743468,1.2520151858008808,0.5141011563352877
page_rank,0.9201904816134644,0.9841590229887748,0.5183026312958434
degree_centrality,0.9192361307350447,1.0020782855062003,0.5177650876227149
katz_centrality,0.9275339074607885,0.926177030060418,0.5224388585394901
betweenness,0.9247184470522859,0.9012989866457406,0.5208530341181404
closeness,0.9238824232196362,0.913911314543183,0.520382138840536
eigenvector_centrality,0.9241050002159102,1.000400366462229,0.5205075066259455
core,0.9254817597222804,0.9113193532417139,0.5212829744112262
