measure,Hyperarea,GD,HyperVolume
two-hop,0.2311509318783981,3.4342861720264546,0.06545258684498581
page_rank,0.8787634635897256,0.5579955842403613,0.24883024026511505
degree_centrality,0.8672398759339517,0.6117526518047386,0.24556722671948014
katz_centrality,0.5543596801861647,1.5123028693220775,0.15697222077318565
betweenness,0.8171625093980889,0.8971544011311287,0.2313873436641912
closeness,0.7991401333922814,0.9647846582735409,0.2262841363308387
eigenvector_centrality,0.7772007359103735,0.9827437549915351,0.2200717870777253
core,0.23612087472932045,3.6556705813652144,0.06685987347550539
