measure,Hyperarea,GD,HyperVolume
two-hop,0.25879461088146694,6.508676107974268,0.07251763307259053
page_rank,0.9558853878188674,0.538887275684349,0.2678515815194034
degree_centrality,0.9418908077244534,0.6019120702154154,0.2639301172322026
katz_centrality,0.6067644853914124,2.313258972526952,0.17002334076132306
betweenness,0.8765221851784857,0.8634271126712991,0.24561297466071244
closeness,0.8421449485677915,1.030956854992519,0.23598002356450212
eigenvector_centrality,0.8211238031396992,1.166669406889492,0.23008962381572928
core,0.46589741365940845,3.7991517504059162,0.13055054577120412
