measure,Hyperarea,GD,HyperVolume
two-hop,0.2546027785378391,3.3923014635153312,0.07209320048075459
page_rank,0.9491504258822425,0.326897886296446,0.2687609786998159
degree_centrality,0.9337564793740311,0.4052965605375814,0.26440203620052355
katz_centrality,0.598495540636969,1.4492748598231842,0.16946970981923526
betweenness,0.8731234839967484,0.6216509855389541,0.24723322635254522
closeness,0.8395835482851532,0.7696726780779578,0.2377360742662482
eigenvector_centrality,0.8208830044858191,0.7640462233124597,0.23244083726621617
core,0.47941186045184064,1.713910814454931,0.13575003213591966
