measure,Hyperarea,GD,HyperVolume
two-hop,0.25278763351557376,1.928578279665869,0.07181683524972934
page_rank,0.9401819778228042,0.2875531716590715,0.26710521107000745
degree_centrality,0.9240404152806582,0.3292125774441209,0.2625194015442773
katz_centrality,0.598280437907761,1.1366044478572004,0.1699711613452424
betweenness,0.8653894799862635,0.5363887322007727,0.24585670132156018
closeness,0.8362557576788657,0.6359423944560859,0.2375798259615444
eigenvector_centrality,0.8131508752244587,0.6893409034239312,0.23101574086918453
core,0.44555966504442557,1.7010650763548085,0.1265832691789835
