measure,Hyperarea,GD,HyperVolume
two-hop,0.25432645050228836,1.6415172981015929,0.0723082779002767
page_rank,0.9450148757880935,0.2500772553724685,0.2686798723586405
degree_centrality,0.9301350757449605,0.29472421358702117,0.2644493540051838
katz_centrality,0.5975083163597245,1.1837801700326855,0.16987929215280995
betweenness,0.8725638100679262,0.5418618729159372,0.24808110339883097
closeness,0.8376017277279822,0.6615021079185198,0.23814093413678136
eigenvector_centrality,0.822583572763312,0.7506704902249518,0.23387107970131035
core,0.4507988972106274,1.4296534523799478,0.12816791911445727
