measure,Hyperarea,GD,HyperVolume
two-hop,0.23353231264608332,6.863375452932754,0.06543880686456344
page_rank,0.8851250483150129,0.9145187626108318,0.24802360937286314
degree_centrality,0.8756546610383567,0.9714861044937357,0.2453698830559019
katz_centrality,0.5635313811041709,2.506880308384746,0.15790885977343577
betweenness,0.824581303615814,1.1456898966514033,0.23105846064745927
closeness,0.8078808470208317,1.2406701713157242,0.22637877439211315
eigenvector_centrality,0.7818010174061429,1.3233536120152187,0.2190708652043909
core,0.22074148770473384,7.257647193963512,0.061854650507391994
