measure,Hyperarea,GD,HyperVolume
two-hop,0.9556786676201142,0.9807926515415097,0.5341822344789944
page_rank,0.9728764864635107,0.7560359609781981,0.543795056873375
degree_centrality,0.9694060423089164,0.8293872871690562,0.5418552316204452
katz_centrality,0.9786794556256032,0.6152235741639488,0.5470386607526357
betweenness,0.9714909662449636,0.7695800878218741,0.5430206121658224
closeness,0.9679451174660033,0.9219730530303101,0.5410386390528445
eigenvector_centrality,0.9700511127603295,0.8349960277989897,0.5422157975583566
core,0.9646454802815014,0.978144662653439,0.5391942873644506
