measure,Hyperarea,GD,HyperVolume
two-hop,0.2265150350115793,1.4658120391573541,0.06440113510749763
page_rank,0.8687914172009812,0.4673446620746156,0.24700856363258425
degree_centrality,0.8560648751778016,0.5036167467252708,0.24339024420295285
katz_centrality,0.5497481914081273,1.1157512352346965,0.1563004749250637
betweenness,0.80772665040749,0.6825500450796403,0.22964706576832802
closeness,0.7864909411342507,0.7049361838277258,0.22360948074912823
eigenvector_centrality,0.7659695111619559,0.7386453403396641,0.2177749745134726
core,0.19459129539675024,1.4104101268843523,0.05532480572403714
