measure,Hyperarea,GD,HyperVolume
two-hop,0.2209393853892425,1.5721835552356096,0.06267478185733172
page_rank,0.8747963815735537,0.40111155672643484,0.2481570784136668
degree_centrality,0.8627512667641589,0.4500280472691814,0.24474019128059482
katz_centrality,0.5506553858461923,1.1120642695072607,0.15620667236705063
betweenness,0.8173961038526396,0.569511596667867,0.23187410614790024
closeness,0.7962199917711102,0.6314774180087366,0.2258669915587199
eigenvector_centrality,0.7749206852055475,0.6752649541401446,0.2198249298848483
core,0.2251032902332877,1.6035889674400363,0.06385597382686423
