measure,Hyperarea,GD,HyperVolume
two-hop,0.9135819693792369,1.1933761432029981,0.5145803484116028
page_rank,0.9231133240853565,1.0684330878952917,0.519948939287846
degree_centrality,0.9203872290172332,1.1061173091337775,0.5184134504133106
katz_centrality,0.9262827611349246,1.065761072337696,0.5217341431074262
betweenness,0.9263884596060157,0.962818567074444,0.5217936783849422
closeness,0.9279110789322685,0.9640675535668296,0.5226513025606183
eigenvector_centrality,0.9241558181489189,1.0433131739830828,0.520536130121756
core,0.9273189496175073,0.9446572165059048,0.5223177822862398
