measure,Hyperarea,GD,HyperVolume
two-hop,0.8448835213462342,1.2937770351193512,0.47664452143715635
page_rank,0.8319589180576824,1.537963597371438,0.46935305321273074
degree_centrality,0.8348001376208835,1.3775099461524065,0.47095593894169135
katz_centrality,0.8434898284227231,1.3976656240639447,0.47585826382912677
betweenness,0.8428760349601949,1.3475859904317127,0.4755119897169961
closeness,0.8412152216252305,1.3171188067590476,0.47457503502769266
eigenvector_centrality,0.84054459118905,1.4142740537310747,0.47419669610257653
core,0.8391872633238309,2.163402575691822,0.47343095399209034
