measure,Hyperarea,GD,HyperVolume
two-hop,0.8551082172708933,1.5344278235692956,0.47722065273339825
page_rank,0.8392669243140057,1.7286548669411632,0.46837990952413033
degree_centrality,0.844280417266606,1.5881999061949525,0.4711778505694755
katz_centrality,0.8541220113534033,1.4774611732653833,0.4766702687911457
betweenness,0.8522605384851761,1.553787428210065,0.4756314139663657
closeness,0.8525793883362548,1.4165602818065313,0.4758093583843732
eigenvector_centrality,0.8485400959655415,1.6195632260705586,0.47355510131748996
core,0.8460560690102191,2.617552515150869,0.4721688101544725
