measure,Hyperarea,GD,HyperVolume
two-hop,0.19712195250880343,7.184801852138442,0.05523614797810968
page_rank,0.7576199042284772,1.1909904259004362,0.21229500118337422
degree_centrality,0.7455961650765938,1.352338040865619,0.20892579229217287
katz_centrality,0.4500052371688213,3.0577811877679535,0.12609735016738569
betweenness,0.7216182430596665,1.4239301479211135,0.20220686509062022
closeness,0.6976572879115508,1.5000259062031913,0.1954926922275087
eigenvector_centrality,0.6897531508837917,1.5230594098828016,0.19327784970516174
core,0.12034226628130243,9.484034734337152,0.03372147619143655
