measure,Hyperarea,GD,HyperVolume
two-hop,0.9283120808821972,1.6028071939458894,0.5145803484116028
page_rank,0.9379971141002635,1.4899929522279238,0.519948939287846
degree_centrality,0.9352270649200112,1.5349349949349753,0.5184134504133106
katz_centrality,0.9412176534731113,1.463244480589336,0.5217341431074262
betweenness,0.9413250561703331,1.3863377378258246,0.5217936783849422
closeness,0.9428722254036596,1.3420295219872502,0.5226513025606183
eigenvector_centrality,0.9390564167856158,1.4992423407030715,0.520536130121756
core,0.9422705489096379,1.4981410461097875,0.5223177822862398
