measure,Hyperarea,GD,HyperVolume
two-hop,0.9442862838530245,0.8635904125451613,0.5325404080455715
page_rank,0.9629036222724162,0.658786807260317,0.5430398563253143
degree_centrality,0.960733203029532,0.7075120615219748,0.5418158250447589
katz_centrality,0.9695780734468414,0.5201309443432506,0.5468039848662959
betweenness,0.9622521202027972,0.6843949866957285,0.5426724347245453
closeness,0.9605479350292406,0.7966310087526691,0.541711341162953
eigenvector_centrality,0.9623130070175365,0.7030731309910296,0.5427067724987144
core,0.956618529544811,1.2309787281674467,0.5394953106689844
