measure,Hyperarea,GD,HyperVolume
two-hop,0.9516752306506749,0.887252486200635,0.534414132914654
page_rank,0.9672397631830413,0.7327199483621477,0.5431544109944139
degree_centrality,0.9648523750639286,0.8024487740510561,0.5418137709204529
katz_centrality,0.9728700703047276,0.5850139991985766,0.5463161153254407
betweenness,0.9669539137969098,0.7286761387712977,0.5429938919991583
closeness,0.9632972602202129,0.8670028291905101,0.5409404946976192
eigenvector_centrality,0.9648118963902083,0.8186705691033856,0.5417910400826407
core,0.9594886637054008,1.2823383160363624,0.5388017736943485
