measure,Hyperarea,GD,HyperVolume
two-hop,0.8504702980071179,1.50076670002791,0.47463231266873657
page_rank,0.8391499442360162,1.5735773615815278,0.468314625027914
degree_centrality,0.8383620482295211,1.5748748015466822,0.4678749143118766
katz_centrality,0.8445456879529336,1.4558263863418224,0.4713258934107481
betweenness,0.8470688854735152,1.4356231845153526,0.47273404496797466
closeness,0.8487774830791678,1.2718353847562547,0.47368758283389595
eigenvector_centrality,0.8433212074276575,1.612426750713681,0.4706425326574196
core,0.8432830803270661,2.8085852942026985,0.4706212546022407
