measure,Hyperarea,GD,HyperVolume
two-hop,0.2241675701694977,1.740098900463565,0.06375155308286912
page_rank,0.8742240696839451,0.38132403112057145,0.24862268053597994
degree_centrality,0.8613908975008573,0.43311511661402397,0.2449730239106567
katz_centrality,0.5540452636810388,1.3712638465200842,0.1575662617530575
betweenness,0.8156969673786278,0.6819784801791176,0.231978017498491
closeness,0.7971238045701761,0.750561919095219,0.2266959511683591
eigenvector_centrality,0.7786074675686877,0.8138872648428219,0.22143004566580082
core,0.20721132185429952,1.6764757622798003,0.05892932494462722
