measure,Hyperarea,GD,HyperVolume
two-hop,0.21621094275740715,1.509997698538687,0.06147154927498485
page_rank,0.8669449845208853,0.43974039389154884,0.24648359909549877
degree_centrality,0.8581974783825219,0.4962394859620886,0.2439965706973988
katz_centrality,0.5490067051016062,1.2928309728315894,0.15608966084023185
betweenness,0.8058220198748274,0.648129926542104,0.22910555483393197
closeness,0.7926580334438078,0.6855215845909103,0.2253628643381156
eigenvector_centrality,0.770647443038041,0.7347226333437357,0.21910497065593632
core,0.2137958925004958,1.5252876401605961,0.06078491945423677
