measure,Hyperarea,GD,HyperVolume
two-hop,0.9249973525187581,1.631434634558536,0.5127429339135309
page_rank,0.9396668327493426,1.4073012825789855,0.5208744948438784
degree_centrality,0.9362114711351408,1.4530321770784482,0.5189591247652791
katz_centrality,0.9409094033197738,1.4875199637136827,0.5215632744151308
betweenness,0.9409020572110495,1.3190367725999357,0.5215592023328379
closeness,0.9419889130568682,1.274368897379957,0.5221616663870416
eigenvector_centrality,0.9402385951101252,1.4164160588989179,0.521191433167616
core,0.9388349033533088,1.6678208406495427,0.5204133411787681
