measure,Hyperarea,GD,HyperVolume
two-hop,0.9121272504521768,1.1430125699641054,0.5145803484116028
page_rank,0.9216434281489463,1.050297479054035,0.519948939287846
degree_centrality,0.918921673908713,1.0798111474808931,0.5184134504133106
katz_centrality,0.9248078184263376,1.0333201018621756,0.5217341431074262
betweenness,0.9249133485911666,0.950166812513549,0.5217936783849422
closeness,0.9264335434134047,0.9034506803418693,0.5226513025606183
eigenvector_centrality,0.9226842622236993,0.9980774282485171,0.520536130121756
core,0.9258423569606419,0.9178293774457392,0.5223177822862398
