measure,Hyperarea,GD,HyperVolume
two-hop,0.25259792275182086,1.5139803652454145,0.07181683524972934
page_rank,0.9394763948850673,0.2839944585152124,0.26710521107000745
degree_centrality,0.9233469461798025,0.3346964603354334,0.2625194015442773
katz_centrality,0.5978314434801639,1.1947770481909257,0.1699711613452424
betweenness,0.8647400269378341,0.5412308479082958,0.24585670132156018
closeness,0.8356281687565924,0.6440384112870449,0.2375798259615444
eigenvector_centrality,0.8125406259355998,0.7258535109337584,0.23101574086918453
core,0.4452252837173902,1.412011294858178,0.1265832691789835
