measure,Hyperarea,GD,HyperVolume
two-hop,0.8428929638813848,1.4477416395011942,0.47517115219945477
page_rank,0.8358742123545102,1.6502924215129602,0.47121441226575184
degree_centrality,0.8379847300773596,1.481572316767391,0.4724041922035102
katz_centrality,0.849879774112446,1.3520507459025997,0.4791098855973521
betweenness,0.8470921737716943,1.416195822500604,0.4775384081707438
closeness,0.8473624379103966,1.2931382953120019,0.4776907664507251
eigenvector_centrality,0.8435580985517668,1.4970922157181512,0.4755461141711835
core,0.8425769097883677,1.534216907473742,0.474992980362731
