measure,Hyperarea,GD,HyperVolume
two-hop,0.19945766638339174,2.0150935782101778,0.05672424426339353
page_rank,0.7572269279777842,0.6613515996632812,0.21534958271730545
degree_centrality,0.7446385352645041,0.7411760027236942,0.21176953951265334
katz_centrality,0.4534374335002038,1.5783285752751892,0.12895415955881015
betweenness,0.7188569399539217,0.8469673537511969,0.2044374497694275
closeness,0.6981655760075606,0.9627415378510303,0.1985529831358908
eigenvector_centrality,0.6832308792632771,0.9359780307823083,0.19430566889882325
core,0.1186173281450589,1.9471651812830797,0.03373386652703607
