measure,Hyperarea,GD,HyperVolume
two-hop,0.8498260932666084,1.2683345176927077,0.47722065273339825
page_rank,0.8340826542094922,1.4563148337790752,0.46837990952413033
degree_centrality,0.8390651781093628,1.312070261170109,0.4711778505694755
katz_centrality,0.848845979282098,1.308987975155362,0.4766702687911457
betweenness,0.8469960049941933,1.2680114259243251,0.4756314139663657
closeness,0.8473128852647929,1.206932773865079,0.4758093583843732
eigenvector_centrality,0.8432985441724801,1.351459413051854,0.47355510131748996
core,0.8408298614018387,2.227901830098411,0.4721688101544725
