measure,Hyperarea,GD,HyperVolume
two-hop,0.9210441287205786,1.3176732571339962,0.5148230544466764
page_rank,0.9344862230557524,1.1160900465111199,0.522336592449907
degree_centrality,0.932188239766362,1.1512417149526923,0.5210521211208788
katz_centrality,0.9374279026728999,1.1516453006125436,0.5239808616423149
betweenness,0.9375044368641978,1.0134487464893571,0.5240236408804697
closeness,0.9389618863696285,0.9957649721430852,0.5248382908876631
eigenvector_centrality,0.9356951908661919,1.136983689447748,0.5230123521464188
core,0.9299545134820544,1.5509587417840305,0.5198035666242745
