measure,Hyperarea,GD,HyperVolume
two-hop,0.8515044769381312,1.7883767128116745,0.47520946949466025
page_rank,0.8394701066558091,1.9002112876049073,0.46849330196712285
degree_centrality,0.8390919989954166,1.8411356309951132,0.4682822868220785
katz_centrality,0.8451980697521644,1.6656406740031395,0.4716899760634139
betweenness,0.8474113989065006,1.6693611617729134,0.4729251956092127
closeness,0.8476487904136625,1.4991617617979218,0.47305767957757255
eigenvector_centrality,0.8444829405780928,1.9064987573350967,0.47129087521939633
core,0.8433396811458195,3.5769437070510666,0.4706528425102097
