measure,Hyperarea,GD,HyperVolume
two-hop,0.22782948007816142,1.7938479744203364,0.06462526759244679
page_rank,0.8768596798224839,0.45599537089114456,0.24872677333115273
degree_centrality,0.864612397213829,0.5381339953906027,0.24525275444828862
katz_centrality,0.5506963767326611,1.3421411284935025,0.15620849723367508
betweenness,0.8204340182009112,0.6830936545119791,0.23272127887045355
closeness,0.7959965062134631,0.7922405280104803,0.2257894246128717
eigenvector_centrality,0.7783047471816503,0.8414380518040309,0.2207710456865811
core,0.20287743444159348,1.6675940426639422,0.05754746262318233
