measure,Hyperarea,GD,HyperVolume
two-hop,0.9433538341922565,0.9479435645662498,0.5320145430284485
page_rank,0.9625156029290078,0.6665547564703382,0.5428210286424371
degree_centrality,0.9594113601400381,0.7248409542968954,0.5410703575273542
katz_centrality,0.9678525778337794,0.5387370093008033,0.5458308730530951
betweenness,0.9609821817006189,0.6905601968548745,0.5419562392447346
closeness,0.9590615476342844,0.8185717197739713,0.5408730770015867
eigenvector_centrality,0.9604021118850983,0.69184314158011,0.541629102632105
core,0.9542970992190021,1.234770749794245,0.5381861150636947
