measure,Hyperarea,GD,HyperVolume
two-hop,0.9603847547656063,1.3617617417817711,0.5323588175722457
page_rank,0.9788857941225226,0.8889189422659541,0.5426142817359906
degree_centrality,0.9766347077686323,0.9417864662073853,0.5413664634385181
katz_centrality,0.9820296333967672,0.8027677468084471,0.5443569692894623
betweenness,0.9770950631781375,0.9020933308131417,0.5416216468535516
closeness,0.9750413674181203,1.0388605860024345,0.5404832457689543
eigenvector_centrality,0.9751634125698997,0.9831704211286536,0.5405508976265763
core,0.975927528414027,0.943405059584025,0.5409744610007857
