measure,Hyperarea,GD,HyperVolume
two-hop,0.9153100272327837,1.1392784098703468,0.5155536870305313
page_rank,0.9217139356619494,0.9714955598589453,0.5191607256336631
degree_centrality,0.9199175546510133,0.9989565362861903,0.5181489035996583
katz_centrality,0.9268912311984626,1.007759288050625,0.5220768674034257
betweenness,0.9262920464674961,0.8878099254609113,0.5217393731249067
closeness,0.9274223844350882,0.8736094548184135,0.5223760425477737
eigenvector_centrality,0.9250606494302135,0.9933075114226362,0.5210457815942984
core,0.9247679372654471,0.9379918840292865,0.5208809097680384
