measure,Hyperarea,GD,HyperVolume
two-hop,0.9125574627389911,1.0842948271781496,0.5148230544466764
page_rank,0.9258756992033437,0.9068212291047636,0.522336592449907
degree_centrality,0.9235988899445999,0.9268694063426963,0.5210521211208788
katz_centrality,0.9287902736563008,0.919682115215175,0.5239808616423149
betweenness,0.9288661026478179,0.8008336296223733,0.5240236408804697
closeness,0.9303101229518109,0.7741516205854105,0.5248382908876631
eigenvector_centrality,0.9270735273672996,0.9082865596394116,0.5230123521464188
core,0.9213857456153561,1.1782333953140682,0.5198035666242745
