measure,Hyperarea,GD,HyperVolume
two-hop,0.9535874137225813,1.0502821668945286,0.5330133157642668
page_rank,0.9714113449362745,0.7871256218438194,0.5429761073651727
degree_centrality,0.9691278990636298,0.8523294135942554,0.5416997618110768
katz_centrality,0.976422565542525,0.6570770037527667,0.5457771587139281
betweenness,0.9697172061952872,0.8228425137954662,0.5420291585121323
closeness,0.9692226631492066,0.9126604553934886,0.5417527307562849
eigenvector_centrality,0.9684680773454211,0.8707195499974337,0.541330950565485
core,0.9698665239770025,0.8443787173759721,0.5421126205679326
