measure,Hyperarea,GD,HyperVolume
two-hop,0.9138525566769143,1.098636009756875,0.5155536870305313
page_rank,0.9202462680059715,0.9633899300337496,0.5191607256336631
degree_centrality,0.9184527474164804,1.0010176158640878,0.5181489035996583
katz_centrality,0.925415319608103,0.9751163621876012,0.5220768674034257
betweenness,0.9248170889736469,0.873645375299229,0.5217393731249067
closeness,0.9259456270764315,0.8436561894216311,0.5223760425477737
eigenvector_centrality,0.9235876527200015,0.9632596831943132,0.5210457815942984
core,0.9232954066479784,0.9227316343769972,0.5208809097680384
