measure,Hyperarea,GD,HyperVolume
two-hop,0.19562954036472074,2.0022642281243845,0.055578250703818007
page_rank,0.7463328517611717,0.7616805061789496,0.2120327751440048
degree_centrality,0.7328372853656075,0.7819142849774532,0.20819869174778396
katz_centrality,0.4446805611816949,1.5673384708630498,0.12633351622865477
betweenness,0.7092375492223676,0.8716420426669467,0.20149401897971628
closeness,0.6866241739350387,0.948216679899001,0.19506957081797363
eigenvector_centrality,0.6759548260732895,0.9252778455972506,0.19203841463777194
core,0.1216752415814818,2.2343267427982587,0.03456787287060838
