measure,Hyperarea,GD,HyperVolume
two-hop,0.2520910699027404,1.7450083179651137,0.07169278416351688
page_rank,0.9431266000005634,0.2430877374490968,0.2682180364373823
degree_centrality,0.929862313414191,0.29764398122562435,0.2644457741526186
katz_centrality,0.5933703408291614,1.261888868628131,0.16875001478834642
betweenness,0.8724102737288622,0.5363010146560844,0.24810685075282027
closeness,0.8318983424845648,0.6647935507816755,0.23658556543372825
eigenvector_centrality,0.8167383384423792,0.7310858124721922,0.23227417551367363
core,0.46596545256559113,1.4656128935529247,0.13251703295689507
