measure,Hyperarea,GD,HyperVolume
two-hop,0.9197526169840974,1.4413421612537312,0.5141011563352877
page_rank,0.9272692652984303,1.1991756048689546,0.5183026312958434
degree_centrality,0.9263075728493654,1.2041647193093108,0.5177650876227149
katz_centrality,0.9346691821920307,1.1097437850978777,0.5224388585394901
betweenness,0.9318320631860925,1.0832557878765328,0.5208530341181404
closeness,0.9309896080416817,1.0758827581231212,0.520382138840536
eigenvector_centrality,0.9312138972643278,1.1876189557919155,0.5205075066259455
core,0.9326012478199714,1.1545039862826836,0.5212829744112262
