measure,Hyperarea,GD,HyperVolume
two-hop,0.9220512185559188,1.3020356508556687,0.5145803484116028
page_rank,0.9316709325124432,1.1526863936616554,0.519948939287846
degree_centrality,0.9289195655155985,1.203399008444444,0.5184134504133106
katz_centrality,0.9348697514379919,1.1391331419098372,0.5217341431074262
betweenness,0.9349764297737468,1.0422401014166074,0.5217936783849422
closeness,0.9365131643550151,1.0435747723789726,0.5226513025606183
eigenvector_centrality,0.932723090888881,1.120606505697807,0.520536130121756
core,0.9359155457783379,1.0968583446665288,0.5223177822862398
