measure,Hyperarea,GD,HyperVolume
two-hop,0.25218371608913603,1.6448749125557292,0.07169907097309038
page_rank,0.9427538354228037,0.28113392724120506,0.26803702952906366
degree_centrality,0.9278769417148413,0.30138936134287,0.2638073374840416
katz_centrality,0.5997677396987692,1.233811163633123,0.17052167524104694
betweenness,0.8647858599297158,0.5725100764778391,0.24586973223009304
closeness,0.8304509940416627,0.6736752957156938,0.23610788866486884
eigenvector_centrality,0.8237617510214602,0.7397499733711931,0.23420605091935706
core,0.4642186928814989,1.4103812869901349,0.13198333946423949
