measure,Hyperarea,GD,HyperVolume
two-hop,0.19505655677791475,1.6568629300147997,0.05547260214395163
page_rank,0.7549589566533761,0.7154153211804339,0.2147045889112473
degree_centrality,0.7423765732842702,0.7894912061656838,0.211126254718402
katz_centrality,0.4631647683992307,1.4132142859389623,0.1317205396676781
betweenness,0.7149039360215022,0.8907393723296164,0.2033132454974006
closeness,0.692009343459114,1.035838967948218,0.19680219739196705
eigenvector_centrality,0.6810837824051375,0.9694460544139621,0.1936950508722182
core,0.12020005748816691,1.8087342588122908,0.03418398272206227
