measure,Hyperarea,GD,HyperVolume
two-hop,0.8428314163766613,1.4000628955425658,0.47548681795916403
page_rank,0.8378122560076896,1.525809095347335,0.47265523794648623
degree_centrality,0.8347948254190791,1.5104113789043012,0.4709529420411449
katz_centrality,0.843518294174998,1.3842837147098652,0.47587432290061726
betweenness,0.8442883450376673,1.4062609697049713,0.4763087502691785
closeness,0.8449487541847552,1.3550517951717753,0.47668132281191783
eigenvector_centrality,0.8416629525517855,1.4701747653453632,0.4748276242755932
core,0.8355301117293386,2.3754989480104274,0.47136775684415405
