measure,Hyperarea,GD,HyperVolume
two-hop,0.9575904015543838,0.927380451701541,0.534414132914654
page_rank,0.9732516759867178,0.7392189070028038,0.5431544109944139
degree_centrality,0.9708494489726931,0.8072780813743144,0.5418137709204529
katz_centrality,0.9789169784805568,0.5907083416848774,0.5463161153254407
betweenness,0.9729640498936623,0.7308730818389738,0.5429938919991583
closeness,0.9692846682579122,0.8681659636499826,0.5409404946976192
eigenvector_centrality,0.970808718702351,0.8189995594346585,0.5417910400826407
core,0.965452399277365,1.2702163744497852,0.5388017736943485
