measure,Hyperarea,GD,HyperVolume
two-hop,0.24981962511047354,6.8864187880558925,0.07000272473367337
page_rank,0.9526733797337916,0.6172628759860594,0.2669515348648523
degree_centrality,0.9387991165275458,0.6738865335119915,0.2630637849425639
katz_centrality,0.6007630483834647,2.3994984676798876,0.16834165965765452
betweenness,0.8762004731325823,0.8580737337518358,0.24552282673985584
closeness,0.8406022563655976,1.0776315808261752,0.2355477410425377
eigenvector_centrality,0.8272633661228442,1.2136327903527102,0.2318100096233058
core,0.4676384515331175,3.1047817746956468,0.13103840734320935
