measure,Hyperarea,GD,HyperVolume
two-hop,0.9119171766322726,1.1964112020108824,0.5145542001631652
page_rank,0.9216702514153505,0.9604224084029083,0.520057425371261
degree_centrality,0.9195864018033952,1.0043526068431397,0.5188816019545995
katz_centrality,0.9272783200946407,0.8945790412924897,0.5232218084618274
betweenness,0.9264631070437621,0.8981024825421319,0.5227618200877664
closeness,0.9261904224102402,0.8770271427510279,0.5226079563081446
eigenvector_centrality,0.9245736106596434,0.9617336119000797,0.5216956615313151
core,0.9221102756750537,0.9657954338715381,0.5203057114402219
