measure,Hyperarea,GD,HyperVolume
two-hop,0.19422512047165968,1.7544023962076625,0.05523614797810968
page_rank,0.7464861995212413,0.7240714502904161,0.21229500118337422
degree_centrality,0.7346391568373977,0.8033294662958697,0.20892579229217287
katz_centrality,0.44339212497445574,1.5367740440876352,0.12609735016738569
betweenness,0.711013605582827,0.9278114604445534,0.20220686509062022
closeness,0.6874047718581765,1.0463753790305175,0.1954926922275087
eigenvector_centrality,0.6796167911340486,0.9758691405051738,0.19327784970516174
core,0.11857376039979443,1.9886433973028395,0.03372147619143655
