measure,Hyperarea,GD,HyperVolume
two-hop,0.2308041448473383,1.9047274658368276,0.06545258684498581
page_rank,0.8774450878857399,0.3768961598046644,0.24883024026511505
degree_centrality,0.8659387886342041,0.4195531917523556,0.24556722671948014
katz_centrality,0.5535279952516987,1.3001119831677517,0.15697222077318565
betweenness,0.815936551283948,0.6903864422315358,0.2313873436641912
closeness,0.7979412135696019,0.8050042789955083,0.2262841363308387
eigenvector_centrality,0.7760347309388442,0.8487145829269962,0.2200717870777253
core,0.23576663148031765,2.0989106109682676,0.06685987347550539
