measure,Hyperarea,GD,HyperVolume
two-hop,0.9220043647955499,1.3811535095281795,0.5145542001631652
page_rank,0.931865323389821,1.088538807125381,0.520057425371261
degree_centrality,0.9297584232381034,1.1340479261809038,0.5188816019545995
katz_centrality,0.9375354258211339,1.0099357084728848,0.5232218084618274
betweenness,0.9367111952765091,1.0026953644979257,0.5227618200877664
closeness,0.9364354943370352,0.9715550886397647,0.5226079563081446
eigenvector_centrality,0.9348007981943348,1.072767646082975,0.5216956615313151
core,0.9323102149857447,1.1619779838653626,0.5203057114402219
