measure,Hyperarea,GD,HyperVolume
two-hop,0.22804700274441894,1.6504527656914085,0.06485483422003137
page_rank,0.8828322827792423,0.40398149925737276,0.25107079091019036
degree_centrality,0.8686078935339795,0.4606351664633648,0.24702548272687422
katz_centrality,0.5552631883282444,1.4366118969017991,0.15791263026540991
betweenness,0.8232497538386668,0.6349535624863745,0.23412597255981712
closeness,0.8035558914503247,0.6994807594536031,0.2285251877874801
eigenvector_centrality,0.7801003391107599,0.7560071837540704,0.22185460698521184
core,0.22051150069289305,1.7030998333006637,0.06271179471310946
