measure,Hyperarea,GD,HyperVolume
two-hop,0.2527293945112965,1.7460425654343954,0.07169278416351688
page_rank,0.945514708861367,0.2240341296067141,0.2682180364373823
degree_centrality,0.9322168355218173,0.2719270813775386,0.2644457741526186
katz_centrality,0.5948728251919938,1.1619385285161197,0.16875001478834642
betweenness,0.8746193204304893,0.5125191676981968,0.24810685075282027
closeness,0.8340048081520309,0.6577636615791866,0.23658556543372825
eigenvector_centrality,0.8188064171743237,0.6712752733560944,0.23227417551367363
core,0.46714533257968427,1.518012411270535,0.13251703295689507
