measure,Hyperarea,GD,HyperVolume
two-hop,0.9440770706837897,0.9945160407815467,0.5324224200281471
page_rank,0.9623641896802867,0.8023330754085556,0.5427356375119756
degree_centrality,0.9586360105697489,0.892901729356974,0.5406330907962787
katz_centrality,0.9682270039732477,0.6500556880583649,0.5460420347023798
betweenness,0.9609748285881402,0.8136689834281958,0.5419520923778502
closeness,0.9592914266908145,0.9113634321752221,0.5410027197684668
eigenvector_centrality,0.9612486458884005,0.8080603047264372,0.5421065145899527
core,0.9524245283131537,1.3189135719045555,0.537130058556948
