measure,Hyperarea,GD,HyperVolume
two-hop,0.8442318470713707,1.2437763852745836,0.4762768767085903
page_rank,0.8346897320521893,1.4835174283943613,0.4708936531849868
degree_centrality,0.833927807587003,1.35876648081337,0.4704638103570651
katz_centrality,0.8451663078091534,1.2844765812256111,0.47680405658594494
betweenness,0.8434580051937505,1.2690367579127466,0.4758403106233167
closeness,0.8452998017345957,1.2740489341533812,0.47687936773428624
eigenvector_centrality,0.8418278111770205,1.3896857630131538,0.4749206299486175
core,0.8365515517582731,2.8148021539720727,0.4719440064471674
