measure,Hyperarea,GD,HyperVolume
two-hop,0.22931529021087582,1.66269300274077,0.0650574802337276
page_rank,0.8651833112273981,0.40078912100220804,0.2454552686694675
degree_centrality,0.8566830310085748,0.4312664609951984,0.24304371202268352
katz_centrality,0.5455372531832472,1.1043286682837992,0.15477066109762572
betweenness,0.8076381674417361,0.6865046868685591,0.22912952758634997
closeness,0.786322156378729,0.7545407064066498,0.22308210716742263
eigenvector_centrality,0.7714720160347728,0.7931152951824362,0.21886907492257499
core,0.23518229934415757,1.7612883122397371,0.06672196946324463
