measure,Hyperarea,GD,HyperVolume
two-hop,0.9173226893104031,1.2333668467999912,0.5127429339135309
page_rank,0.9318704574951046,1.0251697771252621,0.5208744948438784
degree_centrality,0.9284437648674463,1.0878890807759507,0.5189591247652791
katz_centrality,0.9331027185110115,1.1170334086372322,0.5215632744151308
betweenness,0.9330954333526349,0.9702526409529697,0.5215592023328379
closeness,0.9341732716022951,0.9425428501454258,0.5221616663870416
eigenvector_centrality,0.9324374759681968,1.066435269659691,0.521191433167616
core,0.9310454305814512,1.2989618501905396,0.5204133411787681
