measure,Hyperarea,GD,HyperVolume
two-hop,0.201661614143009,1.7726346953520913,0.057259795724049996
page_rank,0.7672330024894052,0.49386375735385846,0.21784812732947104
degree_centrality,0.7540728581866535,0.6107299164887308,0.2141114361516438
katz_centrality,0.4643452021908455,1.644635399288078,0.1318461698121454
betweenness,0.7279156438616077,0.7961651992497834,0.20668435710475994
closeness,0.7055857820569474,0.9345079037866681,0.20034401647565844
eigenvector_centrality,0.6927397635889259,0.9774984023431055,0.19669651818267805
core,0.12021463248675503,1.7121253376379926,0.03413374096248136
