measure,Hyperarea,GD,HyperVolume
two-hop,0.20007161340454885,3.5589512799198313,0.05665218195385288
page_rank,0.7450987017489193,0.7247729753550312,0.21098179050371776
degree_centrality,0.733645193538898,0.8392543549889988,0.2077386206202818
katz_centrality,0.4565727413423314,1.8588827730973472,0.12928291813888615
betweenness,0.7086026330842824,0.9541570391717613,0.20064758123031812
closeness,0.6832096385990197,1.1253791803481379,0.19345731310855577
eigenvector_centrality,0.6719257632596809,1.2262946603759273,0.19026217638730475
core,0.119640901835236,5.008935914303347,0.03387746029811712
