measure,Hyperarea,GD,HyperVolume
two-hop,0.23016478829605086,1.7073298643099992,0.06543880686456344
page_rank,0.8723615890778254,0.3512669347463143,0.24802360937286314
degree_centrality,0.863027764315354,0.39239278419222795,0.2453698830559019
katz_centrality,0.5554052865762943,1.284190050133699,0.15790885977343577
betweenness,0.8126908821702988,0.6892851207421203,0.23105846064745927
closeness,0.7962312453299921,0.7760400042048813,0.22637877439211315
eigenvector_centrality,0.770527485563099,0.8693325180096664,0.2190708652043909
core,0.21755840641510255,1.7332001689344865,0.061854650507391994
