measure,Hyperarea,GD,HyperVolume
two-hop,0.8514358180613494,1.7023515072375197,0.47517115219945477
page_rank,0.8443459303720094,1.885166316029517,0.47121441226575184
degree_centrality,0.8464778385274798,1.7223532976124583,0.4724041922035102
katz_centrality,0.8584934407247652,1.5538110614740148,0.4791098855973521
betweenness,0.8556775876114272,1.657634179527496,0.4775384081707438
closeness,0.8559505909201379,1.511884988355672,0.4776907664507251
eigenvector_centrality,0.8521076939773492,1.7439287159389805,0.4755461141711835
core,0.8511165607098579,1.7581149387892394,0.474992980362731
