measure,Hyperarea,GD,HyperVolume
two-hop,0.19827430785097527,1.6485589044679438,0.05624175676115537
page_rank,0.7588247872279168,0.5916578962358664,0.21524543230121812
degree_centrality,0.7434246270035944,0.7089429550633989,0.21087707981618434
katz_centrality,0.45324564591890487,1.4605268557609514,0.128565983395001
betweenness,0.7186749938050029,0.8860324832552905,0.20385669041036575
closeness,0.6995028783932755,0.9797690649105599,0.19841839906909117
eigenvector_centrality,0.684675664332871,0.9470738027363617,0.1942125663736235
core,0.11937124256822651,1.5401882100565354,0.03386040512039063
