measure,Hyperarea,GD,HyperVolume
two-hop,0.19472914146732212,1.817995118698637,0.05523614797810968
page_rank,0.748423357375062,0.6468312489832142,0.21229500118337422
degree_centrality,0.7365455712001876,0.7436410311270957,0.20892579229217287
katz_centrality,0.4445427430806812,1.5553920931040166,0.12609735016738569
betweenness,0.7128587108119814,0.9124138432533887,0.20220686509062022
closeness,0.6891886113362713,1.0176950259522437,0.1954926922275087
eigenvector_centrality,0.6813804205291776,0.9296369295640816,0.19327784970516174
core,0.1188814634643157,1.6269531902182701,0.03372147619143655
