measure,Hyperarea,GD,HyperVolume
two-hop,0.2029514203601758,1.79675030374591,0.057577966154578164
page_rank,0.7513414922796112,0.7840639990664957,0.21315798103916375
degree_centrality,0.7393867639229401,0.8028111379173831,0.20976638642264905
katz_centrality,0.45329303005282745,1.4677156694986515,0.12860068038040348
betweenness,0.7113267868655729,0.9105262547817885,0.2018056813118394
closeness,0.6908859587550992,0.9520423807143926,0.19600655309175746
eigenvector_centrality,0.6774563367175458,0.8946209611143985,0.19219652642737273
core,0.12187137600504326,1.850573283153902,0.03457529861272744
