measure,Hyperarea,GD,HyperVolume
two-hop,0.9571748741526065,0.9004978361745509,0.5341822344789944
page_rank,0.9743996178293909,0.670435172742685,0.543795056873375
degree_centrality,0.9709237403619156,0.7506774024823709,0.5418552316204452
katz_centrality,0.9802116720957789,0.5263195477870188,0.5470386607526357
betweenness,0.9730119284461736,0.6811343745402793,0.5430206121658224
closeness,0.9694605283011674,0.8322559004114637,0.5410386390528445
eigenvector_centrality,0.9715698207329347,0.7413844371479112,0.5422157975583566
core,0.9661557252184639,0.8896630909882075,0.5391942873644506
