measure,Hyperarea,GD,HyperVolume
two-hop,0.25571747572501835,1.8939027057552797,0.07251763307259053
page_rank,0.9445196622252223,0.25466666802024346,0.2678515815194034
degree_centrality,0.9306914813238268,0.30756932677128723,0.2639301172322026
katz_centrality,0.5995498980268497,1.2038872551379662,0.17002334076132306
betweenness,0.8661001086822513,0.5661283373243751,0.24561297466071244
closeness,0.8321316263458289,0.677076261118146,0.23598002356450212
eigenvector_centrality,0.8113604277980263,0.7217997878828201,0.23008962381572928
core,0.46035777237404,1.550972087261437,0.13055054577120412
