measure,Hyperarea,GD,HyperVolume
two-hop,0.10166389149630349,1.5323143549063662,0.028334983623269593
page_rank,0.978275228002682,0.10041250500801438,0.2726574023139199
degree_centrality,0.9530412459694758,0.1863576806262447,0.26562437950575035
katz_centrality,0.6373568351525009,0.8275260299052849,0.17763923080675792
betweenness,0.9534121205374634,0.17413659623889072,0.26572774683367323
closeness,0.8766648298103952,0.4069183034262577,0.2443373279359188
eigenvector_centrality,0.735721551736228,0.6831299520066759,0.20505469358794415
core,0.5572001651515424,0.9090191275998251,0.15529857574875666
