measure,Hyperarea,GD,HyperVolume
two-hop,0.09098888428880096,1.3593463901431584,0.025264847702855846
page_rank,0.9608710665604787,0.1315464455908712,0.2668046910178358
degree_centrality,0.9370713615002993,0.21351721267791954,0.26019623627725685
katz_centrality,0.623731658731431,0.8947179713227704,0.1731913242861781
betweenness,0.9368743400843642,0.20887654882761572,0.26014152941820795
closeness,0.8604178316370727,0.4624152725579686,0.23891188079781397
eigenvector_centrality,0.7358116371284168,0.7315175523804115,0.20431252779221717
core,0.49861009852719096,1.056299221134363,0.13844886989064797
