measure,Hyperarea,GD,HyperVolume
two-hop,0.10308547907564633,1.192907904150501,0.02873817698756759
page_rank,0.9775223126146586,0.0858065491312346,0.27251373793007033
degree_centrality,0.9523932785189132,0.18436859562790625,0.2655082640665768
katz_centrality,0.6346444942970616,0.8322441179509431,0.17692623602118068
betweenness,0.950882534109173,0.18082112341580703,0.2650870986355248
closeness,0.8745492237262318,0.4026651906933439,0.2438068930866703
eigenvector_centrality,0.7408432444498843,0.6808238571112534,0.20653233093500165
core,0.5642120676798338,0.9041081762572546,0.15729107925672087
