measure,Hyperarea,GD,HyperVolume
page_rank,0.9730713602073041,0.28045208644357494,0.1648087975836869
