measure,Hyperarea,GD,HyperVolume
page_rank,0.9691980148078093,0.1883187638937115,0.16533935691963822
