measure,Hyperarea,GD,HyperVolume
page_rank,0.9332535350517802,0.5282796575706166,0.15696287511198662
