measure,Hyperarea,GD,HyperVolume
two-hop,0.09121481819523221,1.2483708149569825,0.025428873326181885
page_rank,0.9606330080747735,0.12269157310831788,0.2678053364421365
degree_centrality,0.9360451735024906,0.20614411301517493,0.26095073821923087
katz_centrality,0.6261198756707119,0.8579602430254293,0.174549742250843
betweenness,0.9374020530599769,0.2115007653095192,0.261329009196128
closeness,0.861394787263209,0.43887892847822785,0.24013969837956076
eigenvector_centrality,0.7350544786557671,0.7004415940865903,0.20491853840648422
core,0.48720515906744294,1.0200161278428523,0.13582308794686473
