measure,Hyperarea,GD,HyperVolume
two-hop,0.08534596910761888,3.329670079420085,0.02374324860573958
page_rank,0.9258531942615865,0.19991263847916085,0.2575723586435735
degree_centrality,0.9073787441400757,0.2682247183354772,0.25243276661976916
katz_centrality,0.6097758318353155,0.9221427657399085,0.16963963641658483
betweenness,0.9083832542169353,0.2654803388640922,0.2527122213231515
closeness,0.8326199014227333,0.5171725761157343,0.23163485657580452
eigenvector_centrality,0.7066896112072567,0.7668300407209576,0.1966010498378589
core,0.28377923054673226,1.7052966638148175,0.07894738193810094
