measure,Hyperarea,GD,HyperVolume
page_rank,0.9765235243789068,0.25641459985300996,0.16539348956975267
