measure,Hyperarea,GD,HyperVolume
two-hop,0.10310393333284756,1.5362608216195937,0.0287363410890792
page_rank,0.9789638768324356,0.10578777873933028,0.27284933725784205
degree_centrality,0.9568280546926721,0.17348023082903555,0.2666798099203939
katz_centrality,0.6380860915189656,0.8412398696869374,0.17784248357326934
betweenness,0.9554514786468649,0.16589074965872472,0.26629614115521044
closeness,0.8754602821784085,0.41663905645075167,0.24400160561678025
eigenvector_centrality,0.732365841475266,0.7047594200676798,0.2041194156452121
core,0.5598182789085249,0.9239214445299847,0.15602827642552697
