measure,Hyperarea,GD,HyperVolume
page_rank,0.9673120989478697,0.14278907861437423,0.16534107206976337
