measure,Hyperarea,GD,HyperVolume
two-hop,0.08525672121979572,1.3185141696338079,0.02374324860573958
page_rank,0.9248850121331725,0.1991649735003177,0.2575723586435735
degree_centrality,0.9064298810922145,0.268054843573757,0.25243276661976916
katz_centrality,0.6091381777597225,0.9400801977055103,0.16963963641658483
betweenness,0.9074333407339616,0.27084000041513323,0.2527122213231515
closeness,0.8317492151051663,0.5017757804718163,0.23163485657580452
eigenvector_centrality,0.7059506125667083,0.7716436859515368,0.1966010498378589
core,0.283482477258918,1.2097012115750279,0.07894738193810094
