measure,Hyperarea,GD,HyperVolume
page_rank,0.9618487636193901,0.16493466270563203,0.16473733062752324
