measure,Hyperarea,GD,HyperVolume
two-hop,0.10272905573676487,2.0304315629154908,0.02857745119644619
page_rank,0.9797100797418026,0.09588322582425851,0.2725384438676187
degree_centrality,0.9566266721122442,0.16907422506415049,0.26611703806134207
katz_centrality,0.6392485554166962,0.831834588326107,0.17782792087206484
betweenness,0.9538729725054171,0.17374307802069572,0.2653510063329339
closeness,0.877378949356799,0.3937351769108562,0.2440716886396912
eigenvector_centrality,0.7383693469984458,0.6659844658837049,0.20540161522431247
core,0.5689877814032036,0.8947980974913763,0.1582825855626453
