measure,Hyperarea,GD,HyperVolume
page_rank,0.924018533479656,0.489738343645233,0.15794097386358688
