measure,Hyperarea,GD,HyperVolume
page_rank,0.9884957452285132,0.16944401878265714,0.16819949573539586
