measure,Hyperarea,GD,HyperVolume
page_rank,0.9802294635219244,0.1767741176699604,0.16679292982819152
