measure,Hyperarea,GD,HyperVolume
page_rank,0.9777186719797917,0.1299770984953379,0.16679292982819152
