measure,Hyperarea,GD,HyperVolume
page_rank,0.9727919039431243,0.1506550806588225,0.16595245280860502
