measure,Hyperarea,GD,HyperVolume
two-hop,0.08657491659900968,1.346303178118479,0.02403922303101196
page_rank,0.9278279888148762,0.1778281382264117,0.25762963262030114
degree_centrality,0.9092844136573128,0.2571576094486425,0.25248064540187054
katz_centrality,0.6051692659687664,0.9012950255472659,0.16803711199074237
betweenness,0.9086557949788908,0.2573377002347697,0.2523060971007496
closeness,0.8330844746458215,0.48362933863559937,0.23132223831577348
eigenvector_centrality,0.7118627685194074,0.7288328600124904,0.19766265486771978
core,0.2953987002577969,1.1751519009564355,0.08202324088233033
