measure,Hyperarea,GD,HyperVolume
page_rank,0.977952720896307,0.20655464962059078,0.16557411827993773
