measure,Hyperarea,GD,HyperVolume
page_rank,0.9197853148452441,0.4924537285085921,0.1572452726361592
