measure,Hyperarea,GD,HyperVolume
two-hop,0.08998549849725099,1.3593648015607664,0.025138898188008192
page_rank,0.9568210133641729,0.15010403565720717,0.26730335932787647
degree_centrality,0.9339309477856007,0.24362701164250794,0.26090865087255644
katz_centrality,0.6221679502029314,0.8955178409480181,0.17381263667135272
betweenness,0.9344169346719196,0.2381781069671303,0.26104441913588666
closeness,0.8559077014007391,0.48380931214431894,0.23911160045974095
eigenvector_centrality,0.7302170791102174,0.739533195683144,0.20399790092241663
core,0.5041539290127744,1.0379118239849485,0.1408435192802052
