measure,Hyperarea,GD,HyperVolume
two-hop,0.08517524690922933,2.1454874878499073,0.023691931299041173
page_rank,0.9226103010201516,0.19827994492736745,0.25662878196116645
degree_centrality,0.9052209576672307,0.269324233960033,0.2517918470181789
katz_centrality,0.6052489190440222,0.9175892940697813,0.16835308765340512
betweenness,0.904998056480996,0.26526288959547906,0.2517298459112567
closeness,0.8335011892751053,0.5072116754870962,0.23184262600400113
eigenvector_centrality,0.7145449525638876,0.7558640728289195,0.19875433932420913
core,0.29303705416037246,1.3652536264540445,0.08150975790700844
