measure,Hyperarea,GD,HyperVolume
page_rank,0.9692080687969342,0.09392137939630088,0.16534107206976337
