measure,Hyperarea,GD,HyperVolume
page_rank,0.9622660363963849,0.2663719022716724,0.1648087975836869
