measure,Hyperarea,GD,HyperVolume
page_rank,0.9864064611807492,0.16343034094361514,0.167843989376387
