measure,Hyperarea,GD,HyperVolume
two-hop,0.09107447068977123,1.378999136070557,0.025168932006895742
page_rank,0.9648449691694299,0.10832679668971162,0.2666402257657941
degree_centrality,0.9435461527587798,0.19294768394898112,0.26075418044478393
katz_centrality,0.6269691099165129,0.8428021037509804,0.1732663695808331
betweenness,0.9434757243089018,0.18492309077638894,0.26073471715443586
closeness,0.8661437334107581,0.41378619640654396,0.2393635951909254
eigenvector_centrality,0.7403832389815478,0.6780856716147137,0.20460898932311572
core,0.5072740019510074,0.952167596736968,0.14018796669662942
