measure,Hyperarea,GD,HyperVolume
page_rank,0.9807862965078904,0.12077433393803876,0.1676739192320554
