measure,Hyperarea,GD,HyperVolume
two-hop,0.09048523613673104,2.103453169320667,0.025168932006895742
page_rank,0.9586026052022739,0.12832428094637532,0.2666402257657941
degree_centrality,0.9374415880944688,0.2041155003334058,0.26075418044478393
katz_centrality,0.6229127386803838,0.8365005272370556,0.1732663695808331
betweenness,0.9373716153033046,0.19619005531987363,0.26073471715443586
closeness,0.860539947720218,0.43318731514388076,0.2393635951909254
eigenvector_centrality,0.7355930998394189,0.6914914347231474,0.20460898932311572
core,0.5039920353631732,0.980606778218547,0.14018796669662942
