measure,Hyperarea,GD,HyperVolume
two-hop,0.08448232374721518,1.3384640150338956,0.023551988058248558
page_rank,0.9176365464083331,0.21669317473317182,0.255818779884519
degree_centrality,0.8992568774244092,0.2765581910423179,0.2506948944937812
katz_centrality,0.601661997909592,0.951806765319574,0.16773137339674304
betweenness,0.9001023188058995,0.281767189434355,0.2509305867005958
closeness,0.8268517564853102,0.5462809825316451,0.2305097898698105
eigenvector_centrality,0.7057084102028933,0.7872121422014727,0.19673743941320032
core,0.33480984206921255,1.2187175730595206,0.09333831093226896
