measure,Hyperarea,GD,HyperVolume
two-hop,0.1033387141303746,1.2347191821677532,0.028694020096191212
page_rank,0.9825339603309806,0.09128381209147116,0.27281981820829243
degree_centrality,0.9552644326777745,0.1664811801943755,0.2652478991934346
katz_centrality,0.640870736688952,0.7816560064459465,0.1779503253196421
betweenness,0.9557119435191612,0.15797346074241767,0.265372159352699
closeness,0.8797242784562087,0.37377342576882006,0.24427269429037807
eigenvector_centrality,0.7373535538714725,0.6626834917022896,0.20474067120762754
core,0.5683399546753026,0.869814416808066,0.15781073161358505
