measure,Hyperarea,GD,HyperVolume
page_rank,0.9864326734551065,0.13755531336892896,0.16860932053998817
