measure,Hyperarea,GD,HyperVolume
two-hop,0.0846990382252405,1.3411896163172279,0.023612403735423518
page_rank,0.9254765440839495,0.19175033094787539,0.2580044149788532
degree_centrality,0.908027581655825,0.277996402395365,0.25313999202612203
katz_centrality,0.6110414781871423,0.9444611105539733,0.17034618555733685
betweenness,0.9066912765037706,0.2832918511068569,0.2527674567833944
closeness,0.8338025584761801,0.5269716371482629,0.23244753492964162
eigenvector_centrality,0.708415499364623,0.7816415623992936,0.19749212191696813
core,0.31322154608226316,1.2169923132901972,0.08731992428367341
