measure,Hyperarea,GD,HyperVolume
page_rank,0.970716807551281,0.2096294860575613,0.16595245280860502
