measure,Hyperarea,GD,HyperVolume
two-hop,0.09053528939808612,1.3588913455019118,0.025138898188008192
page_rank,0.962666971831487,0.1339811204376394,0.26730335932787647
degree_centrality,0.9396370531656419,0.21756919794249283,0.26090865087255644
katz_centrality,0.6259692546744876,0.894612784330844,0.17381263667135272
betweenness,0.9401260093211484,0.2050694293601866,0.26104441913588666
closeness,0.8611371025158446,0.4638514790290145,0.23911160045974095
eigenvector_centrality,0.7346785391502645,0.7270342301701209,0.20399790092241663
core,0.5072341946935827,1.0213710907332518,0.1408435192802052
