measure,Hyperarea,GD,HyperVolume
page_rank,0.9217862604228809,0.4626496476467534,0.15758735162764492
