measure,Hyperarea,GD,HyperVolume
two-hop,0.08983107258759473,1.5340875770552094,0.025037030681860025
page_rank,0.9565815833756313,0.13523678751510376,0.2666111153167429
degree_centrality,0.9340571347026165,0.19753607824852984,0.2603332729591517
katz_centrality,0.6203154179502638,0.8317985089889215,0.1728895771171758
betweenness,0.9350074798254374,0.20757253668032188,0.26059814589579866
closeness,0.855157463455795,0.4291243699186171,0.2383429589965849
eigenvector_centrality,0.7286196483365175,0.677755824469719,0.20307530529616155
core,0.49276199458962733,0.9612453161874095,0.13733886084199742
