measure,Hyperarea,GD,HyperVolume
page_rank,0.9503799871160775,0.215842577100476,0.16319733665746472
