measure,Hyperarea,GD,HyperVolume
page_rank,0.9726494018576065,0.15934672706958727,0.16473733062752324
