measure,Hyperarea,GD,HyperVolume
page_rank,0.9844560785240599,0.14045474378039877,0.16860932053998817
