measure,Hyperarea,GD,HyperVolume
two-hop,0.10349774086693966,1.2653638286377138,0.02873817698756759
page_rank,0.9814316420686352,0.08915496973018976,0.27251373793007033
degree_centrality,0.9562021113684924,0.16851214615664364,0.2655082640665768
katz_centrality,0.6371825789856078,0.8265208279314432,0.17692623602118068
betweenness,0.954685325155366,0.16148574591140974,0.2650870986355248
closeness,0.8780467408623067,0.3907976924791224,0.2438068930866703
eigenvector_centrality,0.7438060415941876,0.6756820342821778,0.20653233093500165
core,0.5664684774067587,0.9125945237993838,0.15729107925672087
