measure,Hyperarea,GD,HyperVolume
two-hop,0.08992944141120664,1.5524352144885336,0.025064447289320745
page_rank,0.9599625273141539,0.1228630630342286,0.26755342619742284
degree_centrality,0.9357766207736238,0.20735258118465205,0.2608125149884046
katz_centrality,0.6231193257742215,0.8282677566169788,0.17367106089773607
betweenness,0.9383569584558275,0.19847098119762724,0.26153168700603685
closeness,0.8568614442212901,0.4254133048394238,0.23881787950547004
eigenvector_centrality,0.7289989770516193,0.6703535202430976,0.2031810288994198
core,0.48459201036577726,0.9642678419904116,0.13506178521782086
