measure,Hyperarea,GD,HyperVolume
two-hop,0.08482018737682581,1.4092778760468465,0.023551988058248558
page_rank,0.9213063793447539,0.19993757540851007,0.255818779884519
degree_centrality,0.9028532059708166,0.26845101629811463,0.2506948944937812
katz_centrality,0.6040681782488162,0.9453591834265923,0.16773137339674304
betweenness,0.9037020284606986,0.26505737591725886,0.2509305867005958
closeness,0.8301585208261203,0.5235525793775994,0.2305097898698105
eigenvector_centrality,0.7085306953193793,0.7730895550259917,0.19673743941320032
core,0.3361488212006264,1.2269208505175362,0.09333831093226896
