measure,Hyperarea,GD,HyperVolume
two-hop,0.10291890260982568,1.2697732854153785,0.02857745119644619
page_rank,0.9815206180925272,0.11339872938567967,0.2725384438676187
degree_centrality,0.9583945515216729,0.16331008295919874,0.26611703806134207
katz_centrality,0.6404299090121723,0.808533797791043,0.17782792087206484
betweenness,0.9556357629820609,0.1636978220477417,0.2653510063329339
closeness,0.8790003762143727,0.40146834763792927,0.2440716886396912
eigenvector_centrality,0.7397338792691484,0.6675397909309383,0.20540161522431247
core,0.5700392906411158,0.8875802585201908,0.1582825855626453
