measure,Hyperarea,GD,HyperVolume
two-hop,0.09028239386498468,1.1993303201727104,0.025168932006895742
page_rank,0.95645368966154,0.14870476165813903,0.2666402257657941
degree_centrality,0.9353401095607635,0.21614199366871434,0.26075418044478393
katz_centrality,0.6215163447446621,0.830479961182218,0.1732663695808331
betweenness,0.9352702936287791,0.21568839557338523,0.26073471715443586
closeness,0.8586108608837721,0.42563774225853435,0.2393635951909254
eigenvector_centrality,0.7339441084478631,0.6777213945958933,0.20460898932311572
core,0.5028622279629841,0.9553551967375487,0.14018796669662942
