measure,Hyperarea,GD,HyperVolume
page_rank,0.9319279406543911,0.5248295729484327,0.1571979112402333
