measure,Hyperarea,GD,HyperVolume
two-hop,0.09082104383648865,2.0562158072399073,0.025264847702855846
page_rank,0.9590986189072748,0.13101957769728692,0.2668046910178358
degree_centrality,0.9353428153993941,0.22059157327405673,0.26019623627725685
katz_centrality,0.6225811071608599,0.900740245746906,0.1731913242861781
betweenness,0.935146157414265,0.21680603596128112,0.26014152941820795
closeness,0.8588306826224614,0.47199178095499394,0.23891188079781397
eigenvector_centrality,0.734454339927142,0.7257128714770597,0.20431252779221717
core,0.49769034942686496,1.1042718273822714,0.13844886989064797
