measure,Hyperarea,GD,HyperVolume
page_rank,0.9574841714880138,0.26151704228860034,0.16441725288501674
