measure,Hyperarea,GD,HyperVolume
page_rank,0.979478083931895,0.16002277629156317,0.16473733062752324
