measure,Hyperarea,GD,HyperVolume
two-hop,0.08297507178565414,3.3770716891194597,0.02308366497076899
page_rank,0.9274596549228722,0.19627022521779078,0.25801927599954316
degree_centrality,0.9047660023266771,0.26756376209552757,0.2517059018472817
katz_centrality,0.6079025676903754,0.8772761482106132,0.1691184943314625
betweenness,0.9053889155620479,0.2745948711969227,0.25187919630936184
closeness,0.8339558847614105,0.48276765239117875,0.23200652714062447
eigenvector_centrality,0.7093332769620772,0.7222605958492301,0.19733651765084995
core,0.2937631364996887,1.5597480318885535,0.08172490457421343
