measure,Hyperarea,GD,HyperVolume
page_rank,0.9671394470820832,0.24083882776017723,0.1656434741958318
