measure,Hyperarea,GD,HyperVolume
page_rank,0.9565700937154563,0.2036871971386921,0.16353394944905283
