measure,Hyperarea,GD,HyperVolume
page_rank,0.9236969054974749,0.46654347938626395,0.15820300267160425
