measure,Hyperarea,GD,HyperVolume
two-hop,0.08532417930637304,1.3742081343774866,0.023691931299041173
page_rank,0.924223522804021,0.2002255215411521,0.25662878196116645
degree_centrality,0.906803773474196,0.2609466815072279,0.2517918470181789
katz_centrality,0.6063072214928303,0.9220567844469185,0.16835308765340512
betweenness,0.9065804825361357,0.2575858074715921,0.2517298459112567
closeness,0.8349586001385356,0.48636330678321554,0.23184262600400113
eigenvector_centrality,0.7157943635901415,0.7432182401615927,0.19875433932420913
core,0.29354944141502337,1.2153141935253038,0.08150975790700844
