measure,Hyperarea,GD,HyperVolume
two-hop,0.0907204449159615,1.3021163436986056,0.025264847702855846
page_rank,0.9580362628533754,0.12372335679546204,0.2668046910178358
degree_centrality,0.9343067727205474,0.2198790239508138,0.26019623627725685
katz_centrality,0.621891498401972,0.9085928050188091,0.1731913242861781
betweenness,0.9341103325657821,0.2138705827174133,0.26014152941820795
closeness,0.8578793894426234,0.46090287734792973,0.23891188079781397
eigenvector_centrality,0.733640813560872,0.7354585172223362,0.20431252779221717
core,0.4971390772789775,1.0375632281945748,0.13844886989064797
