measure,Hyperarea,GD,HyperVolume
page_rank,1.0000630650846025,0.17650750185344438,0.16819949573539586
