measure,Hyperarea,GD,HyperVolume
two-hop,0.08487564247096875,3.309158054213767,0.023612403735423518
page_rank,0.9274062364444755,0.19957941235201254,0.2580044149788532
degree_centrality,0.9099208915388998,0.26606202356739117,0.25313999202612203
katz_centrality,0.6123155483728856,0.9366839093555116,0.17034618555733685
betweenness,0.9085818000840916,0.2724455985949806,0.2527674567833944
closeness,0.8355411032697395,0.5196981846567035,0.23244753492964162
eigenvector_centrality,0.7098926021458233,0.7731594280436105,0.19749212191696813
core,0.31387463797150744,1.6863339969019464,0.08731992428367341
