measure,Hyperarea,GD,HyperVolume
two-hop,0.08479353875476991,3.3080024367607637,0.023589562481577
page_rank,0.9270007273995529,0.17227736601059793,0.2578916023625557
degree_centrality,0.9087291769265484,0.26801043807842095,0.2528084570209659
katz_centrality,0.609519590302714,1.0015431792687939,0.1695683500222151
betweenness,0.9083373688552818,0.2617487251942664,0.2526994560155395
closeness,0.833854877034091,0.5192263709232319,0.2319784267908842
eigenvector_centrality,0.7120095799519063,0.8302674010614837,0.19808106514262042
core,0.30217872037848126,1.6209810975675467,0.08406612000929352
