measure,Hyperarea,GD,HyperVolume
two-hop,0.08298845875577683,2.1027893988307444,0.02308366497076899
page_rank,0.9276092887155676,0.21181244661586038,0.25801927599954316
degree_centrality,0.9049119747878095,0.28143130912928915,0.2517059018472817
katz_centrality,0.6080006450205427,0.8860334423876595,0.1691184943314625
betweenness,0.9055349885222903,0.28424933118481316,0.25187919630936184
closeness,0.8340904329127129,0.5064111563118524,0.23200652714062447
eigenvector_centrality,0.7094477188442156,0.7251133472142491,0.19733651765084995
core,0.29381053143706976,1.3218086659440087,0.08172490457421343
