measure,Hyperarea,GD,HyperVolume
two-hop,0.10057330166451964,1.2586645498846125,0.0279261491047892
page_rank,0.9839453695711315,0.12740278801205976,0.2732117236567166
degree_centrality,0.9587955373591613,0.1607232963070263,0.26622837964107826
katz_centrality,0.6361411981520451,0.8152392907022736,0.17663707621483415
betweenness,0.955522009165775,0.17194255442732123,0.2653194203555198
closeness,0.8777464804398324,0.39117495877318426,0.24372351989329286
eigenvector_centrality,0.7408677042635958,0.6677704566473721,0.20571644396444172
core,0.5689082740836897,0.8747584534359817,0.15796853664011887
