measure,Hyperarea,GD,HyperVolume
two-hop,0.0877976429773597,1.5728593463967944,0.024470288706345777
page_rank,0.9599499916233825,0.12545497326464286,0.26754993234540236
degree_centrality,0.9372219794813663,0.21849247291142523,0.26121535433195975
katz_centrality,0.6211677429847177,0.8671393822478644,0.17312713064318688
betweenness,0.936725463652312,0.2144021346090587,0.2610769692310367
closeness,0.8577183993867671,0.452380784380559,0.23905672350624832
eigenvector_centrality,0.7296336617847751,0.7146469695645608,0.2033579233823598
core,0.5021123443387966,0.9945901912803243,0.13994491893317512
