measure,Hyperarea,GD,HyperVolume
page_rank,0.9671305846664222,0.25305065935055726,0.16533935691963822
