measure,Hyperarea,GD,HyperVolume
page_rank,0.9705741556649826,0.13616452970987672,0.16557411827993773
