measure,Hyperarea,GD,HyperVolume
page_rank,0.917710229082268,0.4451114991518366,0.15758735162764492
