measure,Hyperarea,GD,HyperVolume
two-hop,0.1027111722612249,1.2371709126427406,0.028694020096191212
page_rank,0.9765673562063032,0.10893371456073227,0.27281981820829243
degree_centrality,0.9494634273850385,0.18904485640523133,0.2652478991934346
katz_centrality,0.6369789404403774,0.7920204189811054,0.1779503253196421
betweenness,0.9499082206409373,0.18785515214762047,0.265372159352699
closeness,0.8743820035625781,0.39042972036860496,0.24427269429037807
eigenvector_centrality,0.7328758493508134,0.6659213375574415,0.20474067120762754
core,0.5648886139026719,0.8796726667222157,0.15781073161358505
