measure,Hyperarea,GD,HyperVolume
page_rank,0.9674947756719745,0.21558548667049993,0.16319733665746472
