measure,Hyperarea,GD,HyperVolume
page_rank,0.9628640341921453,0.14868602896093294,0.16534107206976337
