measure,Hyperarea,GD,HyperVolume
two-hop,0.10186755971129421,2.1078451123324435,0.028334983623269593
page_rank,0.9802350543139164,0.10256454622913135,0.2726574023139199
degree_centrality,0.9549505198180593,0.17869759316338274,0.26562437950575035
katz_centrality,0.6386336830777287,0.8347627747916798,0.17763923080675792
betweenness,0.9553221373770946,0.17155162989247943,0.26572774683367323
closeness,0.8784210950723749,0.41746131677567433,0.2443373279359188
eigenvector_centrality,0.7371954584789948,0.6930773768074461,0.20505469358794415
core,0.5583164313239136,0.9181020841214284,0.15529857574875666
