measure,Hyperarea,GD,HyperVolume
two-hop,0.08631949950606344,1.2855356489154142,0.02403922303101196
page_rank,0.9250906702361602,0.20326026484059043,0.25762963262030114
degree_centrality,0.906601803142383,0.26861626016960904,0.25248064540187054
katz_centrality,0.6033838692196124,0.9111639407600358,0.16803711199074237
betweenness,0.905975039042189,0.26468035681130214,0.2523060971007496
closeness,0.8306266725126905,0.4893763408211848,0.23132223831577348
eigenvector_centrality,0.7097625999480182,0.738118479044677,0.19766265486771978
core,0.2945272021352009,1.1679939929553265,0.08202324088233033
