measure,Hyperarea,GD,HyperVolume
two-hop,0.09904628086257858,1.9623710792216882,0.027552966755508296
page_rank,0.9746047677616918,0.09407162482681333,0.271118234143039
degree_centrality,0.9479573823232977,0.1679535999596026,0.2637053911901171
katz_centrality,0.638226220132581,0.8276410680455506,0.17754352483163915
betweenness,0.9488885123266096,0.1637348028242777,0.263964415494744
closeness,0.8690009496334452,0.40930114069576007,0.24174107363986597
eigenvector_centrality,0.73417167195826,0.6950556306877079,0.20423389443938833
core,0.5563637739822004,0.924019785818279,0.15477080446634361
