measure,Hyperarea,GD,HyperVolume
two-hop,0.08443960126499653,1.4127458510110773,0.023589562481577
page_rank,0.9231313251397557,0.20120002523639488,0.2578916023625557
degree_centrality,0.9049360421135835,0.2807210477703235,0.2528084570209659
katz_centrality,0.6069753889764389,0.9596637320488185,0.1695683500222151
betweenness,0.9045458694919897,0.27133147092449345,0.2526994560155395
closeness,0.8303742757247591,0.5271714147858665,0.2319784267908842
eigenvector_centrality,0.7090375742174646,0.7702190229037866,0.19808106514262042
core,0.30091739340328555,1.2599749871232688,0.08406612000929352
