measure,Hyperarea,GD,HyperVolume
page_rank,0.9775749989860282,0.2856194422323848,0.16441725288501674
