measure,Hyperarea,GD,HyperVolume
page_rank,0.9708889233771663,0.21785855407998247,0.16595245280860502
