measure,Hyperarea,GD,HyperVolume
page_rank,0.9764493738885666,0.12940808878009383,0.1676739192320554
