measure,Hyperarea,GD,HyperVolume
page_rank,0.926160128394446,0.4116932000354299,0.15799735213418992
