measure,Hyperarea,GD,HyperVolume
page_rank,0.9830575492348181,0.27106774517499593,0.16533935691963822
