measure,Hyperarea,GD,HyperVolume
page_rank,0.9635569016444734,0.22788715762584089,0.16319733665746472
