measure,Hyperarea,GD,HyperVolume
two-hop,0.10439792705806118,1.2744498718923114,0.028988131333097446
page_rank,0.9773741856676512,0.09478893505147254,0.2713871056075279
degree_centrality,0.9530298700082597,0.18236896047615153,0.26462742905613096
katz_centrality,0.6376683066502337,0.8372803152902447,0.17706110783071824
betweenness,0.9506042232225518,0.18202937714329057,0.2639539006674619
closeness,0.873665484866809,0.41010557384355356,0.2425903514581112
eigenvector_centrality,0.7424135886307653,0.6772627056803282,0.20614568906847877
core,0.5783296136264885,0.9023523093331932,0.16058455628434481
