measure,Hyperarea,GD,HyperVolume
page_rank,0.9195082806569793,0.5071390477581257,0.1571979112402333
