measure,Hyperarea,GD,HyperVolume
two-hop,0.09026818824066647,1.297269760479958,0.025138898188008192
page_rank,0.9598268697663656,0.13770251373529305,0.26730335932787647
degree_centrality,0.9368648949704946,0.22104197579151538,0.26090865087255644
katz_centrality,0.6241224928919356,0.9027431592702333,0.17381263667135272
betweenness,0.9373524085862365,0.21870305276835122,0.26104441913588666
closeness,0.8585965382970941,0.47136270850045026,0.23911160045974095
eigenvector_centrality,0.7325110584977692,0.7351509651369322,0.20399790092241663
core,0.5057377302609153,1.0161439951815223,0.1408435192802052
