measure,Hyperarea,GD,HyperVolume
page_rank,0.9876859047274077,0.15666111052339848,0.16806169568459184
