measure,Hyperarea,GD,HyperVolume
two-hop,0.0826206891807657,1.4110722140626721,0.023081420097948228
page_rank,0.924433650846153,0.1982611678327049,0.25825542802210627
degree_centrality,0.9039523755803369,0.282586432791526,0.25253365393332183
katz_centrality,0.600123515562742,0.9664052998386096,0.16765416883723996
betweenness,0.9056146143070849,0.2685325744159232,0.2529980270913719
closeness,0.8327485671749294,0.5210430240753169,0.23264172334456518
eigenvector_centrality,0.7103382392788727,0.773451224077957,0.19844442687424918
core,0.3033624168219039,1.2342645123487541,0.08474917667747234
