measure,Hyperarea,GD,HyperVolume
two-hop,0.0989365711684801,1.2173853253555609,0.027552966755508296
page_rank,0.9735252361527625,0.09520466035735402,0.271118234143039
degree_centrality,0.9469073669817085,0.173319206239468,0.2637053911901171
katz_centrality,0.6375192818935419,0.8335983657681927,0.17754352483163915
betweenness,0.9478374656087087,0.1671362803115837,0.263964415494744
closeness,0.868038391246343,0.40767139621348675,0.24174107363986597
eigenvector_centrality,0.733358458692251,0.6943683704160903,0.20423389443938833
core,0.5557475115751773,0.9227948288619078,0.15477080446634361
