measure,Hyperarea,GD,HyperVolume
page_rank,0.9181050250963239,0.5009104539455836,0.1572452726361592
