measure,Hyperarea,GD,HyperVolume
page_rank,0.9926454344471568,0.19020328070255244,0.16806169568459184
