measure,Hyperarea,GD,HyperVolume
two-hop,0.1016798474916419,1.306654707980445,0.02840590291270847
page_rank,0.980685807967625,0.10280405877921361,0.2739703740339431
degree_centrality,0.9543840456126257,0.18360771713380605,0.2666225531400275
katz_centrality,0.6371811390220186,0.8568370650073533,0.17800681274975613
betweenness,0.9544296752125373,0.17619370454924385,0.2666353005036104
closeness,0.8773646022523878,0.42135372434528556,0.2451059312680129
eigenvector_centrality,0.7399626230723791,0.6917945120746962,0.20672047557658746
core,0.5593346743848526,0.9337618740131092,0.15625914916516334
