measure,Hyperarea,GD,HyperVolume
page_rank,0.9682856403288544,0.22644503289386297,0.16583978449220924
