measure,Hyperarea,GD,HyperVolume
page_rank,0.9779994946165164,0.24036095036108193,0.1656434741958318
