measure,Hyperarea,GD,HyperVolume
two-hop,0.08986010827437589,1.8736543638463505,0.025064447289320745
page_rank,0.9592224224918152,0.1267269220635193,0.26755342619742284
degree_centrality,0.9350551626229561,0.20765228521195456,0.2608125149884046
katz_centrality,0.6226389178366447,0.83806161793946,0.17367106089773607
betweenness,0.937633510935463,0.19509878173441286,0.26153168700603685
closeness,0.8562008275108456,0.42809869076277424,0.23881787950547004
eigenvector_centrality,0.7284369388021624,0.6664613226142706,0.2031810288994198
core,0.48421840319514947,0.9939172648566297,0.13506178521782086
