measure,Hyperarea,GD,HyperVolume
two-hop,0.10230108820134266,1.3051035662302215,0.02840590291270847
page_rank,0.9866775748945508,0.13552482148171202,0.2739703740339431
degree_centrality,0.9602151147620185,0.16533574136763668,0.2666225531400275
katz_centrality,0.6410741706578746,0.845129253693052,0.17800681274975613
betweenness,0.9602610231483929,0.1581019256277356,0.2666353005036104
closeness,0.8827251001447003,0.4037373526709685,0.2451059312680129
eigenvector_centrality,0.7444836261664024,0.6959265242353488,0.20672047557658746
core,0.5627520818519877,0.9291995439952089,0.15625914916516334
