measure,Hyperarea,GD,HyperVolume
page_rank,0.980193471958827,0.2584306208264572,0.16533935691963822
