measure,Hyperarea,GD,HyperVolume
page_rank,0.9164561959667035,0.49728210820125446,0.15696287511198662
