measure,Hyperarea,GD,HyperVolume
page_rank,0.9224961775604847,0.48869858828102564,0.15799735213418992
