measure,Hyperarea,GD,HyperVolume
two-hop,0.10420535193820063,1.9540624240331932,0.028988131333097446
page_rank,0.9755712959335583,0.10047966644709573,0.2713871056075279
degree_centrality,0.9512718864292806,0.1926892461456385,0.26462742905613096
katz_centrality,0.6364920471779919,0.8361934578815462,0.17706110783071824
betweenness,0.948850714054451,0.19334976219331848,0.2639539006674619
closeness,0.8720538988879736,0.4136173484735118,0.2425903514581112
eigenvector_centrality,0.7410441132987776,0.6785187706725083,0.20614568906847877
core,0.5772628118441017,0.9043331611650478,0.16058455628434481
