measure,Hyperarea,GD,HyperVolume
two-hop,0.08421285810325856,1.903309947062459,0.02348927442383311
page_rank,0.9236442208996702,0.19779325233809486,0.25762969056456214
degree_centrality,0.9041278613861173,0.2731308033327201,0.25218604294716473
katz_centrality,0.6045161276456993,0.9302779356912233,0.1686161179625527
betweenness,0.9063332581946674,0.26419272260285004,0.25280118856763467
closeness,0.8312771878583399,0.5004717450445646,0.23186599324220378
eigenvector_centrality,0.7112551445426039,0.7471555363886373,0.19838855552247128
core,0.3147250061048848,1.3442280194290441,0.08778543090623515
