measure,Hyperarea,GD,HyperVolume
page_rank,0.9322087167017541,0.51113146392281,0.1572452726361592
