measure,Hyperarea,GD,HyperVolume
two-hop,0.09047063985224922,3.390190684394889,0.025168932006895742
page_rank,0.9584479718396621,0.13290566768202092,0.2666402257657941
degree_centrality,0.9372903682414947,0.21584848751971836,0.26075418044478393
katz_centrality,0.6228122558620885,0.8914487665854344,0.1732663695808331
betweenness,0.9372204067377273,0.2139925242082439,0.26073471715443586
closeness,0.8604011329652239,0.4281945282259158,0.2393635951909254
eigenvector_centrality,0.7354744404137873,0.6937603871438688,0.20460898932311572
core,0.5039107357894657,0.9972049084614484,0.14018796669662942
