measure,Hyperarea,GD,HyperVolume
page_rank,0.966267789379571,0.26812321842911774,0.16441725288501674
