measure,Hyperarea,GD,HyperVolume
page_rank,0.9838281334166077,0.2104088551819668,0.16595245280860502
