measure,Hyperarea,GD,HyperVolume
page_rank,0.9639144154001306,0.2500791656558117,0.16319733665746472
