measure,Hyperarea,GD,HyperVolume
page_rank,0.9294511892190775,0.5363837564139611,0.15736247555826957
