measure,Hyperarea,GD,HyperVolume
two-hop,0.10398323828486528,1.4123415611385128,0.0287363410890792
page_rank,0.9873128093796188,0.15647736865136874,0.27284933725784205
degree_centrality,0.9649882055183895,0.1481614132429969,0.2666798099203939
katz_centrality,0.6435279038916804,0.8442110795850774,0.17784248357326934
betweenness,0.9635998895699929,0.153534262363378,0.26629614115521044
closeness,0.8829265013276741,0.4062849613368746,0.24400160561678025
eigenvector_centrality,0.7386117032021791,0.7023308556652769,0.2041194156452121
core,0.5645925971034009,0.9244577182741797,0.15602827642552697
