measure,Hyperarea,GD,HyperVolume
page_rank,0.972323145300572,0.20743718855551016,0.16353394944905283
