measure,Hyperarea,GD,HyperVolume
page_rank,0.9876537934650157,0.15856200435423434,0.1680562317276979
