measure,Hyperarea,GD,HyperVolume
two-hop,0.09030432509322306,1.5356242024103688,0.025168932006895742
page_rank,0.9566860295815334,0.13058030632753284,0.2666402257657941
degree_centrality,0.9355673206098409,0.20837388109987923,0.26075418044478393
katz_centrality,0.6216673223187711,0.8305205808995979,0.1732663695808331
betweenness,0.9354974877183024,0.20249324619609121,0.26073471715443586
closeness,0.858819433008988,0.4301732567754886,0.2393635951909254
eigenvector_centrality,0.7341223967615363,0.6820442994390146,0.20460898932311572
core,0.5029843823036234,0.9504848496271799,0.14018796669662942
