measure,Hyperarea,GD,HyperVolume
page_rank,0.9716869252152415,0.25929645736897144,0.16533935691963822
