measure,Hyperarea,GD,HyperVolume
page_rank,0.9812267692457887,0.16322864524291122,0.1680562317276979
