measure,Hyperarea,GD,HyperVolume
two-hop,0.0848072191113575,2.148632690350551,0.023589562481577
page_rank,0.9271502871501425,0.18032919040100145,0.2578916023625557
degree_centrality,0.9088757887953826,0.260435592154438,0.2528084570209659
katz_centrality,0.6096179285188671,0.9514898725186487,0.1695683500222151
betweenness,0.9084839175108781,0.2590890949315188,0.2526994560155395
closeness,0.8339894088890842,0.520133393125772,0.2319784267908842
eigenvector_centrality,0.7121244536214165,0.7718862410015923,0.19808106514262042
core,0.302227473063045,1.3939765743314585,0.08406612000929352
