measure,Hyperarea,GD,HyperVolume
two-hop,0.10392715188153498,1.793053413262959,0.028988131333097446
page_rank,0.9729667848910636,0.10949547209842349,0.2713871056075279
degree_centrality,0.948732248226571,0.19878806007083122,0.26462742905613096
katz_centrality,0.6347927858608077,0.8337260892699601,0.17706110783071824
betweenness,0.9463175397259986,0.2001560491814659,0.2639539006674619
closeness,0.8697257512489731,0.4183868868170008,0.2425903514581112
eigenvector_centrality,0.7390657262919977,0.6856243933318723,0.20614568906847877
core,0.5757216765379108,0.9104546189796012,0.16058455628434481
