measure,Hyperarea,GD,HyperVolume
page_rank,0.9770481180196615,0.2665587397462463,0.1648087975836869
