measure,Hyperarea,GD,HyperVolume
page_rank,0.9969381469832193,0.13226553307551822,0.1676739192320554
