measure,Hyperarea,GD,HyperVolume
two-hop,0.08495550799686911,1.4047487885827261,0.023589562481577
page_rank,0.9287714472851393,0.17482463456894448,0.2578916023625557
degree_centrality,0.9104649952238116,0.24884448271189233,0.2528084570209659
katz_centrality,0.6106838703591397,0.9417756119797581,0.1695683500222151
betweenness,0.9100724387363651,0.24773197811208333,0.2526994560155395
closeness,0.8354476734244449,0.5122034002376958,0.2319784267908842
eigenvector_centrality,0.7133696323064342,0.7717216088012544,0.19808106514262042
core,0.3027559301404156,1.261001757435372,0.08406612000929352
