measure,Hyperarea,GD,HyperVolume
two-hop,0.09922932183940061,1.2660807582731348,0.027552966755508296
page_rank,0.9764058713180589,0.10981534517729752,0.271118234143039
degree_centrality,0.9497092405832446,0.161341373226126,0.2637053911901171
katz_centrality,0.6394056844168442,0.833863125651795,0.17754352483163915
betweenness,0.9506420913472339,0.1543830084652938,0.263964415494744
closeness,0.8706068936557237,0.4090820153299811,0.24174107363986597
eigenvector_centrality,0.735528446779283,0.6956271525776956,0.20423389443938833
core,0.5573919536147036,0.9298685134052237,0.15477080446634361
