measure,Hyperarea,GD,HyperVolume
page_rank,0.9328549240358412,0.5058357951686598,0.15799735213418992
