measure,Hyperarea,GD,HyperVolume
page_rank,0.9307794050428712,0.5215953498943628,0.15758735162764492
