measure,Hyperarea,GD,HyperVolume
page_rank,0.9995790378272593,0.13242199206956135,0.16860932053998817
