measure,Hyperarea,GD,HyperVolume
two-hop,0.09023470293133876,1.8500862035135615,0.025168932006895742
page_rank,0.9559484508492277,0.1370412326521114,0.2666402257657941
degree_centrality,0.9348460238238684,0.21741255582902955,0.26075418044478393
katz_centrality,0.6211880338360989,0.8295223385977192,0.1732663695808331
betweenness,0.9347762447715771,0.21829191940225529,0.26073471715443586
closeness,0.8581573067428029,0.4301404367110807,0.2393635951909254
eigenvector_centrality,0.7335564084957754,0.6870135624262453,0.20460898932311572
core,0.5025965951178616,0.9654990538595898,0.14018796669662942
