measure,Hyperarea,GD,HyperVolume
two-hop,0.10302444302349639,1.8425314040753917,0.0287363410890792
page_rank,0.9782091224899236,0.10183753559236819,0.27284933725784205
degree_centrality,0.9560903664628947,0.18390720213803846,0.2666798099203939
katz_centrality,0.6375941446148278,0.8471305112341072,0.17784248357326934
betweenness,0.9547148517195246,0.17125188098145638,0.26629614115521044
closeness,0.8747853262731827,0.41832907896451815,0.24400160561678025
eigenvector_centrality,0.7318012074655318,0.6966551480833784,0.2041194156452121
core,0.5593866743447377,0.9527144804817038,0.15602827642552697
