measure,Hyperarea,GD,HyperVolume
two-hop,0.08500495235668913,1.6094733975179147,0.023691931299041173
page_rank,0.9207656863688006,0.21733899807924276,0.25662878196116645
degree_centrality,0.9034111102816371,0.2665654957609096,0.2517918470181789
katz_centrality,0.6040388187204637,0.9334768230510235,0.16835308765340512
betweenness,0.9031886547513782,0.27632251868739954,0.2517298459112567
closeness,0.8318347343222879,0.5114074113241553,0.23184262600400113
eigenvector_centrality,0.7131163319565837,0.7632806878366145,0.19875433932420913
core,0.2924511725125139,1.2757678309354423,0.08150975790700844
