measure,Hyperarea,GD,HyperVolume
two-hop,0.08544213045383439,1.4989015954411176,0.023612403735423518
page_rank,0.9335960510118309,0.18724681783919198,0.2580044149788532
degree_centrality,0.9159940031573655,0.2501947271407708,0.25313999202612203
katz_centrality,0.6164023439455221,0.9528620484392444,0.17034618555733685
betweenness,0.9146459741652967,0.24627820163342456,0.2527674567833944
closeness,0.8411177796920064,0.5088166767516821,0.23244753492964162
eigenvector_centrality,0.7146306591022509,0.7772808198423736,0.19749212191696813
core,0.3159695406474781,1.2750963374956386,0.08731992428367341
