measure,Hyperarea,GD,HyperVolume
page_rank,0.917828497001926,0.5150123075461518,0.1571979112402333
