measure,Hyperarea,GD,HyperVolume
two-hop,0.09862673495194436,1.2724376069915122,0.027552966755508296
page_rank,0.9704764810533162,0.09829821180477495,0.271118234143039
degree_centrality,0.9439419701367356,0.18852496481665093,0.2637053911901171
katz_centrality,0.6355227849466838,0.835383858355049,0.17754352483163915
betweenness,0.944869156006237,0.1737294269102194,0.263964415494744
closeness,0.8653199856277214,0.42287930176538313,0.24174107363986597
eigenvector_centrality,0.7310618255310032,0.7025983652699467,0.20423389443938833
core,0.5540070964354371,0.9338053024067117,0.15477080446634361
