measure,Hyperarea,GD,HyperVolume
two-hop,0.09180245511488008,1.2800671276387388,0.02556617804701298
page_rank,0.9602872691639432,0.12452717632580587,0.2674315765194154
degree_centrality,0.9367166023862571,0.21363348973817048,0.2608673526893333
katz_centrality,0.6203456765403851,0.9013348085938957,0.17276082646460195
betweenness,0.9368544111819973,0.21257459090337213,0.2609057312294707
closeness,0.8570906608778017,0.45768010419200766,0.2386922268147722
eigenvector_centrality,0.7296048999744404,0.7240225390058178,0.20318856127951393
core,0.5008092610176118,1.0193269191938585,0.13947098385056067
