measure,Hyperarea,GD,HyperVolume
page_rank,0.9287589378106718,0.5479489941243502,0.1572452726361592
