measure,Hyperarea,GD,HyperVolume
page_rank,0.9610766817345776,0.20136219643995396,0.16353394944905283
