measure,Hyperarea,GD,HyperVolume
page_rank,0.9734741995007765,0.23095573105408743,0.1656434741958318
