measure,Hyperarea,GD,HyperVolume
two-hop,0.10158551141977629,1.8622833338460552,0.028334983623269593
page_rank,0.9775210045895608,0.10827073485721977,0.2726574023139199
degree_centrality,0.9523064772655315,0.1915884496787947,0.26562437950575035
katz_centrality,0.6368654504850528,0.8194441948060331,0.17763923080675792
betweenness,0.9526770658993826,0.178444084226376,0.26572774683367323
closeness,0.8759889452319287,0.41140048450573724,0.2443373279359188
eigenvector_centrality,0.7351543305657705,0.6917076943386841,0.20505469358794415
core,0.5567705790817711,0.9209136364232836,0.15529857574875666
