measure,Hyperarea,GD,HyperVolume
two-hop,0.10330022664084938,2.0054144483191134,0.0287363410890792
page_rank,0.9808276666180044,0.10038373798425007,0.27284933725784205
degree_centrality,0.958649701432746,0.17053060215950577,0.2666798099203939
katz_centrality,0.6393009048208971,0.8410992438570458,0.17784248357326934
betweenness,0.9572705046075269,0.1692297254207067,0.26629614115521044
closeness,0.8771270177650932,0.4210674010638093,0.24400160561678025
eigenvector_centrality,0.7337601482591461,0.7000071418846896,0.2041194156452121
core,0.5608840828821918,0.9328486600926774,0.15602827642552697
