measure,Hyperarea,GD,HyperVolume
page_rank,0.929547512135421,0.5573215511390825,0.1573787836901485
