measure,Hyperarea,GD,HyperVolume
page_rank,0.9831601935486584,0.21683335860980596,0.16583978449220924
