measure,Hyperarea,GD,HyperVolume
two-hop,0.09163355416172579,2.057652287201972,0.025490874059270252
page_rank,0.9637579080506863,0.12213721990325148,0.2681008248832844
degree_centrality,0.9423753487569166,0.1966750995359615,0.2621525657438389
katz_centrality,0.6223291607868809,0.9074560678867686,0.1731212371510938
betweenness,0.9414335150440821,0.19787321185321813,0.26189056385186527
closeness,0.8641847842893361,0.4581907283928445,0.24040129952154868
eigenvector_centrality,0.7375918424396066,0.7245000755250334,0.20518532686824914
core,0.49924186320889163,1.035738515761081,0.13888047426069197
