measure,Hyperarea,GD,HyperVolume
two-hop,0.08499658366319504,1.4650390846755834,0.02348927442383311
page_rank,0.9322401004424248,0.17797146021375326,0.25762969056456214
degree_centrality,0.9125421122544369,0.2510112904400397,0.25218604294716473
katz_centrality,0.6101420469091072,0.9397213927317417,0.1686161179625527
betweenness,0.9147680335516172,0.24199517958400782,0.25280118856763467
closeness,0.8390134551480437,0.5069111957692249,0.23186599324220378
eigenvector_centrality,0.717874428687204,0.7430850513326404,0.19838855552247128
core,0.317653989127087,1.2447913435710187,0.08778543090623515
