measure,Hyperarea,GD,HyperVolume
two-hop,0.08477514333204679,1.370808866007145,0.023539480696056374
page_rank,0.9254101493763799,0.18576665423038657,0.2569582720946607
degree_centrality,0.9073368191290129,0.2600981175511447,0.2519398575954366
katz_centrality,0.6105359642792346,0.8948249413243031,0.1695272809991983
betweenness,0.9054565691971764,0.264852053843642,0.25141776933660737
closeness,0.8336150403672759,0.4771278190336766,0.23146956029091006
eigenvector_centrality,0.7139867048890313,0.7301796358774134,0.19825240744385622
core,0.306698917825757,1.1759579508137277,0.08516096784859875
