measure,Hyperarea,GD,HyperVolume
page_rank,0.9366673249127566,0.4905507619117349,0.15799735213418992
