measure,Hyperarea,GD,HyperVolume
two-hop,0.08971899909931182,1.2847492844304893,0.025064447289320745
page_rank,0.9577161358053192,0.13934555032857163,0.26755342619742284
degree_centrality,0.9335868262813811,0.2163811924400548,0.2608125149884046
katz_centrality,0.6216611751458565,0.8229594112594728,0.17367106089773607
betweenness,0.9361611257605359,0.21661047201528344,0.26153168700603685
closeness,0.8548563177525185,0.45131710271939707,0.23881787950547004
eigenvector_centrality,0.7272930593044133,0.6716970378544168,0.2031810288994198
core,0.4834580250836845,0.990588913961893,0.13506178521782086
