measure,Hyperarea,GD,HyperVolume
page_rank,0.936966482558502,0.49929398340078196,0.15758735162764492
