measure,Hyperarea,GD,HyperVolume
page_rank,0.9721314567839182,0.15835033625936554,0.16583978449220924
