measure,Hyperarea,GD,HyperVolume
two-hop,0.10185112733022855,3.280991392860072,0.028334983623269593
page_rank,0.9800769313943917,0.09294511725840164,0.2726574023139199
degree_centrality,0.9547964755778225,0.1808943490663508,0.26562437950575035
katz_centrality,0.6385306642946005,0.8811937833160066,0.17763923080675792
betweenness,0.9551680331907733,0.17569867904948297,0.26572774683367323
closeness,0.8782793958875582,0.41613919937602567,0.2443373279359188
eigenvector_centrality,0.7370765405749248,0.6950427196060252,0.20505469358794415
core,0.5582263686152286,0.9315921464797932,0.15529857574875666
