measure,Hyperarea,GD,HyperVolume
page_rank,0.9200961573293411,0.43122465275002725,0.15696287511198662
