measure,Hyperarea,GD,HyperVolume
page_rank,1.0024997587764377,0.14613524265005498,0.16860932053998817
