measure,Hyperarea,GD,HyperVolume
two-hop,0.1616688406518822,1.392416792034954,0.03796177538236153
page_rank,0.942042162035574,0.15973371283454468,0.22120275503746142
degree_centrality,0.9368061396052868,0.19842205849793124,0.2199732744115468
katz_centrality,0.5872108492197523,0.9368377689772553,0.13788412331208535
betweenness,0.8966858805186032,0.30996798385780794,0.21055255822659963
closeness,0.8611945696877973,0.40583912254070625,0.20221877439817615
eigenvector_centrality,0.8574868758211587,0.43371265071903564,0.20134816357926782
core,0.6254589617810092,0.8818348064548026,0.1468652371247105
