measure,Hyperarea,GD,HyperVolume
two-hop,0.16378782860646016,1.535375534961776,0.03831877329706302
page_rank,0.9488888095814109,0.15383307856609557,0.2219960755804046
degree_centrality,0.9419733637268755,0.17509848008983045,0.22037818123378156
katz_centrality,0.5973580343466433,0.9218981093763923,0.13975413979207837
betweenness,0.9076795971697175,0.3075065101554664,0.212355026660046
closeness,0.8659900765142161,0.3944559497075838,0.20260160783489176
eigenvector_centrality,0.8622740148424194,0.4271936359998486,0.20173222134890553
core,0.6207985704113572,0.9187832695113823,0.14523814061843757
