measure,Hyperarea,GD,HyperVolume
two-hop,0.16174105421864543,1.4932750223040534,0.037839922796240065
page_rank,0.9466677866713304,0.14898019020998512,0.22147645898799317
degree_centrality,0.9418804487378168,0.1730347925660004,0.2203564434255944
katz_centrality,0.594626631749332,0.8464887768183358,0.13911511796854067
betweenness,0.9031190697504107,0.2973085264506324,0.21128807426326351
closeness,0.8638953514253,0.3736194958567517,0.20211153908872925
eigenvector_centrality,0.8595071282780509,0.39449762654250764,0.20108489791894862
core,0.6307347983747466,0.8424200082935012,0.1475627582044725
