measure,Hyperarea,GD,HyperVolume
two-hop,0.16811666164187894,1.2696247293238845,0.03927610595015312
page_rank,0.9749617682837404,0.14808137703735305,0.22777457828678338
degree_centrality,0.9714867050355841,0.15334001759950422,0.22696271971794732
katz_centrality,0.6172628605102509,0.8544262192739577,0.14420748825086083
betweenness,0.9233473120997197,0.24305537319105025,0.21571619674479503
closeness,0.8915685264523164,0.3558686944540305,0.20829190613692292
eigenvector_centrality,0.8884234364894432,0.3733972628555878,0.20755713728416217
core,0.6155442657808288,0.8478485599411358,0.14380598308165907
