measure,Hyperarea,GD,HyperVolume
two-hop,0.1557858886701341,1.5235145434775446,0.036446689608271146
page_rank,0.9022372150068213,0.22295823296480016,0.21108176105740417
degree_centrality,0.9016761727536453,0.2115046606156486,0.21095050313004512
katz_centrality,0.5621999449159293,0.9789301642336746,0.13152877365885732
betweenness,0.8645653277204032,0.32443947372103243,0.202268282541432
closeness,0.8346671354813108,0.4014268898205769,0.19527348897130342
eigenvector_centrality,0.8340836643129083,0.4229133400227475,0.19513698371558563
core,0.5732999214909977,0.9543248047049422,0.13412565457242467
