measure,Hyperarea,GD,HyperVolume
two-hop,0.16773516660056853,1.3657304334296474,0.03938622119474969
page_rank,0.9745086139320795,0.12109839645701424,0.22882626584750843
degree_centrality,0.9718019211518288,0.12356592970558934,0.2281907020435087
katz_centrality,0.6164835645245931,0.8787283370963591,0.14475770661207943
betweenness,0.9240792980541219,0.2669985858373295,0.21698485995676298
closeness,0.8909910842996086,0.35115241041658546,0.20921535203372973
eigenvector_centrality,0.8897341624685664,0.34971844716560296,0.2089202117702701
core,0.6243475211489656,0.876019637371787,0.14660425758496531
