measure,Hyperarea,GD,HyperVolume
two-hop,0.17030084610321208,3.694116487079473,0.039540970846194935
page_rank,0.9799886420390792,0.13133865345131263,0.2275367575154903
degree_centrality,0.9751518322730316,0.14087079733777585,0.22641373224389552
katz_centrality,0.6239207673854344,1.097722444679652,0.14486383032161412
betweenness,0.9270362184806594,0.2796110365829329,0.21524210200397342
closeness,0.8935132249068456,0.3705710762587322,0.20745863091789318
eigenvector_centrality,0.8912099821611084,0.38273051395182184,0.20692385697903845
core,0.6217542930863971,1.1327458453938362,0.14436081169864529
