measure,Hyperarea,GD,HyperVolume
two-hop,0.15923603317483268,3.635035295422105,0.03697190876910759
page_rank,0.9051018059399595,0.20068637797278321,0.21014930307404567
degree_centrality,0.8985472748154687,0.23249065213005815,0.20862745200850902
katz_centrality,0.5730685482384423,1.2127197431826922,0.13305680668805625
betweenness,0.866756173448445,0.332578684529564,0.20124609694724252
closeness,0.8358564692542789,0.4187318891755235,0.194071709205463
eigenvector_centrality,0.8309054006719546,0.45628860664950094,0.19292215497275794
core,0.534212494210119,1.1570375007235965,0.12403508932911277
