measure,Hyperarea,GD,HyperVolume
two-hop,0.16309685277364114,1.3238054262147356,0.038103357556074184
page_rank,0.9498909357073899,0.15878493183286474,0.22191742726492417
degree_centrality,0.9475311012538555,0.18689353675821066,0.2213661130339809
katz_centrality,0.5996781050200379,0.9228007459195234,0.1400992653478128
betweenness,0.9043825030581498,0.3035439501456421,0.21128556005497173
closeness,0.8674192950268287,0.40633716706695017,0.20265006336643843
eigenvector_centrality,0.8623352914884392,0.43166367610826517,0.20146231754948843
core,0.6219939701071581,0.8924360604490291,0.14531278953376248
