measure,Hyperarea,GD,HyperVolume
two-hop,0.15409729985684886,1.3741016799787364,0.03611481673545128
page_rank,0.9051732623913659,0.21956428037140358,0.21213977477517632
degree_centrality,0.906368456199714,0.20071478928316816,0.21241988484454116
katz_centrality,0.5645232325899822,0.9192592950190025,0.13230376591174
betweenness,0.8703017046670195,0.2835188782034062,0.20396714671703123
closeness,0.8392166481845684,0.39028090130327925,0.19668193718306953
eigenvector_centrality,0.8387501620600499,0.3765512986063502,0.1965726097586937
core,0.5402440007081625,0.9468704660205427,0.12661359476205733
