measure,Hyperarea,GD,HyperVolume
two-hop,0.16324727288577134,1.4739015499706374,0.03825923847016586
page_rank,0.9441264142983457,0.17703729740366062,0.22126898043741455
degree_centrality,0.9378694192759288,0.2110640591334737,0.21980256779579702
katz_centrality,0.5906871350860947,0.9465634476126262,0.1384356354812205
betweenness,0.9053281779352471,0.2994532990662736,0.21217608135862678
closeness,0.8606128188472348,0.4308157085953801,0.20169642337484878
eigenvector_centrality,0.8570672513515302,0.45351634044458683,0.20086547098016375
core,0.6207840197851707,0.9077340242406295,0.14548925339811372
