measure,Hyperarea,GD,HyperVolume
two-hop,0.16894665252097146,3.886534509055714,0.0394172725847477
page_rank,0.9789315271931878,0.15623294412778324,0.2283964214347924
degree_centrality,0.9740887249121144,0.15649138772355534,0.22726653780147563
katz_centrality,0.6163958890467768,1.1158728642953073,0.14381252552878335
betweenness,0.9267271099206009,0.2913716739668668,0.2162165071538271
closeness,0.8950633405263722,0.38003127472957793,0.2088289714397473
eigenvector_centrality,0.8928617551942656,0.39214010346154654,0.208315315277525
core,0.6158238139667707,1.1570234078452897,0.14367905357754274
