measure,Hyperarea,GD,HyperVolume
two-hop,0.1619276952630969,2.0018183493704,0.037839922796240065
page_rank,0.9477601937000002,0.14344671944221918,0.22147645898799317
degree_centrality,0.9429673314192121,0.16903148284670944,0.2203564434255944
katz_centrality,0.5953128009853648,0.8698602948151973,0.13911511796854067
betweenness,0.9041612237493231,0.28377509852363086,0.21128807426326351
closeness,0.8648922432253796,0.38570184313039085,0.20211153908872925
eigenvector_centrality,0.8604989562892523,0.38211912305203566,0.20108489791894862
core,0.6314626346195964,0.8715466155084308,0.1475627582044725
