measure,Hyperarea,GD,HyperVolume
two-hop,0.16825001115816235,1.3482912191796659,0.03923319793137549
page_rank,0.9801642468454491,0.12689789284989558,0.2285585459224471
degree_centrality,0.97468295770136,0.12542873557749007,0.22728039740745537
katz_centrality,0.617952274689629,0.880232662881295,0.14409653668463226
betweenness,0.9287392565908662,0.2419787530768467,0.21656706486762264
closeness,0.8956114714224209,0.3416990922847299,0.20884219790568279
eigenvector_centrality,0.8903207800384875,0.3698186383250547,0.2076084937244417
core,0.6200615828024567,0.8884349297045783,0.14458839342876664
