measure,Hyperarea,GD,HyperVolume
two-hop,0.15684062910303082,3.785525145750113,0.0364157365319446
page_rank,0.9083495554881968,0.2108964172588018,0.21090337548848787
degree_centrality,0.9036918573412013,0.22937166259037287,0.20982193689992612
katz_centrality,0.5679019529088425,1.161193890279761,0.13185721079657145
betweenness,0.8707512235311453,0.33037853122004196,0.20217367988334492
closeness,0.8414829170813861,0.41892359826287295,0.19537807505501636
eigenvector_centrality,0.839667061186698,0.4390663859069563,0.19495646408457384
core,0.556776002085342,1.0926284804906075,0.12927395353617235
