measure,Hyperarea,GD,HyperVolume
two-hop,0.16258214898007076,1.4593572403524395,0.038103357556074184
page_rank,0.9468932539019337,0.15558360048911077,0.22191742726492417
degree_centrality,0.9445408666536933,0.17792166073926285,0.2213661130339809
katz_centrality,0.5977856307611796,0.926799148508016,0.1400992653478128
betweenness,0.9015284375305411,0.2999907250425202,0.21128556005497173
closeness,0.8646818786133673,0.40449582261153105,0.20265006336643843
eigenvector_centrality,0.8596139192589288,0.42965355392941457,0.20146231754948843
core,0.6200310710655905,0.9045970124957446,0.14531278953376248
