measure,Hyperarea,GD,HyperVolume
two-hop,0.1620354451836511,1.5514665132824668,0.037839922796240065
page_rank,0.9483908522504704,0.1406580359615718,0.22147645898799317
degree_centrality,0.9435948007034536,0.16346914938923476,0.2203564434255944
katz_centrality,0.5957089340057653,0.8713277359171733,0.13911511796854067
betweenness,0.9047628706749392,0.26444371246305526,0.21128807426326351
closeness,0.8654677597875344,0.3809714100767492,0.20211153908872925
eigenvector_centrality,0.8610715494705884,0.379880940603228,0.20108489791894862
core,0.6318828224608588,0.8097667043514603,0.1475627582044725
