measure,Hyperarea,GD,HyperVolume
page_rank,0.9830971956809091,0.6854270913715824,0.5859408067803401
