measure,Hyperarea,GD,HyperVolume
two-hop,0.16867761960232291,1.9527216852398779,0.0394172725847477
page_rank,0.9773726634809566,0.11561783193886514,0.2283964214347924
degree_centrality,0.9725375729432808,0.11738703620388755,0.22726653780147563
katz_centrality,0.615414331954057,0.896419983319946,0.14381252552878335
betweenness,0.9252513772236082,0.25712726027180394,0.2162165071538271
closeness,0.8936380296410485,0.34120959895596936,0.2088289714397473
eigenvector_centrality,0.891439950142995,0.3506743757791627,0.208315315277525
core,0.614843167854092,0.9295061568164001,0.14367905357754274
