measure,Hyperarea,GD,HyperVolume
two-hop,0.16497796698347147,3.8385540064892893,0.038491330831534415
page_rank,0.9484518269682468,0.20962793010956912,0.22128514320500473
degree_centrality,0.9422641838851736,0.23287431043655926,0.21984149214460652
katz_centrality,0.5953277540205181,1.2557786244828113,0.13889707790794797
betweenness,0.9000142303374161,0.36943859479046026,0.20998407318522133
closeness,0.8605299533999164,0.4690401802694872,0.20077191962293695
eigenvector_centrality,0.8584221061045099,0.4860525471423781,0.20028013366464606
core,0.6320859531060118,1.1433208241733896,0.1474732049365523
