measure,Hyperarea,GD,HyperVolume
two-hop,0.1659942471496424,1.5362508106090875,0.03892342728275169
page_rank,0.972034280279422,0.1307481831965349,0.22792901726702677
degree_centrality,0.9668416634275391,0.14804149059026453,0.22671141817602183
katz_centrality,0.6166261734870331,0.8347493735548819,0.1445905773031223
betweenness,0.9218061131183921,0.26123330673874884,0.21615118492880256
closeness,0.8866029556114638,0.3318591171543196,0.20789651607808673
eigenvector_centrality,0.8815794115981681,0.36443217884486573,0.20671856230281555
core,0.6213020795046812,0.8153334870634347,0.14568701462540393
