measure,Hyperarea,GD,HyperVolume
two-hop,0.16878619628433947,1.5541092391116447,0.03957810195363685
page_rank,0.9670606072750216,0.15057087698789517,0.22676275757526504
degree_centrality,0.964521417673583,0.15063866000071152,0.22616735162893958
katz_centrality,0.6197002591476738,0.885157345900013,0.145311409209815
betweenness,0.9158949814248637,0.2677773756112293,0.21476510373272106
closeness,0.8840098811703501,0.3631068120419127,0.20728847485870358
eigenvector_centrality,0.8798844625406574,0.3950965306314168,0.20632111945451906
core,0.6155261770124958,0.9232890045210908,0.14433264286549485
