measure,Hyperarea,GD,HyperVolume
two-hop,0.16183919561764515,1.5842031470466424,0.03779409289514624
page_rank,0.9491890977250589,0.1446795880195119,0.22166287219589742
degree_centrality,0.9436721284885142,0.16949634654158832,0.2203745016807705
katz_centrality,0.589759106550784,0.9348055227215525,0.13772566264725422
betweenness,0.9051733433528111,0.28509166434820093,0.2113839314037986
closeness,0.8686647326887336,0.38963701721535243,0.20285812393395208
eigenvector_centrality,0.861025274045208,0.4117296094439693,0.20107409128018033
core,0.630326325738493,0.8795039933546258,0.14719927158745383
