measure,Hyperarea,GD,HyperVolume
two-hop,0.16852372528327259,1.4469581174843267,0.039495847492686774
page_rank,0.9774281384322477,0.11387667834838092,0.22907369645247572
degree_centrality,0.9720999822658315,0.1292665301755921,0.22782496994223353
katz_centrality,0.6168676942052959,0.9089095622293019,0.144571408758883
betweenness,0.9261318303417463,0.271850086445785,0.21705170276657293
closeness,0.8864312502279428,0.38615758276137957,0.20774732704790005
eigenvector_centrality,0.8862585146702399,0.3911956613829876,0.20770684409968532
core,0.6172511377230335,0.8941440590579015,0.144661274008854
