measure,Hyperarea,GD,HyperVolume
two-hop,0.15803085891563257,1.4976657430314764,0.03697190876910759
page_rank,0.8982515637132097,0.23587221237108108,0.21014930307404567
degree_centrality,0.8917466404069675,0.2345677072482663,0.20862745200850902
katz_centrality,0.568731292095319,0.9689850566987019,0.13305680668805625
betweenness,0.8601961492603523,0.33157222669186837,0.20124609694724252
closeness,0.8295303087675685,0.4399621367475248,0.194071709205463
eigenvector_centrality,0.8246167122340763,0.44542998042462834,0.19292215497275794
core,0.5301693192193287,1.0249947292170778,0.12403508932911277
