measure,Hyperarea,GD,HyperVolume
two-hop,0.16656431635909674,1.997839372591727,0.03892342728275169
page_rank,0.9753725093038403,0.11222495859353845,0.22792901726702677
degree_centrality,0.9701620595991052,0.11741777769561809,0.22671141817602183
katz_centrality,0.6187438347993057,0.8697613944122228,0.1445905773031223
betweenness,0.9249718450109068,0.27217259592719345,0.21615118492880256
closeness,0.8896477903252216,0.3519881256401477,0.20789651607808673
eigenvector_centrality,0.8846069941009999,0.35347303061369895,0.20671856230281555
core,0.623435799144834,0.8833639664023005,0.14568701462540393
