measure,Hyperarea,GD,HyperVolume
two-hop,0.15723121201172463,1.4059581011732762,0.036663791101013504
page_rank,0.9111873643564283,0.1740608819980177,0.21247424575062096
degree_centrality,0.9089945091587629,0.20447721642477062,0.21196290716934754
katz_centrality,0.5649624995913434,0.9745726869605205,0.13174017295865426
betweenness,0.8734707462777528,0.3026371346473083,0.20367933672091665
closeness,0.8405937204158181,0.4224306216338456,0.19601294279822207
eigenvector_centrality,0.8377886925331397,0.4251075254186537,0.1953588553876679
core,0.5485138819715728,0.9954772784975972,0.12790461974631404
