measure,Hyperarea,GD,HyperVolume
two-hop,0.16261561001865293,3.944803197774352,0.03794016472652283
page_rank,0.949124297935198,0.2235358371338941,0.221442038716186
degree_centrality,0.9447432245916721,0.23216617484115235,0.22041988196067352
katz_centrality,0.5916994391376165,1.2425856236608404,0.13805054869515473
betweenness,0.9109893734062353,0.35405718272488185,0.21254470519269217
closeness,0.8727146902065156,0.4451535521043057,0.20361476430149314
eigenvector_centrality,0.8677191394236587,0.4556355849443944,0.20244924261769195
core,0.6190858628096058,1.1825533903710932,0.14444012854709168
