measure,Hyperarea,GD,HyperVolume
two-hop,0.15576218752950796,3.921849861986272,0.03634117937604639
page_rank,0.9128124669749562,0.21204628148468052,0.21297005470434852
degree_centrality,0.9079894135070574,0.23084444947276272,0.2118447787051015
katz_centrality,0.5705135697215804,1.2073048256574725,0.13310763223450983
betweenness,0.8723903882875299,0.3318098172608537,0.2035391007890786
closeness,0.8387760317062163,0.4018321712111696,0.19569646977890173
eigenvector_centrality,0.8403200405532278,0.4379142653626746,0.19605670549051704
core,0.5428813393422292,1.1349821270312996,0.1266607027408803
