measure,Hyperarea,GD,HyperVolume
two-hop,0.1688135629373376,3.9465704161299406,0.03938622119474969
page_rank,0.9807738863893264,0.1704404041763365,0.22882626584750843
degree_centrality,0.978049791846296,0.18227042856166126,0.2281907020435087
katz_centrality,0.6204470364138528,1.238294030444956,0.14475770661207943
betweenness,0.9300203523369053,0.36603893134788457,0.21698485995676298
closeness,0.8967194091397459,0.4312877614034641,0.20921535203372973
eigenvector_centrality,0.8954544063562971,0.4465067217826227,0.2089202117702701
core,0.6283615516788975,1.2046000138363382,0.14660425758496531
