measure,Hyperarea,GD,HyperVolume
two-hop,0.16713131821588825,1.9756200258496006,0.0390559265840692
page_rank,0.9446247905020443,0.16116481855993953,0.22074376520912498
degree_centrality,0.9410690231815285,0.1709362142730147,0.21991283903141895
katz_centrality,0.5955081908158516,0.9405338539275033,0.13916077745927063
betweenness,0.897726446288444,0.3287622780855611,0.20978436927978292
closeness,0.8637204764106586,0.3935843593593483,0.20183771585094282
eigenvector_centrality,0.8625996157371778,0.40315100191268655,0.20157578856740466
core,0.6154391202998575,0.9363295676560396,0.14381831817030655
