measure,Hyperarea,GD,HyperVolume
two-hop,0.16901386378063685,1.9956307830009319,0.039495847492686774
page_rank,0.9802709141793864,0.11919531000571572,0.22907369645247572
degree_centrality,0.9749272614741135,0.12510603935994852,0.22782496994223353
katz_centrality,0.6186618071956308,0.9260668634428217,0.144571408758883
betweenness,0.9288254146600488,0.26314282762960756,0.21705170276657293
closeness,0.8890093684144067,0.35346539143314715,0.20774732704790005
eigenvector_centrality,0.8888361304684107,0.3660567848603065,0.20770684409968532
core,0.6190463659298122,0.973047357311857,0.144661274008854
