measure,Hyperarea,GD,HyperVolume
two-hop,0.16788991227698247,2.0048712127737933,0.03923319793137549
page_rank,0.9780664398602847,0.13471518429919985,0.2285585459224471
degree_centrality,0.9725968821037577,0.1430598116552366,0.22728039740745537
katz_centrality,0.6166296957417493,0.9388344532041737,0.14409653668463226
betweenness,0.9267515124896678,0.28722033170013916,0.21656706486762264
closeness,0.8936946294168182,0.3808457464528278,0.20884219790568279
eigenvector_centrality,0.8884152614915575,0.3989529086981343,0.2076084937244417
core,0.6187344893853877,0.9654284710429839,0.14458839342876664
