measure,Hyperarea,GD,HyperVolume
two-hop,0.1673978848561053,3.825445116197681,0.0390559265840692
page_rank,0.946131422887631,0.20670456206211488,0.22074376520912498
degree_centrality,0.9425699842844487,0.23701180686169016,0.21991283903141895
katz_centrality,0.5964579985439427,1.2649648324358886,0.13916077745927063
betweenness,0.8991582780072125,0.37520187898566715,0.20978436927978292
closeness,0.8650980701970371,0.45559999119673894,0.20183771585094282
eigenvector_centrality,0.8639754218031752,0.47019154485832987,0.20157578856740466
core,0.6164207169288302,1.1545142496675782,0.14381831817030655
