measure,Hyperarea,GD,HyperVolume
two-hop,0.15533490106419262,1.5642386323422588,0.03634117937604639
page_rank,0.9103084419693006,0.19161903605572117,0.21297005470434852
degree_centrality,0.9054986190902952,0.20489769619416837,0.2118447787051015
katz_centrality,0.5689485382432276,1.0030883997214672,0.13310763223450983
betweenness,0.8699972490327552,0.3222812836148683,0.2035391007890786
closeness,0.8364751032751034,0.4284904864406978,0.19569646977890173
eigenvector_centrality,0.838014876600689,0.43009725691985445,0.19605670549051704
core,0.5413921085330556,1.0272697576502603,0.1266607027408803
