measure,Hyperarea,GD,HyperVolume
two-hop,0.1584655612694127,3.8449989460169203,0.03697190876910759
page_rank,0.9007224233396911,0.22389432154562444,0.21014930307404567
degree_centrality,0.8941996066581184,0.23678039312562466,0.20862745200850902
katz_centrality,0.5702957259852482,1.2368229645704591,0.13305680668805625
betweenness,0.8625623282038946,0.35535623938927907,0.20124609694724252
closeness,0.8318121338505147,0.4148855841345207,0.194071709205463
eigenvector_centrality,0.8268850212734263,0.4674041971372366,0.19292215497275794
core,0.5316276790140426,1.1720711182324899,0.12403508932911277
