measure,Hyperarea,GD,HyperVolume
two-hop,0.16432853743084908,1.3517504656721258,0.03831877329706302
page_rank,0.9520213534161382,0.12641750615863878,0.2219960755804046
degree_centrality,0.9450830777663125,0.15106171722774409,0.22037818123378156
katz_centrality,0.5993300780768701,0.9074913942214147,0.13975413979207837
betweenness,0.910676098021357,0.27684839070930856,0.212355026660046
closeness,0.8688489487526994,0.3978098590411837,0.20260160783489176
eigenvector_centrality,0.8651206193357655,0.4028431656072855,0.20173222134890553
core,0.6228479978202519,0.9036612195055642,0.14523814061843757
