measure,Hyperarea,GD,HyperVolume
two-hop,0.1621695232609358,1.5562900016661518,0.03794016472652283
page_rank,0.9465206624005289,0.1529270245789261,0.221442038716186
degree_centrality,0.942151607207062,0.1620863674028465,0.22041988196067352
katz_centrality,0.590076290632269,0.9257652463846031,0.13805054869515473
betweenness,0.9084903495065559,0.2844043162801475,0.21254470519269217
closeness,0.8703206613274819,0.381617676189545,0.20361476430149314
eigenvector_centrality,0.8653388143277457,0.41110648759683727,0.20244924261769195
core,0.6173875879314586,0.9071023457580547,0.14444012854709168
