measure,Hyperarea,GD,HyperVolume
two-hop,0.16865689498782907,1.5967932379642527,0.03938622119474969
page_rank,0.979863676148878,0.12246404701276702,0.22882626584750843
degree_centrality,0.9771421097102186,0.1234908716078844,0.2281907020435087
katz_centrality,0.6198712286216218,0.9057039568292287,0.14475770661207943
betweenness,0.9291572440708005,0.25581078127690265,0.21698485995676298
closeness,0.8958872059170311,0.33532620769296373,0.20921535203372973
eigenvector_centrality,0.8946233771233303,0.3605901695008426,0.2089202117702701
core,0.6277783987962818,0.8777817811999142,0.14660425758496531
