measure,Hyperarea,GD,HyperVolume
two-hop,0.16227180048846912,1.3704872361173108,0.038103357556074184
page_rank,0.9450857560007204,0.14166535706723393,0.22191742726492417
degree_centrality,0.9427378591583379,0.15692725221508105,0.2213661130339809
katz_centrality,0.5966445345832062,0.8887219714813608,0.1400992653478128
betweenness,0.899807535251424,0.2715095620737564,0.21128556005497173
closeness,0.863031311694266,0.3950922979399956,0.20265006336643843
eigenvector_centrality,0.8579730264249039,0.4207200609969813,0.20146231754948843
core,0.618847511192268,0.8840189126855666,0.14531278953376248
