measure,Hyperarea,GD,HyperVolume
two-hop,0.16305500685254773,2.0666331231092823,0.038103357556074184
page_rank,0.9496472212489747,0.17395554130068835,0.22191742726492417
degree_centrality,0.9472879922605039,0.19372791956623978,0.2213661130339809
katz_centrality,0.599524245014542,0.9273200465326289,0.1400992653478128
betweenness,0.9041504647433839,0.307550718238374,0.21128556005497173
closeness,0.8671967403989662,0.3898892093175993,0.20265006336643843
eigenvector_centrality,0.8621140412684012,0.390360054970508,0.20146231754948843
core,0.6218343844980488,0.9203281414824338,0.14531278953376248
