measure,Hyperarea,GD,HyperVolume
two-hop,0.1687353454203565,1.278809221130301,0.03942064539910369
page_rank,0.9760845045050437,0.1203978466503033,0.22803687654057525
degree_centrality,0.972312903513902,0.13625781183913774,0.22715573960457458
katz_centrality,0.6165455309406773,0.8770199746754286,0.14403990276646805
betweenness,0.923349281536764,0.25810227816994524,0.21571665685277755
closeness,0.8906652786592079,0.35868288000272236,0.20808088567247338
eigenvector_centrality,0.8893815984715885,0.37304136408749955,0.2077809870273144
core,0.5933383412904174,0.8970946892839278,0.13861814367009395
