measure,Hyperarea,GD,HyperVolume
two-hop,0.16947855322312408,1.5617291808958516,0.03957810195363685
page_rank,0.9710274667481991,0.13381699383808798,0.22676275757526504
degree_centrality,0.968477861451768,0.15807482981296078,0.22616735162893958
katz_centrality,0.6222422547837666,0.8895901064103853,0.145311409209815
betweenness,0.9196519607249911,0.26844456261949395,0.21476510373272106
closeness,0.8876360685521154,0.34880902944683134,0.20728847485870358
eigenvector_centrality,0.8834937275539085,0.3847172825734627,0.20632111945451906
core,0.6180510506635392,0.9164839196664287,0.14433264286549485
