measure,Hyperarea,GD,HyperVolume
two-hop,0.15436734802972377,1.3986002299013975,0.03611481673545128
page_rank,0.9067595353881741,0.21861587971004492,0.21213977477517632
degree_centrality,0.9079568237167018,0.19959847129431132,0.21241988484454116
katz_centrality,0.5655125326468161,0.903477194241969,0.13230376591174
betweenness,0.8718268669210859,0.3059527414082752,0.20396714671703123
closeness,0.8406873353588341,0.3945689699413049,0.19668193718306953
eigenvector_centrality,0.8402200317396176,0.3909068387926294,0.1965726097586937
core,0.5411907525684052,0.92814839308988,0.12661359476205733
