measure,Hyperarea,GD,HyperVolume
two-hop,0.15579125701610363,1.6089890080914941,0.0365309627766088
page_rank,0.9004110869331664,0.1990287435630689,0.21113433789805897
degree_centrality,0.8966031298944563,0.2459563359624664,0.21024142298421586
katz_centrality,0.5664446573258051,0.9968232876377009,0.13282368399941064
betweenness,0.8662467904503459,0.3361975512936025,0.20312326804082084
closeness,0.8347034080705946,0.43199870327613316,0.19572676743075182
eigenvector_centrality,0.8335338739343993,0.43717792061217337,0.1954525273429983
core,0.555228784262356,1.0171945877292352,0.13019371201487445
