measure,Hyperarea,GD,HyperVolume
two-hop,0.16748979002567974,1.349145746962321,0.0390559265840692
page_rank,0.9466508701251808,0.15248460713272038,0.22074376520912498
degree_centrality,0.9430874762128317,0.15624220296788632,0.21991283903141895
katz_centrality,0.5967854672783733,0.8916021957612376,0.13916077745927063
betweenness,0.8996519359413347,0.3068460037117809,0.20978436927978292
closeness,0.8655730283179734,0.4029204245891809,0.20183771585094282
eigenvector_centrality,0.8644497635651229,0.3889679338507643,0.20157578856740466
core,0.6167591456405622,0.8911788112065048,0.14381831817030655
