measure,Hyperarea,GD,HyperVolume
two-hop,0.155796800518742,1.3825609961409755,0.03639788932344989
page_rank,0.9020084448926293,0.20491933608750845,0.2107309228219327
degree_centrality,0.896278707273796,0.24203880427702912,0.20939231795322993
katz_centrality,0.5626978341452649,0.9800306320740042,0.13145978236761344
betweenness,0.8620136279930778,0.3285652013308073,0.20138716920071248
closeness,0.8366073851385784,0.42990269851193297,0.1954516582501425
eigenvector_centrality,0.8280037226664843,0.46151732662046085,0.19344163523687832
core,0.5535463146861728,1.0498496728072555,0.12932176675173204
