measure,Hyperarea,GD,HyperVolume
two-hop,0.15593689533717817,1.555073170426826,0.0364157365319446
page_rank,0.9031155407486062,0.1983221666566629,0.21090337548848787
degree_centrality,0.8984846807946902,0.2250884613646021,0.20982193689992612
katz_centrality,0.5646296364595107,0.9273176429441403,0.13185721079657145
betweenness,0.8657338547099219,0.2979726885932507,0.20217367988334492
closeness,0.836634195612314,0.4026494658817842,0.19537807505501636
eigenvector_centrality,0.8348288028883957,0.4246219938502506,0.19495646408457384
core,0.5535677946458626,0.9852733106259249,0.12927395353617235
