measure,Hyperarea,GD,HyperVolume
two-hop,0.15521650384417954,1.3174599218549434,0.036446689608271146
page_rank,0.8989396109425395,0.2063016575582501,0.21108176105740417
degree_centrality,0.898380619253432,0.1872679107055166,0.21095050313004512
katz_centrality,0.5601451495777878,0.9069164156639817,0.13152877365885732
betweenness,0.8614054113579348,0.3190037622112874,0.202268282541432
closeness,0.8316164945938532,0.3935026745270021,0.19527348897130342
eigenvector_centrality,0.8310351559653907,0.39969191557794975,0.19513698371558563
core,0.5712045566360391,0.9260581816036273,0.13412565457242467
