measure,Hyperarea,GD,HyperVolume
two-hop,0.16843541095341466,1.5738581221940144,0.039495847492686774
page_rank,0.9769159202808579,0.13085388286718547,0.22907369645247572
degree_centrality,0.9715905563179752,0.1454227774463337,0.22782496994223353
katz_centrality,0.6165444266242287,0.8812070894136976,0.144571408758883
betweenness,0.9256464938597807,0.2500818162063727,0.21705170276657293
closeness,0.8859667187105115,0.36299848835141224,0.20774732704790005
eigenvector_centrality,0.885794073674336,0.37099253655966424,0.20770684409968532
core,0.6169276691995932,0.9039800397581927,0.144661274008854
