measure,Hyperarea,GD,HyperVolume
two-hop,0.15587294174251135,1.5111496062543743,0.0365309627766088
page_rank,0.9008831919453432,0.2215048656379232,0.21113433789805897
degree_centrality,0.8970732383123772,0.22676077718585505,0.21024142298421586
katz_centrality,0.5667416565139816,1.00347598936342,0.13282368399941064
betweenness,0.8667009823827737,0.33966546338897957,0.20312326804082084
closeness,0.835141061125238,0.4443680781667999,0.19572676743075182
eigenvector_centrality,0.8339709137769936,0.4430725612972455,0.1954525273429983
core,0.5555199027256436,1.0320696757205579,0.13019371201487445
