measure,Hyperarea,GD,HyperVolume
two-hop,0.15591035872612702,1.340140579452984,0.03660961502463609
page_rank,0.8988931250659447,0.198896795620793,0.21107084561817277
degree_centrality,0.8920992312283749,0.22379649641109223,0.2094755581725927
katz_centrality,0.5687691198596005,0.9045388260170504,0.13355378491904984
betweenness,0.8623828820048066,0.3274441084326549,0.20249780432800374
closeness,0.8233429855058526,0.42859348153682686,0.1933307701866806
eigenvector_centrality,0.8232496843823351,0.4213665936472184,0.19330886196812958
core,0.5404003697930663,0.9601214294269038,0.12689246345746374
