measure,Hyperarea,GD,HyperVolume
page_rank,0.9813784012213885,0.8339921344093487,0.5758714956419516
