measure,Hyperarea,GD,HyperVolume
two-hop,0.1568946962329604,1.9343108788657282,0.036663791101013504
page_rank,0.9092371858798186,0.18553909225406698,0.21247424575062096
degree_centrality,0.9070490239638822,0.188588826279198,0.21196290716934754
katz_centrality,0.5637533325748836,0.9647855984143584,0.13174017295865426
betweenness,0.871601291195326,0.3225672725830682,0.20367933672091665
closeness,0.8387946307387065,0.4223580247966877,0.19601294279822207
eigenvector_centrality,0.8359956063468764,0.43599593221967536,0.1953588553876679
core,0.5473399192844386,0.9829394094071722,0.12790461974631404
