measure,Hyperarea,GD,HyperVolume
two-hop,0.16401891402090726,1.3282342740116773,0.03831877329706302
page_rank,0.950227580390524,0.1503761942989156,0.2219960755804046
degree_centrality,0.9433023776530445,0.16753131910990454,0.22037818123378156
katz_centrality,0.5982008364651815,0.9092349838943913,0.13975413979207837
betweenness,0.9089602266138085,0.2738326562863287,0.212355026660046
closeness,0.8672118869346913,0.40678011515580326,0.20260160783489176
eigenvector_centrality,0.8634905823357562,0.43904000984914116,0.20173222134890553
core,0.6216744443767932,0.903326384771466,0.14523814061843757
