measure,Hyperarea,GD,HyperVolume
two-hop,0.1690119280615384,1.5249870374428565,0.039540970846194935
page_rank,0.9725716205135729,0.129886456349663,0.2275367575154903
degree_centrality,0.9677714180311311,0.1400422473164138,0.22641373224389552
katz_centrality,0.6191986373898466,0.8907175611719644,0.14486383032161412
betweenness,0.9200199661564608,0.2743638649968268,0.21524210200397342
closeness,0.8867506905894385,0.37295677103337466,0.20745863091789318
eigenvector_centrality,0.8844648798835134,0.3838778645503893,0.20692385697903845
core,0.6170485600017744,0.894204763312541,0.14436081169864529
