measure,Hyperarea,GD,HyperVolume
two-hop,0.1641091225709522,3.789686090415915,0.038103357556074184
page_rank,0.9557864872683428,0.1655840299481025,0.22191742726492417
degree_centrality,0.9534120063694396,0.1931757053284674,0.2213661130339809
katz_centrality,0.6034000409341724,1.2346921756225564,0.1400992653478128
betweenness,0.9099956039702375,0.3314066185318986,0.21128556005497173
closeness,0.872802981707645,0.4039266246423188,0.20265006336643843
eigenvector_centrality,0.8676874240151207,0.4339898247842251,0.20146231754948843
core,0.6258544106940952,1.1759312688956745,0.14531278953376248
