measure,Hyperarea,GD,HyperVolume
two-hop,0.16397683152564618,1.9783560697438807,0.03831877329706302
page_rank,0.9499837795588489,0.1344524928830997,0.2219960755804046
degree_centrality,0.9430603536274964,0.15143748863895823,0.22037818123378156
katz_centrality,0.5980473554839423,0.9458914940268404,0.13975413979207837
betweenness,0.9087270137879747,0.2873697909227742,0.212355026660046
closeness,0.8669893855217284,0.3941907955767292,0.20260160783489176
eigenvector_centrality,0.8632690357016009,0.40653144302235156,0.20173222134890553
core,0.6215149407487172,0.9382183913152659,0.14523814061843757
