measure,Hyperarea,GD,HyperVolume
two-hop,0.16793299901290756,1.3306315797411576,0.03923319793137549
page_rank,0.9783174477370531,0.11040128884588019,0.2285585459224471
degree_centrality,0.9728464862905277,0.12609201945890203,0.22728039740745537
katz_centrality,0.6167879456360025,0.9118383586877533,0.14409653668463226
betweenness,0.9269893510658233,0.24436036995893887,0.21656706486762264
closeness,0.8939239843790856,0.36305264870741716,0.20884219790568279
eigenvector_centrality,0.8886432615735431,0.3961551588863594,0.2076084937244417
core,0.6188932794472225,0.9032820372886479,0.14458839342876664
