measure,Hyperarea,GD,HyperVolume
two-hop,0.16217998971450637,1.5336051019764805,0.03794261339236697
page_rank,0.9438881756336972,0.17560841751380502,0.22082615862006413
degree_centrality,0.9372838826518257,0.18001065084301587,0.2192810596483464
katz_centrality,0.5875899644156742,0.9084421428140201,0.13746886340482004
betweenness,0.9002896197917334,0.323131445677322,0.21062611389389782
closeness,0.8620061789679104,0.3945362370888204,0.2016695601472555
eigenvector_centrality,0.8499398820242114,0.44005773689041755,0.19884660497986276
core,0.6274178234740815,0.8705068898290257,0.14678673955685964
