measure,Hyperarea,GD,HyperVolume
two-hop,0.1547671645614701,1.353593481916754,0.03634117937604639
page_rank,0.9069813382231253,0.19218951579169488,0.21297005470434852
degree_centrality,0.9021890948578115,0.18607844294551174,0.2118447787051015
katz_centrality,0.5668690773421785,0.9310570288960562,0.13310763223450983
betweenness,0.8668174794371254,0.31371285017243683,0.2035391007890786
closeness,0.8334178544115552,0.41269782603438715,0.19569646977890173
eigenvector_centrality,0.8349519999901446,0.4113604856132982,0.19605670549051704
core,0.5394133641543335,1.004965636547323,0.1266607027408803
