measure,Hyperarea,GD,HyperVolume
two-hop,0.1560817474859561,3.991455474339728,0.0364157365319446
page_rank,0.9039544584812527,0.24309247156464708,0.21090337548848787
degree_centrality,0.8993192968512416,0.24375692342028796,0.20982193689992612
katz_centrality,0.5651541294983647,1.1818625731413182,0.13185721079657145
betweenness,0.8665380480270544,0.3465701957941875,0.20217367988334492
closeness,0.8374113578144569,0.4135589323260177,0.19537807505501636
eigenvector_centrality,0.8356042880338362,0.46732167877238734,0.19495646408457384
core,0.5540820121719672,1.0888411773504771,0.12927395353617235
