measure,Hyperarea,GD,HyperVolume
page_rank,0.7976447543662415,1.4048169149190808,0.17342795122136814
