measure,Hyperarea,GD,HyperVolume
page_rank,0.944955010990596,0.17415777834107637,0.24727124645145673
