measure,Hyperarea,GD,HyperVolume
page_rank,0.8916545913102027,0.271567795671599,0.23308333971265105
