measure,Hyperarea,GD,HyperVolume
page_rank,0.7386666656091084,0.5887300098191024,0.19261540987995118
