measure,Hyperarea,GD,HyperVolume
page_rank,0.721089901202466,0.630224010464149,0.18975771236595984
