measure,Hyperarea,GD,HyperVolume
page_rank,0.9429320072291055,0.18934354910799428,0.24727124645145673
