measure,Hyperarea,GD,HyperVolume
page_rank,0.7503642592702825,0.5812995728819011,0.1943320487602961
