measure,Hyperarea,GD,HyperVolume
page_rank,0.9459300800702877,0.1669557258691763,0.24727124645145673
