measure,Hyperarea,GD,HyperVolume
page_rank,0.8928732998618524,0.2894598597908166,0.23340191672904645
