measure,Hyperarea,GD,HyperVolume
page_rank,0.7226686754476751,0.575571332833629,0.18931560960225605
