measure,Hyperarea,GD,HyperVolume
page_rank,0.8622539321802,0.8777263031891204,0.19184677123247046
