measure,Hyperarea,GD,HyperVolume
page_rank,0.9247658350073421,0.45282243778338893,0.20569885158528722
