measure,Hyperarea,GD,HyperVolume
page_rank,0.8870008609681164,0.5363536690194383,0.23210362319272398
