measure,Hyperarea,GD,HyperVolume
page_rank,0.9425835919794698,0.1773140290133242,0.2463964563386505
