measure,Hyperarea,GD,HyperVolume
page_rank,0.9502568737625215,0.16447842351155334,0.2484022937581852
