measure,Hyperarea,GD,HyperVolume
page_rank,0.8900704398463646,0.28442741788975034,0.23316940893290902
