measure,Hyperarea,GD,HyperVolume
page_rank,0.9542523286475632,0.15745953525874617,0.24883172880122154
