measure,Hyperarea,GD,HyperVolume
page_rank,0.9306566063548865,0.4196001239819741,0.20606432231705377
