measure,Hyperarea,GD,HyperVolume
page_rank,0.7319637567148175,0.6387422435491623,0.19194765804167627
