measure,Hyperarea,GD,HyperVolume
page_rank,0.8692684681113302,0.8161005333796195,0.19238288374805013
