measure,Hyperarea,GD,HyperVolume
page_rank,0.7319493113014686,0.6114812751407267,0.19261540987995118
