measure,Hyperarea,GD,HyperVolume
page_rank,0.7293799468337643,0.6117725992668128,0.19019379641526651
