measure,Hyperarea,GD,HyperVolume
page_rank,0.7288827185993069,0.6389816350319025,0.19113969720320018
