measure,Hyperarea,GD,HyperVolume
page_rank,0.8752003655394153,0.8256995643419335,0.19281979519868864
