measure,Hyperarea,GD,HyperVolume
page_rank,0.8919838469983533,0.28431782271358885,0.23316940893290902
