measure,Hyperarea,GD,HyperVolume
page_rank,0.8739197211424365,0.966225386685984,0.1932470219281981
