measure,Hyperarea,GD,HyperVolume
page_rank,0.8703004839575337,0.8096358534844686,0.1935839358541647
