measure,Hyperarea,GD,HyperVolume
page_rank,0.7440101638488195,0.754822465600386,0.1946869076688873
