measure,Hyperarea,GD,HyperVolume
page_rank,0.7954152535348479,1.1286451497944383,0.17524193581657635
