measure,Hyperarea,GD,HyperVolume
page_rank,0.9457678283030335,0.1848274420296386,0.24888261398312841
