measure,Hyperarea,GD,HyperVolume
page_rank,0.9374622027383165,0.5715240641509356,0.20729796395097203
