measure,Hyperarea,GD,HyperVolume
page_rank,0.8251167658550823,0.9769508651666438,0.18245538335726913
