measure,Hyperarea,GD,HyperVolume
page_rank,0.9512952722020654,0.4668529064478493,0.20862420577494048
