measure,Hyperarea,GD,HyperVolume
page_rank,0.8890320482385249,0.2809960970481493,0.23347871607482643
