measure,Hyperarea,GD,HyperVolume
page_rank,0.9361328290385734,0.18538911772584446,0.24634712511270765
