measure,Hyperarea,GD,HyperVolume
page_rank,0.7895998780306369,1.299592590214397,0.17316353002870924
