measure,Hyperarea,GD,HyperVolume
page_rank,0.9477487602239559,0.5125793388165647,0.20606432231705377
