measure,Hyperarea,GD,HyperVolume
page_rank,0.8781487949247554,0.9006531670983629,0.192582787118576
