measure,Hyperarea,GD,HyperVolume
page_rank,0.8879485665842021,0.2989532122238923,0.23154229785622835
