measure,Hyperarea,GD,HyperVolume
page_rank,0.8887396143891788,0.28035408283046476,0.23340191672904645
