measure,Hyperarea,GD,HyperVolume
page_rank,0.7320936296413577,0.6000790694414426,0.19162250880002057
