measure,Hyperarea,GD,HyperVolume
page_rank,0.7945788410585185,1.24914980272886,0.17478157636226704
