measure,Hyperarea,GD,HyperVolume
page_rank,0.7844723479645754,1.107049530816312,0.17449288778650204
