measure,Hyperarea,GD,HyperVolume
page_rank,0.8860926511024843,0.31898355055282224,0.23317885070517058
