measure,Hyperarea,GD,HyperVolume
page_rank,0.93959612564639,0.18153584637240822,0.2463964563386505
