measure,Hyperarea,GD,HyperVolume
page_rank,0.9302305475296068,0.5272534477555575,0.20569885158528722
