measure,Hyperarea,GD,HyperVolume
page_rank,0.7820654317489965,1.105230853627567,0.17316353002870924
