measure,Hyperarea,GD,HyperVolume
page_rank,0.7897382042442289,1.1322625349931976,0.17478157636226704
