measure,Hyperarea,GD,HyperVolume
page_rank,0.945062040463909,0.15917393328008023,0.24736611798422115
