measure,Hyperarea,GD,HyperVolume
page_rank,0.88379601789689,0.2940868485088786,0.23210362319272398
