measure,Hyperarea,GD,HyperVolume
page_rank,0.8798736589074241,0.2976718108969737,0.23154229785622835
