measure,Hyperarea,GD,HyperVolume
page_rank,0.9438217658437963,0.19223719792127514,0.2478676607095298
