measure,Hyperarea,GD,HyperVolume
page_rank,0.7447699835816569,0.5782523034071314,0.1946869076688873
