measure,Hyperarea,GD,HyperVolume
page_rank,0.941398238510102,0.5364803560029419,0.20645373268015238
