measure,Hyperarea,GD,HyperVolume
page_rank,0.8891567537461118,0.27800901717855075,0.23316940893290902
