measure,Hyperarea,GD,HyperVolume
page_rank,0.8768315577364741,0.28720739756296454,0.22944503144354259
