measure,Hyperarea,GD,HyperVolume
page_rank,0.8655216527590069,0.8580590203139983,0.19184677123247046
