measure,Hyperarea,GD,HyperVolume
page_rank,0.7380377978000733,0.6413473444450268,0.19113969720320018
