measure,Hyperarea,GD,HyperVolume
page_rank,0.9467297686095203,0.17429058767009387,0.24687013901717553
