measure,Hyperarea,GD,HyperVolume
page_rank,0.7252756670662004,0.6486042655978489,0.19019379641526651
