measure,Hyperarea,GD,HyperVolume
page_rank,0.7979710326357426,1.4335276140373776,0.17349889229068238
