measure,Hyperarea,GD,HyperVolume
page_rank,0.9405616425996577,0.18076960819180152,0.2463964563386505
