measure,Hyperarea,GD,HyperVolume
page_rank,0.9609975270577045,0.18572445856244257,0.24888261398312841
