measure,Hyperarea,GD,HyperVolume
page_rank,0.8768408594220459,0.34043189882046776,0.22944503144354259
