measure,Hyperarea,GD,HyperVolume
page_rank,0.8584798265316232,0.9081087836393873,0.18826927581526534
