measure,Hyperarea,GD,HyperVolume
page_rank,0.9518996669723018,0.16646984041225232,0.24883172880122154
