measure,Hyperarea,GD,HyperVolume
page_rank,0.8749543958410789,0.30178835760138173,0.22944503144354259
