measure,Hyperarea,GD,HyperVolume
page_rank,0.9477208930109753,0.4811365147847149,0.2084678613027835
