measure,Hyperarea,GD,HyperVolume
page_rank,0.9482116481660141,0.14805166336808914,0.2478676607095298
