measure,Hyperarea,GD,HyperVolume
page_rank,0.8811776066183861,0.9251747056779868,0.1932470219281981
