measure,Hyperarea,GD,HyperVolume
page_rank,0.7800036157981051,1.121446652667955,0.17349889229068238
