measure,Hyperarea,GD,HyperVolume
page_rank,0.8751716375136648,0.9018223396135115,0.19192988037289438
