measure,Hyperarea,GD,HyperVolume
page_rank,0.733335862038739,0.5936418150569578,0.19194765804167627
