measure,Hyperarea,GD,HyperVolume
page_rank,0.9405795089871799,0.46513276903111,0.20627418086122162
