measure,Hyperarea,GD,HyperVolume
page_rank,0.9296645008969244,0.4287947605154635,0.20606432231705377
