measure,Hyperarea,GD,HyperVolume
page_rank,0.8893145198926032,0.2755091120681287,0.2335528991363397
