measure,Hyperarea,GD,HyperVolume
page_rank,0.949020749114882,0.14890285069879317,0.2484022937581852
