measure,Hyperarea,GD,HyperVolume
page_rank,0.8903362503853853,0.3036044478484232,0.23347871607482643
