measure,Hyperarea,GD,HyperVolume
page_rank,0.9472442757731068,0.25281532216796426,0.2478676607095298
