measure,Hyperarea,GD,HyperVolume
page_rank,0.9509184444149594,0.18778781852980111,0.24883172880122154
