measure,Hyperarea,GD,HyperVolume
page_rank,0.736035832344267,0.5988510170013401,0.19265436420968962
