measure,Hyperarea,GD,HyperVolume
page_rank,0.7335341408164879,0.5859942589760365,0.19194765804167627
