measure,Hyperarea,GD,HyperVolume
page_rank,0.7876460894913481,1.1146007419199417,0.1743185582222377
