measure,Hyperarea,GD,HyperVolume
page_rank,0.9362281518003615,0.4594087137848093,0.20729796395097203
