measure,Hyperarea,GD,HyperVolume
page_rank,0.9353166775780493,0.4476751258316804,0.20606432231705377
