measure,Hyperarea,GD,HyperVolume
page_rank,0.885759373537991,0.28450840969900365,0.23154229785622835
