measure,Hyperarea,GD,HyperVolume
page_rank,0.7358870073610901,0.6201903725958663,0.19261540987995118
