measure,Hyperarea,GD,HyperVolume
page_rank,0.9482679876503343,0.17653203064111425,0.24727124645145673
