measure,Hyperarea,GD,HyperVolume
page_rank,0.7438863029417419,0.5933422454287446,0.19265436420968962
