measure,Hyperarea,GD,HyperVolume
page_rank,0.8294649245662987,0.9377821419184269,0.18245538335726913
