measure,Hyperarea,GD,HyperVolume
page_rank,0.9434221660463941,0.21705200805826227,0.24687013901717553
