measure,Hyperarea,GD,HyperVolume
page_rank,0.7896415514342653,1.0540802388613226,0.17484102090781284
