measure,Hyperarea,GD,HyperVolume
page_rank,0.9396545591626602,0.44675036832139176,0.2079604408192603
