measure,Hyperarea,GD,HyperVolume
page_rank,0.743412479542532,0.5830523151501411,0.1943320487602961
