measure,Hyperarea,GD,HyperVolume
page_rank,0.7884337853108631,1.09583054556962,0.17449288778650204
