measure,Hyperarea,GD,HyperVolume
page_rank,0.8920052334436681,0.2881440504208247,0.23347871607482643
