measure,Hyperarea,GD,HyperVolume
page_rank,0.9396445417197029,0.18781400185741048,0.24727124645145673
