measure,Hyperarea,GD,HyperVolume
page_rank,0.7410562749861161,0.5994493216278349,0.1943320487602961
