measure,Hyperarea,GD,HyperVolume
page_rank,0.7824246715824911,1.1174643567405524,0.17342795122136814
