measure,Hyperarea,GD,HyperVolume
page_rank,0.942752821746356,0.5217839414436765,0.2084678613027835
