measure,Hyperarea,GD,HyperVolume
page_rank,0.7302490483520163,0.639239932845962,0.19113969720320018
