measure,Hyperarea,GD,HyperVolume
page_rank,0.8755053649323471,0.8976468291110392,0.192582787118576
