measure,Hyperarea,GD,HyperVolume
page_rank,0.7920153582644889,1.1055873873862738,0.17449288778650204
