measure,Hyperarea,GD,HyperVolume
page_rank,0.7872819321443415,1.105403647285217,0.1743185582222377
