measure,Hyperarea,GD,HyperVolume
page_rank,0.8709158564835869,0.9313912795370619,0.192582787118576
