measure,Hyperarea,GD,HyperVolume
page_rank,0.9508558121201148,0.15298708701850244,0.24888261398312841
