measure,Hyperarea,GD,HyperVolume
page_rank,0.8915343252488555,0.2841212687631267,0.2335528991363397
