measure,Hyperarea,GD,HyperVolume
page_rank,0.7948666343769692,1.2852265559139824,0.1743185582222377
