measure,Hyperarea,GD,HyperVolume
page_rank,0.7388160527473279,0.6080937649675795,0.19265436420968962
