measure,Hyperarea,GD,HyperVolume
page_rank,0.8721593449343913,0.9698233235979549,0.19184677123247046
