measure,Hyperarea,GD,HyperVolume
page_rank,0.9362692160577111,0.45822431772060757,0.20627418086122162
