measure,Hyperarea,GD,HyperVolume
page_rank,0.8799056961362036,0.30514071872897347,0.22944503144354259
