measure,Hyperarea,GD,HyperVolume
page_rank,0.8940422638930408,0.29661454694736117,0.23154229785622835
