measure,Hyperarea,GD,HyperVolume
page_rank,0.890859598057461,0.2983508704653609,0.23317885070517058
