measure,Hyperarea,GD,HyperVolume
page_rank,0.7227470449364928,0.627800213497285,0.19019379641526651
