measure,Hyperarea,GD,HyperVolume
page_rank,0.9544474697718973,0.15462889529023496,0.24888261398312841
