measure,Hyperarea,GD,HyperVolume
page_rank,0.7984995216109037,1.3002482313936108,0.17511527006975386
