measure,Hyperarea,GD,HyperVolume
page_rank,0.9328466048870164,0.5023352812081289,0.20645373268015238
