measure,Hyperarea,GD,HyperVolume
page_rank,0.9511229934559274,0.3056039755704234,0.24888261398312841
