measure,Hyperarea,GD,HyperVolume
page_rank,0.8493816899837926,0.8379121518211599,0.18826927581526534
