measure,Hyperarea,GD,HyperVolume
page_rank,0.8907354696540999,0.2957857563423398,0.23308333971265105
