measure,Hyperarea,GD,HyperVolume
page_rank,0.8857651060360041,0.29046870998870883,0.23227999490265774
