measure,Hyperarea,GD,HyperVolume
page_rank,0.9415507605960056,0.1732969782031511,0.24727124645145673
