measure,Hyperarea,GD,HyperVolume
page_rank,0.8777363323872277,0.2964238939891225,0.22944503144354259
