measure,Hyperarea,GD,HyperVolume
page_rank,0.864663486021945,0.8272140201019834,0.19238288374805013
