measure,Hyperarea,GD,HyperVolume
page_rank,0.7277075949132848,0.5919682215031088,0.18975771236595984
