measure,Hyperarea,GD,HyperVolume
page_rank,0.9449650353496808,0.2941368496649658,0.24727124645145673
