measure,Hyperarea,GD,HyperVolume
page_rank,0.7784959186970595,1.1251395596784213,0.17316353002870924
