measure,Hyperarea,GD,HyperVolume
page_rank,0.7858532474268877,1.3097273900053923,0.17286222873956752
