measure,Hyperarea,GD,HyperVolume
page_rank,0.9424023937657626,0.5370725253383742,0.20729796395097203
