measure,Hyperarea,GD,HyperVolume
page_rank,0.9469781840134888,0.16026821221630158,0.2478676607095298
