measure,Hyperarea,GD,HyperVolume
page_rank,0.9414234516105784,0.18954201090253667,0.24634712511270765
