measure,Hyperarea,GD,HyperVolume
page_rank,0.9363202904513287,0.19530729767021593,0.2463964563386505
