measure,Hyperarea,GD,HyperVolume
page_rank,0.7424094764916002,0.622041783575344,0.1946869076688873
