measure,Hyperarea,GD,HyperVolume
page_rank,0.8875140560241271,0.2836900217284303,0.2335528991363397
