measure,Hyperarea,GD,HyperVolume
page_rank,0.7860374593599068,1.0683604145225116,0.17484102090781284
