measure,Hyperarea,GD,HyperVolume
page_rank,0.743735890609005,0.5998835580030182,0.19261540987995118
