measure,Hyperarea,GD,HyperVolume
page_rank,0.8536816526922806,0.7739649813205869,0.18988735194443895
