measure,Hyperarea,GD,HyperVolume
page_rank,0.7352649019338793,0.5968614490553809,0.19261540987995118
