measure,Hyperarea,GD,HyperVolume
page_rank,0.7294118170353024,0.5953909856729306,0.19194765804167627
