measure,Hyperarea,GD,HyperVolume
page_rank,0.7924954400497093,1.3211155632843763,0.17524193581657635
