measure,Hyperarea,GD,HyperVolume
page_rank,0.9482184643175497,0.16994523030315192,0.2484022937581852
