measure,Hyperarea,GD,HyperVolume
page_rank,0.8827404187585013,0.9950981604247967,0.19192988037289438
