measure,Hyperarea,GD,HyperVolume
page_rank,0.8900433875381702,0.31701694595590607,0.23340191672904645
