measure,Hyperarea,GD,HyperVolume
page_rank,0.8878542793757498,0.2955711940725758,0.23316940893290902
