measure,Hyperarea,GD,HyperVolume
page_rank,0.9003614005155745,0.2705295847444902,0.23317885070517058
