measure,Hyperarea,GD,HyperVolume
page_rank,0.8733589157206094,0.7839099703047477,0.1935839358541647
