measure,Hyperarea,GD,HyperVolume
page_rank,0.9324153160768109,0.48479100438470835,0.20645373268015238
