measure,Hyperarea,GD,HyperVolume
page_rank,0.7281762317638624,0.5959063717305136,0.19162250880002057
