measure,Hyperarea,GD,HyperVolume
page_rank,0.9285706877059116,0.45249209601127877,0.20660188564992724
