measure,Hyperarea,GD,HyperVolume
two-hop,0.26889402803357754,1.7108489783625733,0.014013105107379822
page_rank,0.8171692258132172,0.41006928775598683,0.04258584073279188
degree_centrality,0.8001568337255653,0.4572463619361365,0.04169925935277532
katz_centrality,0.7436008281561459,0.5945264619850491,0.03875190772769992
betweenness,0.8291960787100409,0.3728424123084364,0.04321260643297002
closeness,0.771494424658764,0.5392965132236577,0.04020555064596221
eigenvector_centrality,0.7247452373861714,0.6511619950259308,0.037769270153880694
core,0.7100011283544047,0.7088388891628951,0.037000897754211726
