measure,Hyperarea,GD,HyperVolume
two-hop,0.30539484681870144,1.5029801230735091,0.01598244469693782
page_rank,0.8722535544955733,0.2976986655452389,0.04564826270532621
degree_centrality,0.8583992190237544,0.3372041191211389,0.04492321396007799
katz_centrality,0.7890713207455834,0.512638191962445,0.04129502798468207
betweenness,0.8744965614374561,0.29023015085323195,0.04576564757536225
closeness,0.812387522981892,0.4717191007980428,0.04251525130104224
eigenvector_centrality,0.7678590138563992,0.5747148668305908,0.0401849093127972
core,0.7565306661861286,0.5964546262406485,0.0395920548752262
