measure,Hyperarea,GD,HyperVolume
page_rank,0.9050551413029687,0.24128018964253348,0.20128867006129975
