measure,Hyperarea,GD,HyperVolume
page_rank,0.8282209531942548,0.37387603028638744,0.18480339182763122
