measure,Hyperarea,GD,HyperVolume
page_rank,0.9026872689319773,0.2392902526960035,0.20058150626323837
