measure,Hyperarea,GD,HyperVolume
page_rank,0.8975754694625505,0.24779920399896868,0.2000524274432241
