measure,Hyperarea,GD,HyperVolume
page_rank,0.9072513957014021,0.228596881435843,0.20159567745374465
