measure,Hyperarea,GD,HyperVolume
page_rank,0.6832553835946076,0.628845921967045,0.15228457405770876
