measure,Hyperarea,GD,HyperVolume
page_rank,0.902101917809321,0.25502364029002994,0.20128867006129975
