measure,Hyperarea,GD,HyperVolume
two-hop,0.2958460057869077,1.6173436861979233,0.015417676640154865
page_rank,0.8651442737844295,0.3376099257027711,0.04508600555485419
degree_centrality,0.8497627737147687,0.3789744450649189,0.04428441624935124
katz_centrality,0.7872056561563895,0.5231195515940255,0.04102432352817404
betweenness,0.8678838709059198,0.32606605321323295,0.04522877652933833
closeness,0.8068063053693088,0.4893036301079245,0.04204578897165061
eigenvector_centrality,0.7612596957189932,0.593097119158558,0.03967217943862308
core,0.7569926345804878,0.6043154317852136,0.0394498064217481
