measure,Hyperarea,GD,HyperVolume
two-hop,0.3046593231036378,1.5911771618213097,0.015876972604469134
page_rank,0.8651281236736719,0.31467910157737455,0.04508516391028069
degree_centrality,0.8526878952335852,0.34928620085812684,0.04443685561587341
katz_centrality,0.7856245603132347,0.5131059663966934,0.04094192652442875
betweenness,0.8684948161374488,0.3051310826991536,0.04526061524218323
closeness,0.806811217694664,0.4729589296796632,0.04204604497187504
eigenvector_centrality,0.7608821868800374,0.5771816438376295,0.03965250599671759
core,0.7541267301344483,0.5922223471574364,0.03930045308532873
