measure,Hyperarea,GD,HyperVolume
page_rank,0.6948120267986887,0.6330738074008179,0.15486032908302824
