measure,Hyperarea,GD,HyperVolume
page_rank,0.8405061225721688,0.3580027805425665,0.18750841644573496
