measure,Hyperarea,GD,HyperVolume
two-hop,0.3696980397641566,1.5151897352950892,0.019266391028068847
page_rank,0.9310847722543678,0.17233708054488486,0.048522419307326516
degree_centrality,0.9181558010874834,0.20351586563614965,0.04784864074401379
katz_centrality,0.8217253066421527,0.4378396545676599,0.04282327568068005
betweenness,0.9178291650974139,0.2039064787102664,0.047831618482514826
closeness,0.8408430002512952,0.3966538410786998,0.04381957244455665
eigenvector_centrality,0.7983706314757905,0.49635747087408544,0.0416061734629466
core,0.7942789336232599,0.49678395259907443,0.04139293930339884
