measure,Hyperarea,GD,HyperVolume
page_rank,0.6841118281644936,0.620595103764576,0.15228457405770876
