measure,Hyperarea,GD,HyperVolume
page_rank,0.8405747380116331,0.35144282952160716,0.18752372385641544
