measure,Hyperarea,GD,HyperVolume
two-hop,0.34857682719716626,1.5331817827284604,0.018068029429505254
page_rank,0.9460459120021761,0.14630969956545678,0.04903706742975775
degree_centrality,0.9348423099626291,0.17628256405049633,0.04845634319460226
katz_centrality,0.8390857700526729,0.4212233029870773,0.04349292667873024
betweenness,0.93154875663203,0.1830579647813531,0.048285626113425635
closeness,0.8563438244247928,0.38375903685738405,0.0443874756273759
eigenvector_centrality,0.8131495703638465,0.4863632122858114,0.04214855728092694
core,0.8058278567294219,0.49807192096861796,0.04176904571532775
