measure,Hyperarea,GD,HyperVolume
two-hop,0.30603933993454613,1.642863998674507,0.01599359298068426
page_rank,0.8806483957918996,0.2939417506082982,0.046022619197912715
degree_centrality,0.8658220924662607,0.3322416279623348,0.04524779769669935
katz_centrality,0.7946465090408742,0.514534229397917,0.04152816703839302
betweenness,0.8801396800232162,0.29255865368001216,0.045996033749947374
closeness,0.814783158108565,0.48176512282719924,0.042580506810307325
eigenvector_centrality,0.7732509880802275,0.5722057492234852,0.040410038715650375
core,0.7596945617110004,0.6131287904549638,0.03970158088905721
