measure,Hyperarea,GD,HyperVolume
page_rank,0.69303335012161,0.6243455415557712,0.15375269326263521
