measure,Hyperarea,GD,HyperVolume
two-hop,0.36485352878885124,1.5247299522873983,0.018996707065606192
page_rank,0.9369725408877883,0.17170630431183564,0.048785036962224186
degree_centrality,0.923051863571893,0.2083137819769533,0.04806023369664324
katz_centrality,0.8311209854375551,0.4408314533414264,0.04327369930844871
betweenness,0.9252270325460502,0.20296959185524513,0.048173487494564356
closeness,0.8506254383677742,0.3950150466466331,0.044289231157682116
eigenvector_centrality,0.8068764894131943,0.49891215833382735,0.04201136921544699
core,0.7990087021846062,0.5084471894090015,0.04160171976041184
