measure,Hyperarea,GD,HyperVolume
page_rank,0.9002412539319219,0.24690251632290663,0.20058150626323837
