measure,Hyperarea,GD,HyperVolume
two-hop,0.2646890775293603,1.6851862724537552,0.013793968915260418
page_rank,0.8149209958115224,0.3983396079714904,0.04246867679445637
degree_centrality,0.797450815376025,0.44433360276178224,0.04155823829763358
katz_centrality,0.7403175106391545,0.5877546010714245,0.03858080138590807
betweenness,0.823637008710939,0.3694411896834749,0.04292290185021533
closeness,0.7679932825229314,0.5204873857256699,0.04002309262298532
eigenvector_centrality,0.7270632493247637,0.6230451429717785,0.03789007069814418
core,0.6920422724842379,0.7345678881509851,0.03606499249533589
