measure,Hyperarea,GD,HyperVolume
two-hop,0.3637336880596685,1.5366528431354647,0.018996707065606192
page_rank,0.9340967018712518,0.17051025044414558,0.048785036962224186
degree_centrality,0.920218751129738,0.20659676306077876,0.04806023369664324
katz_centrality,0.828570035379703,0.437970759336273,0.04327369930844871
betweenness,0.9223872438828423,0.20174368093587938,0.048173487494564356
closeness,0.848014623517428,0.39123364562452917,0.044289231157682116
eigenvector_centrality,0.8043999527074529,0.49525778643775675,0.04201136921544699
core,0.7965563139874906,0.5047671860782598,0.04160171976041184
