measure,Hyperarea,GD,HyperVolume
two-hop,0.2996017034544382,1.650346869789914,0.015650654378655895
page_rank,0.8747820762633988,0.30541325000683234,0.04569704302206511
degree_centrality,0.8594358467213238,0.3468811421428131,0.04489538357951438
katz_centrality,0.792777781000111,0.519855335271018,0.04141328606096312
betweenness,0.8763635036132562,0.2983187742307184,0.0457796539438062
closeness,0.8121586407466448,0.4891542585435615,0.04242570733212699
eigenvector_centrality,0.766847729592075,0.5968497506726261,0.040058746791230074
core,0.7601138579356891,0.6118540973632782,0.039706981441737156
