measure,Hyperarea,GD,HyperVolume
page_rank,0.6898423958165054,0.6235783319706962,0.15375269326263521
