measure,Hyperarea,GD,HyperVolume
two-hop,0.2680787490510618,1.703813729740885,0.013957966867258623
page_rank,0.8180117111447803,0.40653937127794865,0.042591143093604907
degree_centrality,0.8010891053205029,0.44950029197410507,0.04171003941702086
katz_centrality,0.738376279567817,0.6034079555063477,0.038444791622831015
betweenness,0.8266504895251621,0.3776477212992165,0.043040935487943445
closeness,0.7706384908633876,0.540712674702709,0.04012457742428706
eigenvector_centrality,0.7274545672230733,0.640121913541594,0.03787613446674803
core,0.6991286069009572,0.750054238613069,0.03640129613264318
