measure,Hyperarea,GD,HyperVolume
page_rank,0.6874930828658007,0.6396301965276533,0.15252355903435313
