measure,Hyperarea,GD,HyperVolume
page_rank,0.836812332441387,0.36648206812006506,0.18594377463563805
