measure,Hyperarea,GD,HyperVolume
page_rank,0.8486649752529173,0.33794161322267713,0.1887472225729074
