measure,Hyperarea,GD,HyperVolume
page_rank,0.9050734311262882,0.24346374833282147,0.20128867006129975
