measure,Hyperarea,GD,HyperVolume
page_rank,0.8443297431004175,0.34217572315232636,0.1873185063614302
