measure,Hyperarea,GD,HyperVolume
page_rank,0.6904544344537226,0.6613260521644763,0.1540631408772742
