measure,Hyperarea,GD,HyperVolume
two-hop,0.30177692884110663,1.6182634139977767,0.01571251876166029
page_rank,0.8664575971974202,0.33904651746848846,0.045113558894079024
degree_centrality,0.8521537479882294,0.376840771614576,0.04436880514525382
katz_centrality,0.788664812246715,0.5334658065189318,0.04106314789097897
betweenness,0.8711030091595391,0.3242975666547217,0.04535543001024001
closeness,0.812502630139292,0.4923071325480802,0.04230430360925248
eigenvector_centrality,0.7654495392319255,0.5962841730543786,0.039854406009342265
core,0.757274487075017,0.6316514794517097,0.039428758293705894
