measure,Hyperarea,GD,HyperVolume
page_rank,0.6836865653013059,0.6383278158507377,0.15252355903435313
