measure,Hyperarea,GD,HyperVolume
two-hop,0.26913774213917707,1.7009383745179805,0.014013105107379822
page_rank,0.8179098732290373,0.4114931366668661,0.04258584073279188
degree_centrality,0.8008820618330725,0.4565264981252185,0.04169925935277532
katz_centrality,0.7442747963066565,0.5951364628564785,0.03875190772769992
betweenness,0.8299476267535854,0.37496950343737695,0.04321260643297002
closeness,0.7721936743782752,0.5389580422357297,0.04020555064596221
eigenvector_centrality,0.7254021156315112,0.6517407744849295,0.037769270153880694
core,0.7106446431666783,0.7089931950093094,0.037000897754211726
