measure,Hyperarea,GD,HyperVolume
page_rank,0.6975771295870841,0.6140646970350992,0.1547607520094264
