measure,Hyperarea,GD,HyperVolume
two-hop,0.3790485716055309,1.5476739899941576,0.01979655697232392
page_rank,0.9327210737234627,0.17963428604787396,0.04871319207731909
degree_centrality,0.9203705691236931,0.21870295190222455,0.04806816268989607
katz_centrality,0.8249421157806864,0.4630816789720347,0.0430842240738403
betweenness,0.9189563318000851,0.21058796082598444,0.04799430136486691
closeness,0.8461844814372722,0.4193366882323631,0.044193648388952005
eigenvector_centrality,0.8023544049994303,0.5254497939432905,0.041904536464251144
core,0.8054687218404815,0.5015639076963442,0.04206718778493175
