measure,Hyperarea,GD,HyperVolume
two-hop,0.3598516167685126,1.5482383894177552,0.018736274179747228
page_rank,0.9355119211518049,0.1784543531234353,0.04870898736130399
degree_centrality,0.9251156978405458,0.20918810965015497,0.048167690667564426
katz_centrality,0.8321905529653341,0.44558834749259024,0.04332938812439507
betweenness,0.9237267418230484,0.20734252334682796,0.04809537235758673
closeness,0.8494041916162822,0.4129109192846537,0.04422564491015444
eigenvector_centrality,0.8053966066852116,0.5180064796154897,0.04193431665474336
core,0.7963708172837582,0.5202982242342551,0.041464373886574354
