measure,Hyperarea,GD,HyperVolume
two-hop,0.3602865696464981,1.5304870646640196,0.018820722692140444
page_rank,0.9303181904061886,0.15538898647416258,0.04859814978467925
degree_centrality,0.9186298465642885,0.18948312939524228,0.047987571715131364
katz_centrality,0.8241594166845768,0.4367198482194737,0.04305260629269591
betweenness,0.9159086529646593,0.1966145652231887,0.04784542145352017
closeness,0.8420911661550138,0.39827477902783215,0.043989328648178554
eigenvector_centrality,0.798410218750265,0.5038615623560272,0.04170751448330037
core,0.7911531878063031,0.5150016327767334,0.041328420233135564
