measure,Hyperarea,GD,HyperVolume
page_rank,0.68023547930173,0.6626452595645804,0.15196766331411576
