measure,Hyperarea,GD,HyperVolume
page_rank,0.9034778122271333,0.2634700099886874,0.20159567745374465
