measure,Hyperarea,GD,HyperVolume
page_rank,0.893982576131231,0.24108073384759215,0.1988260776557393
