measure,Hyperarea,GD,HyperVolume
page_rank,0.6935808714260965,0.6463547579314097,0.1547607520094264
