measure,Hyperarea,GD,HyperVolume
page_rank,0.8413724272211133,0.36019775612465904,0.18712532438384602
