measure,Hyperarea,GD,HyperVolume
page_rank,0.9041217004997787,0.2367036136764935,0.2014461031856247
