measure,Hyperarea,GD,HyperVolume
page_rank,0.9019703328581127,0.24512782593243432,0.20078028517723628
