measure,Hyperarea,GD,HyperVolume
two-hop,0.3056078698243551,1.493317816636764,0.01599359298068426
page_rank,0.8794068120776845,0.28426078392441917,0.046022619197912715
degree_centrality,0.8646014116422787,0.32126336488961804,0.04524779769669935
katz_centrality,0.7935261752403501,0.49810875754224315,0.04152816703839302
betweenness,0.8788988135228365,0.28198413187274946,0.045996033749947374
closeness,0.8136344346173758,0.470189790262096,0.042580506810307325
eigenvector_centrality,0.772160818793156,0.5599287514417832,0.040410038715650375
core,0.7586235049758661,0.5883921669569778,0.03970158088905721
