measure,Hyperarea,GD,HyperVolume
page_rank,0.9003856620410302,0.24367374841696895,0.2006136816339127
