measure,Hyperarea,GD,HyperVolume
page_rank,0.6811947637852583,0.6627187120445178,0.15196766331411576
