measure,Hyperarea,GD,HyperVolume
page_rank,0.6839078912039008,0.6565441084425003,0.15196766331411576
