measure,Hyperarea,GD,HyperVolume
two-hop,0.30193970339468795,1.6320720473042791,0.015650654378655895
page_rank,0.8816086076831254,0.2952953132558886,0.04569704302206511
degree_centrality,0.8661426208655117,0.33489499626539093,0.04489538357951438
katz_centrality,0.7989643760135517,0.5076586803397334,0.04141328606096312
betweenness,0.8832023760077065,0.2885541234579239,0.0457796539438062
closeness,0.8184964780541276,0.4772352002933861,0.04242570733212699
eigenvector_centrality,0.7728319744254478,0.5850358344965058,0.040058746791230074
core,0.7660455536969146,0.5993269787493716,0.039706981441737156
