measure,Hyperarea,GD,HyperVolume
page_rank,0.6882256048068465,0.6155898672104813,0.15375269326263521
