measure,Hyperarea,GD,HyperVolume
two-hop,0.29874422703634107,1.4980164465159072,0.01563439310412546
page_rank,0.8743276976519115,0.30567589139658125,0.04575681030734055
degree_centrality,0.8608317286583046,0.3429175180902473,0.04505051620867175
katz_centrality,0.787513418305054,0.5180361537398833,0.04121349717347697
betweenness,0.8742475543632162,0.2989144976946346,0.04575261611188262
closeness,0.8106326127915604,0.48002542792827696,0.042423410343811814
eigenvector_centrality,0.7679186522568497,0.5745791505974269,0.04018803041142393
core,0.7588189044991397,0.5881798409234652,0.039711806870625206
