measure,Hyperarea,GD,HyperVolume
page_rank,0.6876834735980679,0.6256810878859594,0.15341522885718695
