measure,Hyperarea,GD,HyperVolume
page_rank,0.8940006421944154,0.24519947268618336,0.1988260776557393
