measure,Hyperarea,GD,HyperVolume
two-hop,0.3580154157626088,1.4256977363082726,0.018736274179747228
page_rank,0.9307383204491604,0.17421385071328974,0.04870898736130399
degree_centrality,0.9203951455467791,0.20481226227722202,0.048167690667564426
katz_centrality,0.8279441662346566,0.43492470366546215,0.04332938812439507
betweenness,0.9190132769017365,0.20328359464323825,0.04809537235758673
closeness,0.8450699695136537,0.4071489261242248,0.04422564491015444
eigenvector_centrality,0.8012869403937907,0.5136521209884781,0.04193431665474336
core,0.792307206540807,0.513920693230442,0.041464373886574354
