measure,Hyperarea,GD,HyperVolume
page_rank,0.9041121186774863,0.2365106546714897,0.20058150626323837
