measure,Hyperarea,GD,HyperVolume
page_rank,0.6847178067701921,0.6131658930766891,0.15228457405770876
