measure,Hyperarea,GD,HyperVolume
two-hop,0.306019013387433,1.6400567110339481,0.01598244469693782
page_rank,0.8740362679691134,0.299812723096275,0.04564826270532621
degree_centrality,0.8601536169801087,0.33971679978641595,0.04492321396007799
katz_centrality,0.7906840262115882,0.5191997782215447,0.04129502798468207
betweenness,0.8762838591728498,0.29327710080675684,0.04576564757536225
closeness,0.8140478821463705,0.47386576268595565,0.04251525130104224
eigenvector_centrality,0.7694283655692421,0.5775463845652972,0.0401849093127972
core,0.7580768650004587,0.6159833709662923,0.0395920548752262
