measure,Hyperarea,GD,HyperVolume
page_rank,0.8426568272392749,0.3478825730908195,0.18694736214563262
