measure,Hyperarea,GD,HyperVolume
two-hop,0.2710339298242843,1.6654110160865576,0.014155279916957735
page_rank,0.8064244164481588,0.42249497057248053,0.04211710081499249
degree_centrality,0.7854541279749008,0.471697705152993,0.0410218862657633
katz_centrality,0.7391294959008737,0.581807809885544,0.03860249126793754
betweenness,0.8183290018538313,0.38699713670985586,0.04273884119569639
closeness,0.7644479833279266,0.5234750566128832,0.039924799057358074
eigenvector_centrality,0.7143898775255169,0.6354293861461818,0.0373104160529675
core,0.6982116928083689,0.7121835862433964,0.03646547854507708
