measure,Hyperarea,GD,HyperVolume
two-hop,0.30660828105608623,1.74740666078299,0.01598244469693782
page_rank,0.8757193049420235,0.3101959948330742,0.04564826270532621
degree_centrality,0.8618099216356624,0.3492194046213396,0.04492321396007799
katz_centrality,0.7922065608005655,0.5331150021296537,0.04129502798468207
betweenness,0.8779712240887007,0.302082030577964,0.04576564757536225
closeness,0.8156154059821433,0.4843951367621578,0.04251525130104224
eigenvector_centrality,0.7709099704347563,0.5908535297647641,0.0401849093127972
core,0.7595366115108274,0.6414401779327491,0.0395920548752262
