measure,Hyperarea,GD,HyperVolume
two-hop,0.28901750802912296,1.6421815513570712,0.014980849079100566
page_rank,0.8738300819025207,0.31511321140626053,0.04529385318913156
degree_centrality,0.8599405435176892,0.3537053894868605,0.044573906914110166
katz_centrality,0.7947310832412402,0.5135134613848239,0.04119385880009539
betweenness,0.877664678884335,0.3037277954825411,0.04549261456886758
closeness,0.8148093031200806,0.4786432778979389,0.04223458738374782
eigenvector_centrality,0.7711276564789981,0.5809804279076274,0.03997040567268443
core,0.7644860868767936,0.6150715951134681,0.03962614849415758
