measure,Hyperarea,GD,HyperVolume
two-hop,0.3787538319012478,1.3600228088017474,0.01982159239153306
page_rank,0.9256423866542716,0.1826098994748132,0.048442298250782036
degree_centrality,0.9121454795285229,0.22002559091585006,0.047735955056179794
katz_centrality,0.8212893918670963,0.4407717158518011,0.04298111910673455
betweenness,0.9129678193603505,0.2149939025795922,0.047778991148704555
closeness,0.8385279720314397,0.4052289551141993,0.043883277925065585
eigenvector_centrality,0.796574099559997,0.5033931140324243,0.04168767621933257
core,0.7979070513147826,0.4905549326328893,0.04175743452706588
