measure,Hyperarea,GD,HyperVolume
two-hop,0.3627291730650372,1.543378520890452,0.018956199413654277
page_rank,0.9268155093446673,0.18207529503284273,0.048435309093969606
degree_centrality,0.9099532021755238,0.22946200310996426,0.047554086184404334
katz_centrality,0.8208559400152103,0.4563566181639973,0.042897869937858574
betweenness,0.9126359548092368,0.21705554872610644,0.04769428663608692
closeness,0.8387007846180778,0.41468350435231255,0.04383044018011195
eigenvector_centrality,0.7944629123724771,0.5206497016873746,0.04151857229025515
core,0.7957331248491163,0.5086743464143072,0.041584953499137316
