measure,Hyperarea,GD,HyperVolume
two-hop,0.36687941948994607,1.4338526084845546,0.019266391028068847
page_rank,0.9239860751182969,0.17481385062604388,0.048522419307326516
degree_centrality,0.9111556759110553,0.206482172670294,0.04784864074401379
katz_centrality,0.8154603786197835,0.4343727901227642,0.04282327568068005
betweenness,0.9108315302312522,0.20637083420584215,0.047831618482514826
closeness,0.8344323167392912,0.39234865248747103,0.04381957244455665
eigenvector_centrality,0.7922837621765985,0.49085375584252605,0.0416061734629466
core,0.7882232598979757,0.49268396030183464,0.04139293930339884
