measure,Hyperarea,GD,HyperVolume
page_rank,0.6849874079072731,0.6633102356449788,0.15196766331411576
