measure,Hyperarea,GD,HyperVolume
page_rank,0.8323188624740623,0.38593617646590334,0.18594377463563805
