measure,Hyperarea,GD,HyperVolume
page_rank,0.6845496506494764,0.6441630586610096,0.15252355903435313
