measure,Hyperarea,GD,HyperVolume
two-hop,0.26843428821401516,1.7048640888270612,0.013989146291854283
page_rank,0.816928185410162,0.4111211316893848,0.04257327918753244
degree_centrality,0.799993246562018,0.46060246762024215,0.041690734194616275
katz_centrality,0.7386386393337885,0.6034463499783376,0.03849330892564071
betweenness,0.8242874544216955,0.3803469201013211,0.042956799085412896
closeness,0.7708893338423848,0.5419788309033698,0.040174017029275214
eigenvector_centrality,0.7261012410606443,0.6495290345962645,0.03783993673638289
core,0.699488415633221,0.731891331228705,0.036453039739651284
