measure,Hyperarea,GD,HyperVolume
two-hop,0.306017642652065,1.490329526106044,0.016109364698621106
page_rank,0.8637008586514177,0.33556350965307913,0.04546689531344247
degree_centrality,0.8484931138466032,0.3749701134456732,0.04466633000883727
katz_centrality,0.7832792642533485,0.5364532094125046,0.04123334595800194
betweenness,0.8649796399576442,0.3290547371368206,0.04553421285191264
closeness,0.8049849714551173,0.4974965340268783,0.042375976658390484
eigenvector_centrality,0.7611227593281349,0.597704718125569,0.04006698438749315
core,0.7575179763502999,0.5990397999861597,0.0398772215909888
