measure,Hyperarea,GD,HyperVolume
page_rank,0.842417548497139,0.35051173232366367,0.18752372385641544
