measure,Hyperarea,GD,HyperVolume
page_rank,0.9058697545431972,0.2356113605408872,0.20128867006129975
