measure,Hyperarea,GD,HyperVolume
page_rank,0.9003026529546608,0.23349684529323836,0.20059518649441005
