measure,Hyperarea,GD,HyperVolume
page_rank,0.6817375409924197,0.6220878571300833,0.1520887514202752
