measure,Hyperarea,GD,HyperVolume
two-hop,0.3084491756329931,1.6205750276062425,0.016109364698621106
page_rank,0.8705635908300804,0.3208307570948878,0.04546689531344247
degree_centrality,0.8552350094201018,0.36097341510663195,0.04466633000883727
katz_centrality,0.7895029883099206,0.5295331585895693,0.04123334595800194
betweenness,0.8718525329848598,0.31412192654482163,0.04553421285191264
closeness,0.8113811631592344,0.4842171828885429,0.042375976658390484
eigenvector_centrality,0.7671704338210255,0.5905586225329527,0.04006698438749315
core,0.7635370082178053,0.6074297091421723,0.0398772215909888
