measure,Hyperarea,GD,HyperVolume
two-hop,0.3828872739853036,1.6383760532292668,0.019958608621245915
page_rank,0.9332596637625633,0.18725182604594154,0.04864764549930564
degree_centrality,0.9213706366804384,0.22104228822944208,0.04802791103816857
katz_centrality,0.8299579774516646,0.4500602255799924,0.043262880668826886
betweenness,0.9211449267429636,0.21587999522432735,0.04801614554840158
closeness,0.8459349445161243,0.41610303086083744,0.04409570550856373
eigenvector_centrality,0.8006978291964973,0.5232045954282841,0.04173764886588394
core,0.7992349866091776,0.5319969933389306,0.041661395867525146
