measure,Hyperarea,GD,HyperVolume
two-hop,0.3459521146306027,1.55161868812318,0.018068029429505254
page_rank,0.9389223788237252,0.15647938429366515,0.04903706742975775
degree_centrality,0.9278031376273829,0.18717881493075073,0.04845634319460226
katz_centrality,0.832767624974612,0.4305225350272082,0.04349292667873024
betweenness,0.9245343840830604,0.19292266851232054,0.048285626113425635
closeness,0.8498957297096629,0.39249096191597943,0.0443874756273759
eigenvector_centrality,0.8070267195909164,0.4944401230330224,0.04214855728092694
core,0.7997601369700466,0.5058064914712129,0.04176904571532775
