measure,Hyperarea,GD,HyperVolume
page_rank,0.8316802090384163,0.37008232178610356,0.18480339182763122
