measure,Hyperarea,GD,HyperVolume
page_rank,0.9028074752723269,0.25914943428112663,0.2014461031856247
