measure,Hyperarea,GD,HyperVolume
page_rank,0.9031221207202754,0.24851783705359787,0.20128867006129975
