measure,Hyperarea,GD,HyperVolume
two-hop,0.37928857257294457,1.5005927028200612,0.01982159239153306
page_rank,0.9269492477072828,0.19250799729287532,0.048442298250782036
degree_centrality,0.9134332850774722,0.2291065047002876,0.047735955056179794
katz_centrality,0.8224489229505441,0.4533180043937623,0.04298111910673455
betweenness,0.914256785923439,0.22500758100941098,0.047778991148704555
closeness,0.8397118412711244,0.41549448059559835,0.043883277925065585
eigenvector_centrality,0.7976987365489266,0.511398816510302,0.04168767621933257
core,0.7990335702213501,0.5079130702486365,0.04175743452706588
