measure,Hyperarea,GD,HyperVolume
page_rank,0.9070484225226294,0.22522336587975209,0.20155057582516245
