measure,Hyperarea,GD,HyperVolume
page_rank,0.9057630085591749,0.2404185017832526,0.2014461031856247
