measure,Hyperarea,GD,HyperVolume
page_rank,0.8422410322050221,0.3559001563833375,0.1873185063614302
