measure,Hyperarea,GD,HyperVolume
two-hop,0.3794462967492131,1.4887362266196604,0.01982159239153306
page_rank,0.9273347122772949,0.18376673103812688,0.048442298250782036
degree_centrality,0.9138131291404973,0.22102736548531648,0.047735955056179794
katz_centrality,0.8227909318806189,0.44759270855854544,0.04298111910673455
betweenness,0.914636972432828,0.21630291071582775,0.047778991148704555
closeness,0.8400610288503045,0.40879337240847496,0.043883277925065585
eigenvector_centrality,0.7980304533082245,0.5075481676820349,0.04168767621933257
core,0.799365842060755,0.5022036753964857,0.04175743452706588
