measure,Hyperarea,GD,HyperVolume
two-hop,0.26796233800353386,1.6367590576034476,0.013889481546942726
page_rank,0.8167260603643692,0.3881962324044524,0.04233394001879673
degree_centrality,0.7981880253948582,0.43552291413735283,0.04137304492979282
katz_centrality,0.7417492636069127,0.5621172985076207,0.03844761463900461
betweenness,0.8261490963400578,0.35936851949574566,0.042822370912763544
closeness,0.7727056609958093,0.4917269260885175,0.04005219949781874
eigenvector_centrality,0.723915458144154,0.6073835547013277,0.03752322237652373
core,0.7016388974676477,0.6935953903420868,0.036368545638177
