measure,Hyperarea,GD,HyperVolume
two-hop,0.37606049714775,1.4222645438512571,0.01979655697232392
page_rank,0.925368348438621,0.1942374597444293,0.04871319207731909
degree_centrality,0.9131152039929313,0.23374855753076937,0.04806816268989607
katz_centrality,0.8184390218503462,0.4703146199647884,0.0430842240738403
betweenness,0.9117121152311184,0.22544491923469923,0.04799430136486691
closeness,0.8395139320012367,0.43368272827105125,0.044193648388952005
eigenvector_centrality,0.7960293720530937,0.538237603542763,0.041904536464251144
core,0.7991191384504727,0.5125229879132971,0.04206718778493175
