measure,Hyperarea,GD,HyperVolume
page_rank,0.9023796858312764,0.2525343398671849,0.20159567745374465
