measure,Hyperarea,GD,HyperVolume
page_rank,0.8404421702610998,0.3612877626640666,0.1873185063614302
