measure,Hyperarea,GD,HyperVolume
two-hop,0.2699820808374287,1.6762988261024128,0.014057067008935458
page_rank,0.8184418955150525,0.4074139669077659,0.04261354135981708
degree_centrality,0.8000130718933115,0.45533400298284965,0.0416540139432451
katz_centrality,0.7426286860812837,0.6000659979899235,0.03866620025529885
betweenness,0.8287981110736986,0.37676712943092044,0.04315275498323725
closeness,0.7714475365273474,0.5381418376490763,0.04016670173519057
eigenvector_centrality,0.7275637466287742,0.6363403210490252,0.037881819074471516
core,0.7017833974346436,0.7287035063157319,0.03653952222643045
