measure,Hyperarea,GD,HyperVolume
two-hop,0.30380779490255116,1.6085618678691183,0.015876972604469134
page_rank,0.8627100752536974,0.32240544121808334,0.04508516391028069
degree_centrality,0.8503046174723148,0.358304726994986,0.04443685561587341
katz_centrality,0.783428725760207,0.519926462098972,0.04094192652442875
betweenness,0.8660673577524416,0.31236304197810116,0.04526061524218323
closeness,0.8045561660592138,0.48038585507647846,0.04204604497187504
eigenvector_centrality,0.7587555076987396,0.58341102644855,0.03965250599671759
core,0.7520189325743379,0.5982060332818775,0.03930045308532873
