measure,Hyperarea,GD,HyperVolume
page_rank,0.693704296338217,0.6313183483853978,0.15441987543660313
