measure,Hyperarea,GD,HyperVolume
page_rank,0.6931835884116837,0.6265746174344267,0.15486032908302824
