measure,Hyperarea,GD,HyperVolume
page_rank,0.6980259687680388,0.6365903401733994,0.15486032908302824
