measure,Hyperarea,GD,HyperVolume
two-hop,0.36365698913949696,1.6369771764580356,0.018956199413654277
page_rank,0.9291861880534196,0.18065836493055318,0.048435309093969606
degree_centrality,0.912280749201451,0.2289439388860196,0.047554086184404334
katz_centrality,0.8229555873347969,0.4583870123861385,0.042897869937858574
betweenness,0.9149703639824689,0.2158277140061096,0.04769428663608692
closeness,0.8408460768289449,0.4136869749437029,0.04383044018011195
eigenvector_centrality,0.7964950496125913,0.5206378621605827,0.04151857229025515
core,0.7977685111346378,0.5122749479314422,0.041584953499137316
