measure,Hyperarea,GD,HyperVolume
page_rank,0.8379911977316195,0.35171609596435377,0.18694736214563262
