measure,Hyperarea,GD,HyperVolume
two-hop,0.2695814241526755,1.604020197731809,0.01415686150738543
page_rank,0.8095919661661893,0.39289935535898635,0.042515100506389486
degree_centrality,0.7909857770965955,0.4386312900075028,0.04153801077305055
katz_centrality,0.7365251625863709,0.5744149265212732,0.0386780534163756
betweenness,0.8195055884878841,0.37259350125071056,0.04303570677103061
closeness,0.762820028415302,0.5223895665868632,0.040058908106439986
eigenvector_centrality,0.7203997497547268,0.6150988020466293,0.03783123974245675
core,0.698992178058898,0.6932893185181399,0.03670703755137539
