measure,Hyperarea,GD,HyperVolume
two-hop,0.306761881889114,1.5422799449421025,0.016109364698621106
page_rank,0.8658013913609391,0.3216750469485646,0.04546689531344247
degree_centrality,0.8505566611055714,0.36121437044598825,0.04466633000883727
katz_centrality,0.7851842105073363,0.5252209410565487,0.04123334595800194
betweenness,0.8670832826813971,0.31570471517506254,0.04553421285191264
closeness,0.8069427062961535,0.482013290877482,0.042375976658390484
eigenvector_centrality,0.7629738206486323,0.5856855721707614,0.04006698438749315
core,0.7593602707875879,0.5932057223731021,0.0398772215909888
