measure,Hyperarea,GD,HyperVolume
page_rank,0.9011388093825234,0.22825930877892608,0.20059518649441005
