measure,Hyperarea,GD,HyperVolume
two-hop,0.37697508159803195,1.4721637403466477,0.01979655697232392
page_rank,0.9276188573558939,0.1839272156678188,0.04871319207731909
degree_centrality,0.9153359130895314,0.22265236496632168,0.04806816268989607
katz_centrality,0.8204294771323171,0.45915729190144705,0.0430842240738403
betweenness,0.9139294119959963,0.2145050244307597,0.04799430136486691
closeness,0.8415556417629023,0.41929532604434994,0.044193648388952005
eigenvector_centrality,0.7979653267496633,0.5242645154985541,0.041904536464251144
core,0.8010626075026406,0.49745117493109303,0.04206718778493175
