measure,Hyperarea,GD,HyperVolume
page_rank,0.8995147956218381,0.24339195324970575,0.2000524274432241
