measure,Hyperarea,GD,HyperVolume
two-hop,0.2690955355319744,1.691338727898305,0.014057067008935458
page_rank,0.8157543622609736,0.4063620199276927,0.04261354135981708
degree_centrality,0.7973860537186639,0.4556222921779048,0.0416540139432451
katz_centrality,0.7401901021082329,0.6017628920454082,0.03866620025529885
betweenness,0.8260765709171716,0.3757523311427771,0.04315275498323725
closeness,0.7689143195457195,0.5384918964401353,0.04016670173519057
eigenvector_centrality,0.7251746316845831,0.6377326270012333,0.037881819074471516
core,0.6994789379145463,0.7309581882494808,0.03653952222643045
