measure,Hyperarea,GD,HyperVolume
page_rank,0.6807774921492977,0.6174254034499509,0.1520887514202752
