measure,Hyperarea,GD,HyperVolume
page_rank,0.8398477995506276,0.3564804995247178,0.18712532438384602
