measure,Hyperarea,GD,HyperVolume
page_rank,0.8430949257606454,0.3598980105174233,0.18750841644573496
