measure,Hyperarea,GD,HyperVolume
page_rank,0.9056333401220129,0.23704777361522805,0.20159567745374465
