measure,Hyperarea,GD,HyperVolume
page_rank,0.692737862940147,0.6161973940958331,0.1547607520094264
