measure,Hyperarea,GD,HyperVolume
two-hop,0.271064212847404,1.6946111905469965,0.01415686150738543
page_rank,0.8140449948514832,0.40127228033553775,0.042515100506389486
degree_centrality,0.7953364654708271,0.44774431597445985,0.04153801077305055
katz_centrality,0.7405762992249534,0.5832191003381713,0.0386780534163756
betweenness,0.8240131454373143,0.3677837991091732,0.04303570677103061
closeness,0.7670157956785764,0.5258139485848687,0.040058908106439986
eigenvector_centrality,0.7243621911876965,0.6281811472359635,0.03783123974245675
core,0.7028368706321607,0.713109318056832,0.03670703755137539
