measure,Hyperarea,GD,HyperVolume
two-hop,0.2718568892162613,1.7913678087894678,0.014170973081401056
page_rank,0.816107460373408,0.4348868360188416,0.04254090041941955
degree_centrality,0.7987878051026509,0.47814917433015525,0.041638085819691674
katz_centrality,0.7362554555874692,0.6246171603240162,0.03837848756470143
betweenness,0.8236714006685482,0.40010305237828614,0.0429351828472836
closeness,0.7690008882005597,0.5492572374227684,0.0400853953625384
eigenvector_centrality,0.7245757231746396,0.6600918350419817,0.03776966292134832
core,0.6924082560080015,0.7658687767958164,0.03609288249239013
