measure,Hyperarea,GD,HyperVolume
two-hop,0.36889737995312755,1.5191115199016463,0.019266391028068847
page_rank,0.9290683099591369,0.17058326438067703,0.048522419307326516
degree_centrality,0.9161673392317946,0.20313325898383178,0.04784864074401379
katz_centrality,0.819945685551509,0.43595817769967926,0.04282327568068005
betweenness,0.9158414106414998,0.20418935448487727,0.047831618482514826
closeness,0.8390219757251284,0.39342702155462,0.04381957244455665
eigenvector_centrality,0.7966415899062536,0.4931911841386758,0.0416061734629466
core,0.7925587534965141,0.49399490304658267,0.04139293930339884
