measure,Hyperarea,GD,HyperVolume
page_rank,0.8438652913616923,0.34196437809810265,0.18751097644797932
