measure,Hyperarea,GD,HyperVolume
two-hop,0.26684394911102477,1.6285567995605834,0.014013105107379822
page_rank,0.8109390338738512,0.40380083973119235,0.04258584073279188
degree_centrality,0.7940563462154727,0.4495927322740928,0.04169925935277532
katz_centrality,0.7379315301217346,0.5861921455185214,0.03875190772769992
betweenness,0.8228741926642318,0.3789808074196536,0.04321260643297002
closeness,0.7656124626441134,0.5355430834440222,0.04020555064596221
eigenvector_centrality,0.7192196965392754,0.6386300066321615,0.037769270153880694
core,0.7045879982865019,0.6929766236085899,0.037000897754211726
