measure,Hyperarea,GD,HyperVolume
page_rank,0.691235281506594,0.6274870665683446,0.1540631408772742
