measure,Hyperarea,GD,HyperVolume
page_rank,0.8431807916293438,0.3533859809122795,0.18752372385641544
