measure,Hyperarea,GD,HyperVolume
page_rank,0.6943187718449334,0.6175076573129316,0.15441987543660313
