measure,Hyperarea,GD,HyperVolume
two-hop,0.34573393278182385,1.5656806403372747,0.018068029429505254
page_rank,0.938330228026525,0.16475847843529395,0.04903706742975775
degree_centrality,0.9272179994093768,0.195881704357335,0.04845634319460226
katz_centrality,0.832242422866181,0.44039003072947897,0.04349292667873024
betweenness,0.9239513073720126,0.20214701047968495,0.048285626113425635
closeness,0.8493597254080985,0.4023531856127335,0.0443874756273759
eigenvector_centrality,0.8065177515162963,0.5032717703100094,0.04214855728092694
core,0.7992557517158905,0.5153939689425182,0.04176904571532775
