measure,Hyperarea,GD,HyperVolume
page_rank,0.9062510629734198,0.2372619699135451,0.20155057582516245
