measure,Hyperarea,GD,HyperVolume
page_rank,0.8423487826305377,0.35519626763010054,0.18750841644573496
