measure,Hyperarea,GD,HyperVolume
page_rank,0.9084801561456425,0.22280794200855464,0.20155057582516245
