measure,Hyperarea,GD,HyperVolume
page_rank,0.9080092504214012,0.22327215901897837,0.2014461031856247
