measure,Hyperarea,GD,HyperVolume
page_rank,0.9017101636332843,0.24940718471568415,0.2014461031856247
