measure,Hyperarea,GD,HyperVolume
page_rank,0.9045905900887103,0.23670505147750248,0.20155057582516245
