measure,Hyperarea,GD,HyperVolume
two-hop,0.2659446361339664,1.6589955252184794,0.013889481546942726
page_rank,0.8105762793496212,0.40152734721423794,0.04233394001879673
degree_centrality,0.7921778320105763,0.44590444437964377,0.04137304492979282
katz_centrality,0.7361640426124975,0.5714039707679371,0.03844761463900461
betweenness,0.8199283617821856,0.3706703927421533,0.042822370912763544
closeness,0.7668873446292905,0.5021306153622999,0.04005219949781874
eigenvector_centrality,0.7184645220753436,0.6165651620136519,0.03752322237652373
core,0.6963556993670137,0.7033597645719669,0.036368545638177
