measure,Hyperarea,GD,HyperVolume
page_rank,0.9064538577244501,0.2453665037846631,0.20159567745374465
