measure,Hyperarea,GD,HyperVolume
page_rank,0.6927147846612397,0.6178116900190797,0.1540631408772742
