measure,Hyperarea,GD,HyperVolume
page_rank,0.6941611326310508,0.6325465867941281,0.15486032908302824
