measure,Hyperarea,GD,HyperVolume
page_rank,0.9072996276937871,0.23147094790240164,0.20128867006129975
