measure,Hyperarea,GD,HyperVolume
page_rank,0.9776683648408319,0.05976906338353002,0.0558814958701429
