measure,Hyperarea,GD,HyperVolume
two-hop,0.4558913469424032,1.0750771751215682,0.02596887265528408
page_rank,0.9792090746801152,0.06849155508227804,0.055778544457609845
degree_centrality,0.9702483247315363,0.07077855044095349,0.05526811455831218
katz_centrality,0.8279796974357362,0.3805811168382098,0.047164087381956335
betweenness,0.9304934332984621,0.14577724457905714,0.05300356244523911
closeness,0.8628666268799785,0.3008625916901855,0.04915134648250221
eigenvector_centrality,0.8030004282298135,0.43151227407732884,0.045741196894165136
core,0.7970133936565802,0.4449137135557618,0.045400158312367433
