measure,Hyperarea,GD,HyperVolume
page_rank,0.9807627088923767,0.06268000397016517,0.056034586092219896
