measure,Hyperarea,GD,HyperVolume
page_rank,0.9858804355313647,0.07952416335756195,0.056172971925690166
