measure,Hyperarea,GD,HyperVolume
two-hop,0.36947600003996073,1.2229149141709295,0.021054840895880667
page_rank,0.9762014764477406,0.060330396112571245,0.05562950439733022
degree_centrality,0.9684506499970883,0.07153519648601613,0.055187818285884774
katz_centrality,0.8172358196963103,0.3885696168517643,0.04657073844108801
betweenness,0.9300447100813102,0.15403086739075414,0.05299922970558185
closeness,0.8692731972357904,0.28155366318148095,0.049536123756004614
eigenvector_centrality,0.8171110390975945,0.3941657233817123,0.04656362773389033
core,0.7727802260831559,0.4705716430861157,0.04403740623451529
