measure,Hyperarea,GD,HyperVolume
page_rank,0.9830940133347787,0.0872027915369206,0.056014208641441014
