measure,Hyperarea,GD,HyperVolume
two-hop,0.4553933930436705,1.1168916170850451,0.02595090191117343
page_rank,0.9792153779593975,0.05543623179356204,0.05580125362271138
degree_centrality,0.9701787241068879,0.06961499212797441,0.05528629376313955
katz_centrality,0.8242967547364314,0.38153947120662923,0.04697311062177043
betweenness,0.9315861520398125,0.15259253257015654,0.05308706982289121
closeness,0.8625952934913327,0.3002989862733142,0.049155578873949064
eigenvector_centrality,0.802523504212431,0.4259189766205209,0.04573234714722974
core,0.7952852935090017,0.4330465974435625,0.04531987279242704
