measure,Hyperarea,GD,HyperVolume
page_rank,0.9828673544745138,0.07895087639916151,0.056014208641441014
