measure,Hyperarea,GD,HyperVolume
page_rank,0.9947599118216476,0.055639772907898746,0.2322938541280924
