measure,Hyperarea,GD,HyperVolume
page_rank,1.0004226935990497,0.06826520417757508,0.2328784625347862
