measure,Hyperarea,GD,HyperVolume
page_rank,0.9572626973689075,0.1095234562633906,0.22447673506322416
