measure,Hyperarea,GD,HyperVolume
two-hop,0.4544041493807406,0.9537789407724915,0.02595090191117343
page_rank,0.9770882443160753,0.05069814848999289,0.05580125362271138
degree_centrality,0.9680712206397919,0.06431711845933742,0.05528629376313955
katz_centrality,0.8225061482993317,0.3707084059043875,0.04697311062177043
betweenness,0.9295624825894957,0.142593450316522,0.05308706982289121
closeness,0.8607214917612368,0.2920883292837453,0.049155578873949064
eigenvector_centrality,0.8007801954534076,0.4102885291974936,0.04573234714722974
core,0.7935577081973947,0.4260252721379172,0.04531987279242704
