measure,Hyperarea,GD,HyperVolume
page_rank,0.9867843153301729,0.05298753197585898,0.056172971925690166
