measure,Hyperarea,GD,HyperVolume
two-hop,0.46284593777881433,0.9383613022742335,0.02643301023472603
page_rank,0.9811739305358778,0.049301033253204896,0.056034586092219896
degree_centrality,0.9719387143037458,0.062465191143874846,0.055507165312952925
katz_centrality,0.8276969198732541,0.36379508121472365,0.04726955422630561
betweenness,0.9315762685475635,0.14068144131443625,0.05320207661131762
closeness,0.8654292641811313,0.2870875295579318,0.04942443852334994
eigenvector_centrality,0.8069996858735585,0.40249615822774154,0.04608754061553494
core,0.8001622073571039,0.41977207320144655,0.04569705400897098
