measure,Hyperarea,GD,HyperVolume
page_rank,0.9799794599959029,0.05943001961606065,0.05608235920458107
