measure,Hyperarea,GD,HyperVolume
page_rank,0.9984363127752127,0.06329472982742836,0.2331523581114907
