measure,Hyperarea,GD,HyperVolume
page_rank,0.9811739305358778,0.049301033253204896,0.056034586092219896
