measure,Hyperarea,GD,HyperVolume
page_rank,0.9426561895911464,0.11607776790768314,0.22105152985504103
