measure,Hyperarea,GD,HyperVolume
two-hop,0.3011740322932275,1.2295594378727897,0.017235616614078318
page_rank,0.9626774661921044,0.08397741945540968,0.055092199031770796
degree_centrality,0.9533466747381266,0.09515975442149141,0.054558215597069824
katz_centrality,0.8081769998163901,0.4235217828086715,0.046250431416973714
betweenness,0.9176450061661205,0.15742848766583534,0.05251507705917994
closeness,0.8607806928909657,0.29825769326321183,0.04926084064586533
eigenvector_centrality,0.8028128411259079,0.43600452464975,0.04594345082524656
core,0.7324730043591929,0.566919350815746,0.041918035851794974
