measure,Hyperarea,GD,HyperVolume
page_rank,0.9380271547420701,0.12876144266609688,0.21845161195978183
