measure,Hyperarea,GD,HyperVolume
page_rank,0.9673869625265842,0.07771342959181461,0.22590179126444218
