measure,Hyperarea,GD,HyperVolume
page_rank,0.948355211130966,0.12274011753774057,0.22075819043099892
