measure,Hyperarea,GD,HyperVolume
page_rank,0.9704516083013267,0.07883851003727312,0.22590179126444218
