measure,Hyperarea,GD,HyperVolume
page_rank,0.9393284586968884,0.11892244592185311,0.21986053232880196
