measure,Hyperarea,GD,HyperVolume
page_rank,0.9496153680967273,0.11597760408842887,0.22105152985504103
