measure,Hyperarea,GD,HyperVolume
two-hop,0.3628421469627542,1.0556758268254287,0.02072181994355067
page_rank,0.9831505272802928,0.05806758913839218,0.056147469014398675
degree_centrality,0.9740886841103583,0.05765712008914941,0.05562994952528774
katz_centrality,0.8198814449462809,0.3767488372886066,0.04682321450098506
betweenness,0.9349871543292102,0.12855453468832434,0.0533968714046098
closeness,0.875788834451967,0.26011215448172204,0.05001607086717149
eigenvector_centrality,0.8191460817193487,0.38062537549876846,0.046781218099769956
core,0.7828634667481749,0.4464570745974329,0.044709127465296296
