measure,Hyperarea,GD,HyperVolume
two-hop,0.37001483510623023,1.3260948227947391,0.021087370619965188
page_rank,0.9781892180521633,0.08308002354609169,0.055747598799917926
degree_centrality,0.9696201545483213,0.0893533412581053,0.055259242656252344
katz_centrality,0.8185443873246179,0.4263242755815426,0.04664934274716575
betweenness,0.9318635132277077,0.17015415968836445,0.05310746869112393
closeness,0.8720193056401123,0.30201128152124695,0.04969691088336616
eigenvector_centrality,0.8206521027305109,0.4198521760786103,0.046769462730767805
core,0.7799299293150348,0.49203976307380154,0.044448681286920824
