measure,Hyperarea,GD,HyperVolume
page_rank,0.9780831998359153,0.06919615288605079,0.0558814958701429
