measure,Hyperarea,GD,HyperVolume
page_rank,0.9366518561019551,0.12497658533256925,0.21845161195978183
