measure,Hyperarea,GD,HyperVolume
page_rank,0.9440770325761298,0.10743471894268676,0.21986053232880196
