measure,Hyperarea,GD,HyperVolume
page_rank,0.9841482941705307,0.07112913793164595,0.05608235920458107
