measure,Hyperarea,GD,HyperVolume
page_rank,0.993177215810726,0.04879205197650249,0.2322938541280924
