measure,Hyperarea,GD,HyperVolume
two-hop,0.30018756625503396,1.5098222733890556,0.017103927742106836
page_rank,0.9605783077231457,0.1111719316871119,0.05473132072356922
degree_centrality,0.9509753597883261,0.12747200498759953,0.054184169055572336
katz_centrality,0.8062222244890108,0.46526903106055545,0.045936501780441195
betweenness,0.9156863075234949,0.21248722142301457,0.052173488175098044
closeness,0.858590862224967,0.3502336932067157,0.04892033421215286
eigenvector_centrality,0.8002952334463279,0.4805380724952469,0.045598796832208806
core,0.7324387126857037,0.6041490303542887,0.04173250402601559
