measure,Hyperarea,GD,HyperVolume
page_rank,0.9813650815681044,0.05811586221128229,0.05619360444796681
