measure,Hyperarea,GD,HyperVolume
page_rank,0.9816639880615918,0.053191565871092944,0.0558814958701429
