measure,Hyperarea,GD,HyperVolume
page_rank,0.9685307083681419,0.07192828086559905,0.22561314801411922
