measure,Hyperarea,GD,HyperVolume
two-hop,0.4559814838284979,1.259768279254274,0.025980670846691003
page_rank,0.9842901100440486,0.0908928077441563,0.05608235920458107
degree_centrality,0.9751454698477985,0.10314332828765202,0.0555613207515382
katz_centrality,0.8306790692283259,0.422786691766496,0.04732999089273102
betweenness,0.935237681673413,0.1975182312386987,0.05328747598908695
closeness,0.8692453759712313,0.337169983271952,0.049527401438543464
eigenvector_centrality,0.8070216685332758,0.4735629401054144,0.04598205207866824
core,0.804759644822457,0.4678715797552826,0.0458531676928709
