measure,Hyperarea,GD,HyperVolume
page_rank,0.9851925317927427,0.05041152678120393,0.05608235920458107
