measure,Hyperarea,GD,HyperVolume
two-hop,0.36264581927981887,1.081014429725467,0.02075352997804201
page_rank,0.9746310220902468,0.06165871311947256,0.055776278283446605
degree_centrality,0.9660301520261886,0.07307336981670376,0.05528406686055979
katz_centrality,0.8132316355515183,0.3930798460351999,0.04653969859911135
betweenness,0.9299143526221445,0.14420626292305672,0.05321722840340818
closeness,0.8699688496338488,0.27475219978038523,0.04978666136754098
eigenvector_centrality,0.8157860407877314,0.392604723006302,0.0466858823487299
core,0.7725624119873258,0.46817247466362377,0.04421227634425307
