measure,Hyperarea,GD,HyperVolume
page_rank,0.9842901100440486,0.0908928077441563,0.05608235920458107
