measure,Hyperarea,GD,HyperVolume
page_rank,0.9275871454147075,0.15915667460165162,0.21711234412630598
