measure,Hyperarea,GD,HyperVolume
two-hop,0.455915786315359,1.143554322499797,0.025980670846691003
page_rank,0.9841482941705307,0.07112913793164595,0.05608235920458107
degree_centrality,0.9750049715280427,0.08241562831014247,0.0555613207515382
katz_centrality,0.8305593855328244,0.39689805894761965,0.04732999089273102
betweenness,0.9351029332416042,0.1701808099757372,0.05328747598908695
closeness,0.8691201356675476,0.310209351617375,0.049527401438543464
eigenvector_centrality,0.806905393380551,0.4436300483690089,0.04598205207866824
core,0.8046436955806249,0.4405113180406526,0.0458531676928709
