measure,Hyperarea,GD,HyperVolume
page_rank,0.9861333671621622,0.06597535009140433,0.056172971925690166
