measure,Hyperarea,GD,HyperVolume
page_rank,0.9861004555643352,0.0662068519552873,0.05619360444796681
