measure,Hyperarea,GD,HyperVolume
page_rank,0.9453603448585148,0.10990451685938801,0.22075819043099892
