measure,Hyperarea,GD,HyperVolume
page_rank,0.9320377571211376,0.1389975167850496,0.21711234412630598
