measure,Hyperarea,GD,HyperVolume
two-hop,0.45473474322637586,0.9281560029287138,0.025980670846691003
page_rank,0.9815988725969583,0.06559993690276573,0.05608235920458107
degree_centrality,0.9724792355962957,0.07257690017921019,0.0555613207515382
katz_centrality,0.8284078337512962,0.3704201068181392,0.04732999089273102
betweenness,0.9326805629487955,0.1451122811119952,0.05328747598908695
closeness,0.8668686928341639,0.28964136271310653,0.049527401438543464
eigenvector_centrality,0.8048151169152038,0.416638738508941,0.04598205207866824
core,0.8025592780099159,0.42103789866767444,0.0458531676928709
