measure,Hyperarea,GD,HyperVolume
two-hop,0.45716455477436174,0.943553054632339,0.026130577707460512
page_rank,0.9831288250196892,0.057749222754387534,0.05619360444796681
degree_centrality,0.9740606325222356,0.06144966897266306,0.055675285373912885
katz_centrality,0.8266923770239665,0.36774531095533514,0.04725202155852145
betweenness,0.9346242864114094,0.1376942884287362,0.05342118562845938
closeness,0.8668728469745642,0.28544845531398,0.04954865387920647
eigenvector_centrality,0.8078527973968045,0.4061122893212784,0.04617519026378903
core,0.7995400532791129,0.4202457779333913,0.0457000510521833
