measure,Hyperarea,GD,HyperVolume
page_rank,1.000895650573046,0.08265376985970242,0.2331523581114907
