measure,Hyperarea,GD,HyperVolume
page_rank,0.9811825464975468,0.05723238966110395,0.05608235920458107
