measure,Hyperarea,GD,HyperVolume
page_rank,0.9766787350321773,0.06335942671040533,0.05580125362271138
