measure,Hyperarea,GD,HyperVolume
two-hop,0.45873012762505655,1.062754058937788,0.026130577707460512
page_rank,0.9864955772779566,0.06523141826366476,0.05619360444796681
degree_centrality,0.977396330500746,0.0662278944340269,0.055675285373912885
katz_centrality,0.829523408274812,0.3807264872068775,0.04725202155852145
betweenness,0.9378249335156624,0.14816953719178802,0.05342118562845938
closeness,0.8698414773726443,0.29310832090776195,0.04954865387920647
eigenvector_centrality,0.810619311978379,0.4184587640143113,0.04617519026378903
core,0.802278100635113,0.4264157685914857,0.0457000510521833
