measure,Hyperarea,GD,HyperVolume
two-hop,0.2950387834226649,1.4407665071019358,0.016814439808909752
page_rank,0.9663665796537656,0.09031974812632058,0.055073819443094925
degree_centrality,0.9559811751262651,0.10526543636908255,0.05448194891918257
katz_centrality,0.811901469952608,0.4392826053156758,0.0462707588436821
betweenness,0.9210881889320672,0.18741027512414166,0.05249337640234515
closeness,0.8630875544245857,0.32168750968745385,0.04918788494630323
eigenvector_centrality,0.8056957513793477,0.4552490403234572,0.045917091165790284
core,0.7327427594269439,0.5859858211352474,0.04175945575991795
