measure,Hyperarea,GD,HyperVolume
two-hop,0.3624396377453628,1.1244999216551674,0.02075352997804201
page_rank,0.9740768976278109,0.06536402860644697,0.055776278283446605
degree_centrality,0.9654809175707325,0.07881412798628588,0.05528406686055979
katz_centrality,0.8127692743782413,0.3977874641423669,0.04653969859911135
betweenness,0.9293856517301361,0.151131505291823,0.05321722840340818
closeness,0.8694742306342346,0.27922035765700165,0.04978666136754098
eigenvector_centrality,0.8153222273126127,0.39748502181505174,0.0466858823487299
core,0.7721231732174347,0.4729067287036954,0.04421227634425307
