measure,Hyperarea,GD,HyperVolume
page_rank,0.9668350877823323,0.07502099375703433,0.22489026860051445
