measure,Hyperarea,GD,HyperVolume
page_rank,0.9826941666253218,0.05392192189308981,0.05594013907174212
