measure,Hyperarea,GD,HyperVolume
two-hop,0.46831398073155733,1.1385177840975458,0.026689498747698465
page_rank,0.9856531342429385,0.07352081759454591,0.056172971925690166
degree_centrality,0.9758359887504121,0.0819656080968143,0.05561348682998693
katz_centrality,0.8307853885535138,0.39726584720524893,0.04734696485628759
betweenness,0.9357938120416684,0.17120562762761823,0.05333145881225895
closeness,0.8663655141954154,0.31819143028275865,0.04937469786839858
eigenvector_centrality,0.8083535155383443,0.44891829407231126,0.046068558762556056
core,0.7999079840700866,0.45066958446429317,0.04558724278477208
