measure,Hyperarea,GD,HyperVolume
page_rank,0.9788168714341071,0.061489059421763005,0.055778544457609845
