measure,Hyperarea,GD,HyperVolume
page_rank,0.9493832015790403,0.12301692350737144,0.22099748611729206
