measure,Hyperarea,GD,HyperVolume
page_rank,0.9856531342429385,0.07352081759454591,0.056172971925690166
