measure,Hyperarea,GD,HyperVolume
two-hop,0.2939849789413744,1.1814732096308747,0.016735176787972088
page_rank,0.9654981011376949,0.07199423343909907,0.054961248255519936
degree_centrality,0.954943953137295,0.08329850860271758,0.05436045044173661
katz_centrality,0.8050796855627916,0.4257823002046494,0.04582938527952843
betweenness,0.9208853963684742,0.1435538314940756,0.052421657613879034
closeness,0.862081625748122,0.2927068347684181,0.04907423659708212
eigenvector_centrality,0.8078840121851095,0.41504341244570825,0.04598902235338404
core,0.7372607423001614,0.5523678792687501,0.04196877304974543
