measure,Hyperarea,GD,HyperVolume
page_rank,0.9940891454900367,0.05202748493382213,0.23184748404575045
