measure,Hyperarea,GD,HyperVolume
page_rank,0.9820104448335333,0.050665917645611715,0.05608235920458107
