measure,Hyperarea,GD,HyperVolume
two-hop,0.37587251117030906,1.3954243942623965,0.021416264342672128
page_rank,0.9801002572985543,0.09023138919030142,0.055843631999776995
degree_centrality,0.9724457436319142,0.09861132710460713,0.05540749718483948
katz_centrality,0.8164268761386816,0.44286325088158246,0.046517937003181416
betweenness,0.9332450403240407,0.19080268347934537,0.05317394032843056
closeness,0.8747460648527885,0.3162119281677135,0.04984081676861757
eigenvector_centrality,0.8167793592460008,0.4454613983827433,0.04653802059849189
core,0.7753239433866133,0.5200785819798976,0.04417599592763807
