measure,Hyperarea,GD,HyperVolume
page_rank,0.968019717065106,0.07132646775539433,0.22685948876617718
