measure,Hyperarea,GD,HyperVolume
page_rank,0.97506743952762,0.05662491407418255,0.05580125362271138
