measure,Hyperarea,GD,HyperVolume
page_rank,0.9857383905247936,0.06361879893941182,0.056172971925690166
