measure,Hyperarea,GD,HyperVolume
page_rank,1.000162274233904,0.09423318219289377,0.23298152269747302
