measure,Hyperarea,GD,HyperVolume
two-hop,0.2950643034649635,1.376752306993736,0.016814439808909752
page_rank,0.9664501677017593,0.08166054366317985,0.055073819443094925
degree_centrality,0.9560638648653662,0.09810392123637506,0.05448194891918257
katz_centrality,0.8119716971939732,0.4288421605273304,0.0462707588436821
betweenness,0.9211678605239495,0.17631696543161282,0.05249337640234515
closeness,0.8631622091213033,0.3100114793621624,0.04918788494630323
eigenvector_centrality,0.8057654418431454,0.44255083298222725,0.045917091165790284
core,0.732806139657833,0.5705326698629077,0.04175945575991795
