measure,Hyperarea,GD,HyperVolume
page_rank,0.9741304212154568,0.06427646659678335,0.22685948876617718
