measure,Hyperarea,GD,HyperVolume
page_rank,0.9444131028209628,0.11276861452228008,0.22088843365609415
