measure,Hyperarea,GD,HyperVolume
two-hop,0.37139898898495555,1.0474203545466185,0.02114199086605983
page_rank,0.9801365469354684,0.06720989720682875,0.05579454585871394
degree_centrality,0.9720966636179494,0.06503904620924936,0.05533687326211444
katz_centrality,0.8199222105038452,0.3788859616284375,0.046674300144780606
betweenness,0.9324510843253175,0.13234325706231295,0.053080037621351765
closeness,0.8757117732105133,0.26216029678114894,0.04985013653676828
eigenvector_centrality,0.8158339941644729,0.38772982181930077,0.046441577291275515
core,0.7812227887756109,0.45333089996979775,0.044471324786834035
