measure,Hyperarea,GD,HyperVolume
page_rank,0.9794222946900994,0.06144508237789679,0.05608235920458107
