measure,Hyperarea,GD,HyperVolume
page_rank,0.9961173571145135,0.05328088005677979,0.23298152269747302
