measure,Hyperarea,GD,HyperVolume
page_rank,0.9419852006326173,0.11441736673803946,0.22075819043099892
