measure,Hyperarea,GD,HyperVolume
page_rank,1.0026585978368483,0.06839031116544216,0.23350324757178442
