measure,Hyperarea,GD,HyperVolume
page_rank,0.9662546748437508,0.08349632416038127,0.22599695091224983
