measure,Hyperarea,GD,HyperVolume
page_rank,0.976938562357297,0.06450390046673314,0.05594013907174212
