measure,Hyperarea,GD,HyperVolume
page_rank,0.9666338297991273,0.10962219584158127,0.2262516656649537
