measure,Hyperarea,GD,HyperVolume
two-hop,0.4532065387335381,1.0189525062126437,0.02595090191117343
page_rank,0.974513066940948,0.05682463971718326,0.05580125362271138
degree_centrality,0.9655198081963349,0.07338093843633867,0.05528629376313955
katz_centrality,0.8203383817374832,0.37881315091822526,0.04697311062177043
betweenness,0.9271125623413943,0.15243740459552665,0.05308706982289121
closeness,0.8584530062638793,0.30046454969642494,0.049155578873949064
eigenvector_centrality,0.7986696890034757,0.41963467919133424,0.04573234714722974
core,0.7914662370657997,0.4335432100485777,0.04531987279242704
