measure,Hyperarea,GD,HyperVolume
page_rank,0.9787322137928124,0.06645163113930816,0.055778544457609845
