measure,Hyperarea,GD,HyperVolume
page_rank,0.9933043379481246,0.05017119846151263,0.23195395214668904
