measure,Hyperarea,GD,HyperVolume
page_rank,0.9802543814754027,0.05025167166367567,0.05580125362271138
