measure,Hyperarea,GD,HyperVolume
two-hop,0.36680232908404314,1.2034584369302233,0.020894107856029465
page_rank,0.9800604451433041,0.06248506575094123,0.055827040949787875
degree_centrality,0.9729356157556301,0.06181653121660572,0.05542119032704616
katz_centrality,0.8189909984712112,0.3992990318601715,0.04665206542691816
betweenness,0.935032283250666,0.13531952891305216,0.053262108296571346
closeness,0.8762158642137069,0.27176054768005403,0.04991175715203956
eigenvector_centrality,0.822763976246506,0.3925307135324531,0.04686698501254966
core,0.7733352259348543,0.4850187682041418,0.04405138227965707
