measure,Hyperarea,GD,HyperVolume
page_rank,0.9699428486723782,0.06914511653417504,0.22561314801411922
