measure,Hyperarea,GD,HyperVolume
page_rank,0.9671622377185135,0.0823799652918554,0.22556742772657382
