measure,Hyperarea,GD,HyperVolume
page_rank,0.9845426336703818,0.06968170234317096,0.05608235920458107
