measure,Hyperarea,GD,HyperVolume
page_rank,0.9782321132875738,0.06055721208092187,0.056014208641441014
