measure,Hyperarea,GD,HyperVolume
page_rank,0.9746706210686822,0.06296905085562564,0.055778544457609845
