measure,Hyperarea,GD,HyperVolume
page_rank,0.9792090746801152,0.06849155508227804,0.055778544457609845
