measure,Hyperarea,GD,HyperVolume
two-hop,0.2931981288228987,1.4418798278024896,0.01670953978316492
page_rank,0.9622968532548289,0.09411756193704357,0.05484188325904545
degree_centrality,0.9520993937719566,0.09941565884507127,0.054260723837597745
katz_centrality,0.8040380771387802,0.44692245461571606,0.04582261930206628
betweenness,0.9176164879615483,0.17418772705249266,0.05229552205138107
closeness,0.8615591925789338,0.31085099721175463,0.04910078267465668
eigenvector_centrality,0.8026648572153805,0.44497373303378907,0.045744358662978296
core,0.7278912710198574,0.5894623273003884,0.04148296648329388
