measure,Hyperarea,GD,HyperVolume
page_rank,0.9893037189180385,0.05623387975641853,0.23184748404575045
