measure,Hyperarea,GD,HyperVolume
two-hop,0.368362577810981,1.0270636003553215,0.021054840895880667
page_rank,0.9732596766455283,0.05842123456096439,0.05562950439733022
degree_centrality,0.9655322074426057,0.06606559818676566,0.055187818285884774
katz_centrality,0.8147730656124998,0.3793934005718318,0.04657073844108801
betweenness,0.9272420044819274,0.14049066424807122,0.05299922970558185
closeness,0.8666536276270637,0.27204919737745575,0.049536123756004614
eigenvector_centrality,0.814648661042247,0.3823947875516767,0.04656362773389033
core,0.7704514396890628,0.4629769937759779,0.04403740623451529
