measure,Hyperarea,GD,HyperVolume
page_rank,1.0011885391086617,0.06849926815239123,0.23350324757178442
