measure,Hyperarea,GD,HyperVolume
two-hop,0.29936679602559385,1.1283343253562883,0.017103927742106836
page_rank,0.9579519028794644,0.09532942565166311,0.05473132072356922
degree_centrality,0.9483752112412601,0.10289339175467645,0.054184169055572336
katz_centrality,0.8040178587038824,0.4309805218387854,0.045936501780441195
betweenness,0.9131826459958129,0.16153128217157486,0.052173488175098044
closeness,0.8562433105665987,0.3032185101828239,0.04892033421215286
eigenvector_centrality,0.7981070731884926,0.4391566198458592,0.045598796832208806
core,0.7304360851359967,0.5651872447541758,0.04173250402601559
