measure,Hyperarea,GD,HyperVolume
page_rank,1.0037520868794172,0.0822837422344169,0.23375790378594832
