measure,Hyperarea,GD,HyperVolume
two-hop,0.4554590152798836,1.2291734658745088,0.02595090191117343
page_rank,0.9793564829991664,0.06517890165398539,0.05580125362271138
degree_centrality,0.9703185269638788,0.07986832843488646,0.05528629376313955
katz_centrality,0.8244155359861712,0.3982125725259652,0.04697311062177043
betweenness,0.9317203937030774,0.1701103299363044,0.05308706982289121
closeness,0.8627195935645671,0.3173397200695866,0.049155578873949064
eigenvector_centrality,0.8026391479344622,0.4480242410972065,0.04573234714722974
core,0.7953998942041032,0.4489290365219392,0.04531987279242704
