measure,Hyperarea,GD,HyperVolume
page_rank,0.9405237897792315,0.11963147268686342,0.22055148514532472
