measure,Hyperarea,GD,HyperVolume
page_rank,0.9700960349528268,0.07465599908036119,0.2262516656649537
