measure,Hyperarea,GD,HyperVolume
two-hop,0.37100533111135814,1.2618312370373548,0.02114199086605983
page_rank,0.9790976683161264,0.08177758620988528,0.05579454585871394
degree_centrality,0.9710663067325502,0.08537979875436581,0.05533687326211444
katz_centrality,0.8190531482729965,0.40853996837215684,0.046674300144780606
betweenness,0.9314627490794617,0.1683981207130328,0.053080037621351765
closeness,0.8747835778067822,0.2921425258286632,0.04985013653676828
eigenvector_centrality,0.8149692651671513,0.422229374000049,0.046441577291275515
core,0.7803947453211154,0.48132123537413823,0.044471324786834035
