measure,Hyperarea,GD,HyperVolume
two-hop,0.36909258731010114,1.377018103207578,0.02102996144129392
page_rank,0.9745499070415589,0.0660148957136861,0.05552738709022474
degree_centrality,0.9658497823905948,0.07998569638314566,0.055031676007871025
katz_centrality,0.816277754865039,0.4154074782180935,0.046509440450439365
betweenness,0.9293624302818692,0.16232980051998616,0.052952719035221966
closeness,0.8703714663223222,0.29800063035450075,0.04959156321658253
eigenvector_centrality,0.8160386579244295,0.41795749824705436,0.04649581731192447
core,0.7693396693076431,0.5074026762399995,0.043835027136983
