measure,Hyperarea,GD,HyperVolume
two-hop,0.46622164685570294,1.1730578473412723,0.026570255366853524
page_rank,0.9788888312994303,0.06538004199220823,0.05578747018461935
degree_centrality,0.9680450160640006,0.07976606657131541,0.05516947455550281
katz_centrality,0.8258121993185001,0.3916720639007294,0.04706353977542064
betweenness,0.9320466004274638,0.15633769919545273,0.05311790294205314
closeness,0.8634751502460732,0.3098355120649976,0.04920997426803573
eigenvector_centrality,0.8048652674446064,0.4366897440626729,0.0458697613809702
core,0.7949626911896933,0.44926190667118515,0.04530540753413088
