measure,Hyperarea,GD,HyperVolume
two-hop,0.3218717199792421,1.2702715714437927,0.018334732088113564
page_rank,0.961133002139531,0.08036983903462251,0.05474887975995237
degree_centrality,0.9511045894656859,0.1022782833693347,0.05417763274373159
katz_centrality,0.8096545679622819,0.42455409107932396,0.04612023569036489
betweenness,0.9178097673137569,0.17109451544414564,0.05228106461989525
closeness,0.8618557443250197,0.29715422310793227,0.04909376372618267
eigenvector_centrality,0.8051832675561845,0.4310910039524301,0.04586553765402745
core,0.7373021888550219,0.5502346196522007,0.041998837616142065
