measure,Hyperarea,GD,HyperVolume
page_rank,1.0002089251876631,0.07991653093672646,0.2329327577557029
