measure,Hyperarea,GD,HyperVolume
page_rank,0.98601516796756,0.07583155716386016,0.05619360444796681
