measure,Hyperarea,GD,HyperVolume
two-hop,0.4563995390378408,0.9533196252125199,0.025980670846691003
page_rank,0.9851925317927427,0.05041152678120393,0.05608235920458107
degree_centrality,0.9760395075620367,0.056227276317939626,0.0555613207515382
katz_centrality,0.8314406565394318,0.3615031954218635,0.04732999089273102
betweenness,0.9360951309310332,0.13326522460114812,0.05328747598908695
closeness,0.8700423218352846,0.2786648787555905,0.049527401438543464
eigenvector_centrality,0.8077615661487453,0.4075313043882931,0.04598205207866824
core,0.80549746855811,0.41205322705166136,0.0458531676928709
