measure,Hyperarea,GD,HyperVolume
two-hop,0.46733708976120414,0.9358461928947053,0.026689498747698465
page_rank,0.983597087047341,0.0506180076195048,0.056172971925690166
degree_centrality,0.9738004198688963,0.06184305087092485,0.05561348682998693
katz_centrality,0.8290523915092839,0.36411965214435704,0.04734696485628759
betweenness,0.9338417701152928,0.13780576234540395,0.05333145881225895
closeness,0.8645582979202984,0.28836874347007824,0.04937469786839858
eigenvector_centrality,0.8066673108067471,0.40863113270007745,0.046068558762556056
core,0.7982393965008433,0.4220067642151046,0.04558724278477208
