measure,Hyperarea,GD,HyperVolume
page_rank,0.9792153779593975,0.05543623179356204,0.05580125362271138
