measure,Hyperarea,GD,HyperVolume
page_rank,0.9955487800821627,0.074837565254375,0.23184748404575045
