measure,Hyperarea,GD,HyperVolume
two-hop,0.37002648994111303,1.3244956769939777,0.021088034836097544
page_rank,0.9808443256766554,0.08416376890475713,0.05589891499916568
degree_centrality,0.9721404219308479,0.08849938159186012,0.055402874228055385
katz_centrality,0.8218228308396532,0.42182519478768205,0.046836183238137756
betweenness,0.9348977043113664,0.17476316174867954,0.053280389087395436
closeness,0.8761444787779439,0.3034332009849892,0.04993200701080658
eigenvector_centrality,0.8239518867144101,0.41964220957859244,0.046957519428046796
core,0.7787346822853048,0.49785895586031764,0.04438056343134595
