measure,Hyperarea,GD,HyperVolume
page_rank,0.9843533068709266,0.04922737099044709,0.056034586092219896
