measure,Hyperarea,GD,HyperVolume
page_rank,0.96333973311471,0.08751849682648782,0.22590179126444218
