measure,Hyperarea,GD,HyperVolume
two-hop,0.3690074905604137,1.3118414450055198,0.02102996144129392
page_rank,0.9743252180818001,0.06425128849078363,0.05552738709022474
degree_centrality,0.9656270993024116,0.07521920250813532,0.055031676007871025
katz_centrality,0.8160895566021387,0.40829282997412275,0.046509440450439365
betweenness,0.9291481595952782,0.1534924496926477,0.052952719035221966
closeness,0.8701707963946369,0.28993211291921533,0.04959156321658253
eigenvector_centrality,0.8158505147869184,0.41080746049234484,0.04649581731192447
core,0.7691622929324068,0.4984038773292612,0.043835027136983
