measure,Hyperarea,GD,HyperVolume
page_rank,0.9891486787473986,0.047960536275945674,0.23195395214668904
