measure,Hyperarea,GD,HyperVolume
two-hop,0.2929126181703557,1.142684955273106,0.016735176787972088
page_rank,0.9619762807648261,0.09259496646454259,0.054961248255519936
degree_centrality,0.9514606308343885,0.10491639073515109,0.05436045044173661
katz_centrality,0.8021430189499245,0.4388428413786063,0.04582938527952843
betweenness,0.9175263085088646,0.16333520670595933,0.052421657613879034
closeness,0.8589370347550812,0.3041235235165547,0.04907423659708212
eigenvector_centrality,0.8049371163085917,0.42776614930007373,0.04598902235338404
core,0.7345714569465294,0.5628820195688898,0.04196877304974543
