measure,Hyperarea,GD,HyperVolume
page_rank,0.9808171183441697,0.051837458888010564,0.056014208641441014
