measure,Hyperarea,GD,HyperVolume
two-hop,0.4543354623979656,0.9823466398743778,0.02596887265528408
page_rank,0.9758671900944875,0.06440131709344986,0.055778544457609845
degree_centrality,0.9669370217580517,0.06911374868319355,0.05526811455831218
katz_centrality,0.825153934624074,0.3819375427515803,0.047164087381956335
betweenness,0.9273178074365555,0.14561352266495026,0.05300356244523911
closeness,0.8599218005355487,0.30323537709074244,0.04915134648250221
eigenvector_centrality,0.8002599156847984,0.43263783222059776,0.045741196894165136
core,0.7942933139068395,0.4461751040242748,0.045400158312367433
