measure,Hyperarea,GD,HyperVolume
page_rank,0.9839583655788845,0.05012578241799938,0.05619360444796681
