measure,Hyperarea,GD,HyperVolume
page_rank,0.9964510890004394,0.06123914752717229,0.23195395214668904
