measure,Hyperarea,GD,HyperVolume
page_rank,0.9805386765623482,0.06467836716274149,0.0558814958701429
