measure,Hyperarea,GD,HyperVolume
page_rank,0.9450884818882036,0.11170943578179246,0.22104639781800733
