measure,Hyperarea,GD,HyperVolume
page_rank,0.9810164175999383,0.0627678734033585,0.0558814958701429
