measure,Hyperarea,GD,HyperVolume
page_rank,0.9810047552087992,0.05818252100784746,0.056172971925690166
