measure,Hyperarea,GD,HyperVolume
two-hop,0.29367337469604265,1.3929095836529053,0.016735176787972088
page_rank,0.964474738283383,0.08595031024242349,0.054961248255519936
degree_centrality,0.9539317769678763,0.10262518948008247,0.05436045044173661
katz_centrality,0.8042263554070977,0.4531009490133117,0.04582938527952843
betweenness,0.9199093199716266,0.1773454010741803,0.052421657613879034
closeness,0.8611678773812056,0.31729396758043543,0.04907423659708212
eigenvector_centrality,0.8070277096323769,0.44472242831823705,0.04598902235338404
core,0.7364792956492323,0.5726005917389758,0.04196877304974543
