measure,Hyperarea,GD,HyperVolume
two-hop,0.3213142044490977,1.4318450056830658,0.01831189204273962
page_rank,0.9620612628064295,0.11080432275707124,0.05482845681602595
degree_centrality,0.9511026622010536,0.12142180509455643,0.054203919498825165
katz_centrality,0.8087826365767103,0.45740730393804174,0.04609301463166803
betweenness,0.9164308693062818,0.19316323526690585,0.05222795292272608
closeness,0.8611759772202808,0.3288274616428156,0.0490789429981668
eigenvector_centrality,0.8032229223010326,0.4690978103346638,0.045776163131812174
core,0.7338415755046241,0.6002622997770553,0.04182207795685383
