measure,Hyperarea,GD,HyperVolume
page_rank,0.9945456472455748,0.056495470395342945,0.23195395214668904
