measure,Hyperarea,GD,HyperVolume
two-hop,0.36924299363622465,1.0670669583878987,0.021087370619965188
page_rank,0.9761487403945899,0.06137570658240406,0.055747598799917926
degree_centrality,0.9675975517377644,0.06779832329883587,0.055259242656252344
katz_centrality,0.8168369246954612,0.3903266627469978,0.04664934274716575
betweenness,0.9299196698040035,0.13489352621743214,0.05310746869112393
closeness,0.8702002957008345,0.2753928155619353,0.04969691088336616
eigenvector_centrality,0.8189402434609959,0.3883719766114137,0.046769462730767805
core,0.7783030154563755,0.46514343075517384,0.044448681286920824
