measure,Hyperarea,GD,HyperVolume
page_rank,0.9654261083530701,0.08227340115275578,0.2262516656649537
