measure,Hyperarea,GD,HyperVolume
page_rank,0.9655455907526264,0.10596662174818768,0.22599695091224983
