measure,Hyperarea,GD,HyperVolume
page_rank,0.9424257244867831,0.12771071229903108,0.22099748611729206
