measure,Hyperarea,GD,HyperVolume
page_rank,0.9793564829991664,0.06517890165398539,0.05580125362271138
