measure,Hyperarea,GD,HyperVolume
two-hop,0.2938529805357605,1.232491273900424,0.016816646756874058
page_rank,0.9580472291635118,0.0788186136783429,0.054827219379808535
degree_centrality,0.9484031065214817,0.09224963104638535,0.0542753045976093
katz_centrality,0.7991352141391201,0.4458052953354126,0.0457329872327807
betweenness,0.9147251456082007,0.1552488190097251,0.05234797899710705
closeness,0.856447402976375,0.3069925356298558,0.04901285471202883
eigenvector_centrality,0.8015756024482428,0.43401205098060913,0.04587264601068146
core,0.7281846555666867,0.5767151557608451,0.04167262181283453
