measure,Hyperarea,GD,HyperVolume
page_rank,0.97684689426654,0.053004545989038615,0.05578747018461935
