measure,Hyperarea,GD,HyperVolume
page_rank,0.9796077408834387,0.0585886461527567,0.05580125362271138
