measure,Hyperarea,GD,HyperVolume
page_rank,0.9795201491702571,0.054440718159161676,0.05594013907174212
