measure,Hyperarea,GD,HyperVolume
page_rank,0.9465417396643985,0.10405458486394055,0.22075819043099892
