measure,Hyperarea,GD,HyperVolume
page_rank,0.9815676742008349,0.08384486745765946,0.05594013907174212
