measure,Hyperarea,GD,HyperVolume
page_rank,0.9968414831337153,0.06797821209144765,0.23375790378594832
