measure,Hyperarea,GD,HyperVolume
two-hop,0.30429029615505093,1.2391277123524649,0.017413954463399946
page_rank,0.9674362183481273,0.0845396554047168,0.05536453335986046
degree_centrality,0.9566543958548566,0.08163470117001732,0.05474751018067039
katz_centrality,0.8107191610743385,0.4213917398346641,0.04639591446702134
betweenness,0.9214691403282671,0.14252326266178356,0.052733924978430116
closeness,0.8635305838372939,0.29289904350342494,0.049418211670586645
eigenvector_centrality,0.802132049892195,0.43776958298169255,0.04590449043875787
core,0.7376029221104612,0.5585677469430506,0.04221161128042466
