measure,Hyperarea,GD,HyperVolume
page_rank,0.9800122493600052,0.05377894225720525,0.05578747018461935
