measure,Hyperarea,GD,HyperVolume
page_rank,0.9651390322659417,0.08865338842285843,0.22590179126444218
