measure,Hyperarea,GD,HyperVolume
page_rank,0.9912687512184725,0.048759903849082506,0.23184748404575045
