measure,Hyperarea,GD,HyperVolume
page_rank,0.9603590842298099,0.09157600429686369,0.22520283335885238
