measure,Hyperarea,GD,HyperVolume
page_rank,0.9677944679391464,0.0832103072789378,0.22599695091224983
