measure,Hyperarea,GD,HyperVolume
two-hop,0.36433444227984013,1.1909131451708586,0.02075352997804201
page_rank,0.979169291313105,0.06908804251061174,0.055776278283446605
degree_centrality,0.9705283721812286,0.07414737557585341,0.05528406686055979
katz_centrality,0.8170183651127866,0.4022847556765712,0.04653969859911135
betweenness,0.9342444032677194,0.14819431762348506,0.05321722840340818
closeness,0.8740197702034315,0.2782292916201568,0.04978666136754098
eigenvector_centrality,0.8195846646745478,0.4005847863833645,0.0466858823487299
core,0.7761597694873363,0.47719031294707354,0.04421227634425307
