measure,Hyperarea,GD,HyperVolume
page_rank,0.9977047384422536,0.07697487672068745,0.23298152269747302
