measure,Hyperarea,GD,HyperVolume
two-hop,0.4563443967551277,1.0100891405045378,0.026130577707460512
page_rank,0.9813650815681044,0.05811586221128229,0.05619360444796681
degree_centrality,0.9723131575033608,0.06917038877264967,0.055675285373912885
katz_centrality,0.8252092822053175,0.3778167203163649,0.04725202155852145
betweenness,0.9329475606122066,0.15098530594537024,0.05342118562845938
closeness,0.8653176679702486,0.29445202537415,0.04954865387920647
eigenvector_centrality,0.8064035009821412,0.41611534730477223,0.04617519026378903
core,0.7981056700148214,0.42564093262125047,0.0457000510521833
