measure,Hyperarea,GD,HyperVolume
page_rank,1.0024019777553428,0.07604416421435531,0.23350324757178442
