measure,Hyperarea,GD,HyperVolume
two-hop,0.46403942133389287,1.0591574715197654,0.02643301023472603
page_rank,0.983703962356803,0.05950801002974854,0.056034586092219896
degree_centrality,0.9744449324151815,0.0657082864456333,0.055507165312952925
katz_centrality,0.8298311995154144,0.3755571714648707,0.04726955422630561
betweenness,0.9339784090138892,0.14702430873319264,0.05320207661131762
closeness,0.8676608395512008,0.29437367157198463,0.04942443852334994
eigenvector_centrality,0.8090805961191269,0.4162737624139165,0.04608754061553494
core,0.802225486642775,0.4290059606755906,0.04569705400897098
