measure,Hyperarea,GD,HyperVolume
page_rank,0.9455296055433419,0.12670262782624095,0.22010044577048113
