measure,Hyperarea,GD,HyperVolume
two-hop,0.4494825658633494,0.9330918915569336,0.025586920222663855
page_rank,0.9839953384721455,0.052656164801673296,0.056014208641441014
degree_centrality,0.9744099570197372,0.059856132872776455,0.055468558133160484
katz_centrality,0.8296557862464777,0.3538954825364615,0.04722838665429767
betweenness,0.9346229021297665,0.13574561336669327,0.05320366895462463
closeness,0.8677105633393641,0.27624127279385297,0.049394665436872216
eigenvector_centrality,0.8099162232826327,0.3922705248756278,0.04610470653599091
core,0.8026420504385229,0.40329104230488594,0.04569062222130652
