measure,Hyperarea,GD,HyperVolume
two-hop,0.45587635426609124,1.2007237699364353,0.025980670846691003
page_rank,0.9840631754157358,0.08205516987782133,0.05608235920458107
degree_centrality,0.9749206435770754,0.09276059173212436,0.0555613207515382
katz_centrality,0.8304875506466609,0.41035635805403403,0.04732999089273102
betweenness,0.9350220564085557,0.1837368451450735,0.05328747598908695
closeness,0.8690449656711626,0.3234477105465981,0.049527401438543464
eigenvector_centrality,0.8068356043226127,0.4587086374777178,0.04598205207866824
core,0.8045741021363979,0.454040298149456,0.0458531676928709
