measure,Hyperarea,GD,HyperVolume
two-hop,0.2925865250349355,1.178902485257239,0.01670953978316492
page_rank,0.9602895266632215,0.07960328141427372,0.05484188325904545
degree_centrality,0.9501133388196752,0.0863263784238305,0.054260723837597745
katz_centrality,0.8023608743011666,0.4253413279770164,0.04582261930206628
betweenness,0.9157023634676851,0.1529074990909427,0.05229552205138107
closeness,0.8597620021676196,0.2914119629415317,0.04910078267465668
eigenvector_centrality,0.8009905188793593,0.4232466198879188,0.045744358662978296
core,0.7263729084696995,0.5661275841954698,0.04148296648329388
