measure,Hyperarea,GD,HyperVolume
page_rank,0.9554849424601181,0.11399396460508915,0.22405985407667312
