measure,Hyperarea,GD,HyperVolume
page_rank,0.9785879850783624,0.0558671372094407,0.056034586092219896
