measure,Hyperarea,GD,HyperVolume
two-hop,0.45398453538295175,0.999384672526037,0.025980670846691003
page_rank,0.9799794599959029,0.05943001961606065,0.05608235920458107
degree_centrality,0.9708748683009025,0.07189105150160442,0.0555613207515382
katz_centrality,0.8270411511661373,0.37706206256675306,0.04732999089273102
betweenness,0.9311418543188612,0.1502979096546372,0.05328747598908695
closeness,0.8654385586685428,0.29425329967136077,0.049527401438543464
eigenvector_centrality,0.8034873568920038,0.4219912597783436,0.04598205207866824
core,0.801235239602593,0.42559304086883704,0.0458531676928709
