measure,Hyperarea,GD,HyperVolume
page_rank,0.9715204401349229,0.08707073608556191,0.2262516656649537
