measure,Hyperarea,GD,HyperVolume
page_rank,0.9864955772779566,0.06523141826366476,0.05619360444796681
