measure,Hyperarea,GD,HyperVolume
page_rank,0.9489482181373843,0.1091818272605875,0.22105152985504103
