measure,Hyperarea,GD,HyperVolume
page_rank,0.9414052675825734,0.12383156709258485,0.22075819043099892
