measure,Hyperarea,GD,HyperVolume
two-hop,0.4643457344769836,0.9314224087773891,0.02643301023472603
page_rank,0.9843533068709266,0.04922737099044709,0.056034586092219896
degree_centrality,0.9750881650292531,0.05573164937586357,0.055507165312952925
katz_centrality,0.8303789723796844,0.3588461300376519,0.04726955422630561
betweenness,0.9345949296129828,0.13272069225391822,0.05320207661131762
closeness,0.8682335838196417,0.2808354074578991,0.04942443852334994
eigenvector_centrality,0.8096146714778507,0.39918349137683534,0.04608754061553494
core,0.8027550369330815,0.4163657389888606,0.04569705400897098
