measure,Hyperarea,GD,HyperVolume
page_rank,0.9495933213764896,0.1137314804966681,0.22104639781800733
