measure,Hyperarea,GD,HyperVolume
page_rank,0.9443949305661153,0.11887289008987999,0.22104639781800733
