measure,Hyperarea,GD,HyperVolume
page_rank,0.9444168565952474,0.12394312099206736,0.22105152985504103
