measure,Hyperarea,GD,HyperVolume
page_rank,0.986242552744517,0.08322717633319549,0.05619360444796681
