measure,Hyperarea,GD,HyperVolume
page_rank,0.9448653260265094,0.11039591850325992,0.22010044577048113
