measure,Hyperarea,GD,HyperVolume
page_rank,0.9788888312994303,0.06538004199220823,0.05578747018461935
