measure,Hyperarea,GD,HyperVolume
page_rank,0.9959937126369749,0.08321366829726079,0.23184748404575045
