measure,Hyperarea,GD,HyperVolume
page_rank,0.957269570651903,0.12528656890648923,0.22405985407667312
