measure,Hyperarea,GD,HyperVolume
page_rank,0.9784932979944918,0.05150547382935663,0.0558814958701429
