measure,Hyperarea,GD,HyperVolume
two-hop,0.3700442472984325,1.0141740052202375,0.02114199086605983
page_rank,0.9765613303139928,0.08371137155976964,0.05579454585871394
degree_centrality,0.9685507738535953,0.08406299599232302,0.05533687326211444
katz_centrality,0.8169314032285979,0.3877769207766548,0.046674300144780606
betweenness,0.9290498086297871,0.14651132337300465,0.053080037621351765
closeness,0.872517463910454,0.27035459736082273,0.04985013653676828
eigenvector_centrality,0.8128580993614261,0.3977495462771063,0.046441577291275515
core,0.7783731442967483,0.46244050855241475,0.044471324786834035
