measure,Hyperarea,GD,HyperVolume
page_rank,0.9832249125231542,0.06794800897426573,0.056034586092219896
