measure,Hyperarea,GD,HyperVolume
page_rank,0.9827678510693207,0.060354235369566515,0.056172971925690166
