measure,Hyperarea,GD,HyperVolume
page_rank,0.9741164740923286,0.06042135467163922,0.055778544457609845
