measure,Hyperarea,GD,HyperVolume
page_rank,0.9759144175122351,0.057124160576575905,0.0558814958701429
