measure,Hyperarea,GD,HyperVolume
page_rank,0.9438562451969683,0.10991974559681383,0.22075819043099892
