measure,Hyperarea,GD,HyperVolume
page_rank,0.9621088375552942,0.08776462133203038,0.22561314801411922
