measure,Hyperarea,GD,HyperVolume
two-hop,0.321043883836494,1.1234943470423688,0.018334732088113564
page_rank,0.9586610215715882,0.07343328433007093,0.05474887975995237
degree_centrality,0.9486584014167824,0.09967947019425433,0.05417763274373159
katz_centrality,0.8075721814930902,0.40940814121018787,0.04612023569036489
betweenness,0.915449211693653,0.1607059145866795,0.05228106461989525
closeness,0.8596390993366583,0.28942066169266245,0.04909376372618267
eigenvector_centrality,0.8031123810226861,0.41479703395138817,0.04586553765402745
core,0.7354058886764887,0.5374892555637936,0.041998837616142065
