measure,Hyperarea,GD,HyperVolume
page_rank,0.9426343044384935,0.1189263083970381,0.22104639781800733
