measure,Hyperarea,GD,HyperVolume
page_rank,0.9426928638423123,0.11222873207737262,0.21986053232880196
