measure,Hyperarea,GD,HyperVolume
two-hop,0.4686531009434131,1.031620147802485,0.026695818596971715
page_rank,0.9810164175999383,0.0627678734033585,0.0558814958701429
degree_centrality,0.9702176924256863,0.0691453552145721,0.05526636965471817
katz_centrality,0.8300563239167518,0.37422197406683844,0.047282377954918006
betweenness,0.9314487657163761,0.1454458402396689,0.05305798090716137
closeness,0.8647764662063304,0.2964382564045217,0.049260136382970214
eigenvector_centrality,0.8067781389114648,0.4230698866084761,0.045956386079654764
core,0.7990063991665353,0.4368472837819197,0.04551368559608629
