measure,Hyperarea,GD,HyperVolume
page_rank,0.9799902260596158,0.05962507386117615,0.056014208641441014
