measure,Hyperarea,GD,HyperVolume
page_rank,0.9791096206461612,0.06911774562356227,0.05594013907174212
