measure,Hyperarea,GD,HyperVolume
two-hop,0.4638134407379991,1.167882914786106,0.02643301023472603
page_rank,0.9832249125231542,0.06794800897426573,0.056034586092219896
degree_centrality,0.973970391597378,0.08056477183556018,0.055507165312952925
katz_centrality,0.8294270835279867,0.3972570286724694,0.04726955422630561
betweenness,0.9335235748172294,0.17130526019014006,0.05320207661131762
closeness,0.8672383010673111,0.3156445991339427,0.04942443852334994
eigenvector_centrality,0.8086865853803161,0.4390019819605532,0.04608754061553494
core,0.8018348142447457,0.44684707472061325,0.04569705400897098
