measure,Hyperarea,GD,HyperVolume
two-hop,0.3679273021386819,1.0651272602513748,0.02102996144129392
page_rank,0.9714730948959673,0.06274904029719912,0.05552738709022474
degree_centrality,0.9628004379498389,0.06934073983035556,0.055031676007871025
katz_centrality,0.8137006335783835,0.39860267983291964,0.046509440450439365
betweenness,0.926428282330608,0.1406045997154691,0.052952719035221966
closeness,0.8676235624136488,0.27900829641761926,0.04959156321658253
eigenvector_centrality,0.8134622915056012,0.39875010306254605,0.04649581731192447
core,0.7669107391712717,0.48759920884164215,0.043835027136983
