measure,Hyperarea,GD,HyperVolume
page_rank,0.9833462300976421,0.06779039825067099,0.056014208641441014
