measure,Hyperarea,GD,HyperVolume
two-hop,0.4648568853324898,0.9516775355834823,0.026570255366853524
page_rank,0.9760233491377365,0.06166895858789149,0.05578747018461935
degree_centrality,0.9652112767909049,0.07207302877887485,0.05516947455550281
katz_centrality,0.8233948153925695,0.3760258689933821,0.04706353977542064
betweenness,0.9293182386135417,0.1399630691809967,0.05311790294205314
closeness,0.860947516299314,0.2968002921928962,0.04920997426803573
eigenvector_centrality,0.8025092010633321,0.41786646351752255,0.0458697613809702
core,0.7926356124265285,0.43860313082337454,0.04530540753413088
