measure,Hyperarea,GD,HyperVolume
two-hop,0.45660399801879936,0.9758065285608882,0.026130577707460512
page_rank,0.9819233520697471,0.05811618974218573,0.05619360444796681
degree_centrality,0.9728662786245299,0.06481263890697865,0.055675285373912885
katz_centrality,0.8256787201429308,0.3722581712423883,0.04725202155852145
betweenness,0.9334782877722123,0.14422129493280664,0.05342118562845938
closeness,0.865809922420352,0.2908001362632469,0.04954865387920647
eigenvector_centrality,0.8068622408491644,0.41085371943887733,0.04617519026378903
core,0.7985596894833469,0.42294195071918445,0.0457000510521833
