measure,Hyperarea,GD,HyperVolume
page_rank,0.9791306858513671,0.06122950639836477,0.05580125362271138
