measure,Hyperarea,GD,HyperVolume
page_rank,0.9831848498301765,0.06961288147504228,0.056172971925690166
