measure,Hyperarea,GD,HyperVolume
page_rank,0.943236893245563,0.11336306809476122,0.22105152985504103
