measure,Hyperarea,GD,HyperVolume
two-hop,0.44784300090113816,0.9010082914692161,0.025586920222663855
page_rank,0.9804060462448946,0.06742200396848655,0.056014208641441014
degree_centrality,0.9708556291198537,0.0752472990283858,0.055468558133160484
katz_centrality,0.8266294740797027,0.36505381929890895,0.04722838665429767
betweenness,0.9312137043552792,0.14556757169627318,0.05320366895462463
closeness,0.8645454398283795,0.2872335950980837,0.049394665436872216
eigenvector_centrality,0.8069619145666315,0.4022585673079614,0.04610470653599091
core,0.7997142755190025,0.414460932881132,0.04569062222130652
