measure,Hyperarea,GD,HyperVolume
two-hop,0.46835448860126405,1.0860342233627032,0.026689498747698465
page_rank,0.9857383905247936,0.06361879893941182,0.056172971925690166
degree_centrality,0.9759203958762162,0.0731072770013208,0.05561348682998693
katz_centrality,0.830857249201836,0.3846909259667618,0.04734696485628759
betweenness,0.935874755629454,0.15916819838912966,0.05333145881225895
closeness,0.8664404524266265,0.3066741438430816,0.04937469786839858
eigenvector_centrality,0.808423435891423,0.4351417693757162,0.046068558762556056
core,0.7999771739079501,0.4384379481417217,0.04558724278477208
