measure,Hyperarea,GD,HyperVolume
two-hop,0.36988730021710603,1.0557585622217962,0.02114199086605983
page_rank,0.9761471407903128,0.07498460528056382,0.05579454585871394
degree_centrality,0.968139981851875,0.07522786412926451,0.05533687326211444
katz_centrality,0.8165849176385186,0.3894131819628238,0.046674300144780606
betweenness,0.9286557701953678,0.14199840394650357,0.053080037621351765
closeness,0.8721474025722036,0.27215943523677416,0.04985013653676828
eigenvector_centrality,0.8125133413840794,0.3977130523255312,0.046441577291275515
core,0.7780430124434033,0.46215008964132476,0.044471324786834035
