measure,Hyperarea,GD,HyperVolume
two-hop,0.3641570165901555,1.320382559810103,0.02075352997804201
page_rank,0.9786924497997359,0.0830660662420122,0.055776278283446605
degree_centrality,0.9700557386725347,0.09386366144687952,0.05528406686055979
katz_centrality,0.8166204887934135,0.42408795645802366,0.04653969859911135
betweenness,0.9337894395356426,0.17544603397791575,0.05321722840340818
closeness,0.8735941350107882,0.30102433561639846,0.04978666136754098
eigenvector_centrality,0.8191855386038013,0.4227158089965782,0.0466858823487299
core,0.7757817907227018,0.497708891032055,0.04421227634425307
