measure,Hyperarea,GD,HyperVolume
page_rank,0.9791446757693113,0.05597670374895807,0.056034586092219896
