measure,Hyperarea,GD,HyperVolume
page_rank,0.9816525771016467,0.07348165503916085,0.05594013907174212
