measure,Hyperarea,GD,HyperVolume
page_rank,0.999719849077169,0.07017704137444267,0.2328784625347862
