measure,Hyperarea,GD,HyperVolume
page_rank,1.0011774638741284,0.07458530370784851,0.2328784625347862
