measure,Hyperarea,GD,HyperVolume
page_rank,0.9462429616527516,0.10695726856860065,0.22010044577048113
