measure,Hyperarea,GD,HyperVolume
page_rank,0.9381548528396468,0.11953047989909195,0.21986053232880196
