measure,Hyperarea,GD,HyperVolume
page_rank,0.983597087047341,0.0506180076195048,0.056172971925690166
