measure,Hyperarea,GD,HyperVolume
two-hop,0.29181539488991515,1.2570357796980511,0.01670953978316492
page_rank,0.9577586233625008,0.0838830724495231,0.05484188325904545
degree_centrality,0.9476092555005192,0.09478948391363556,0.054260723837597745
katz_centrality,0.800246201872952,0.43496760321452327,0.04582261930206628
betweenness,0.9132889724331801,0.1614671339399813,0.05229552205138107
closeness,0.8574960454652891,0.3014987136265834,0.04910078267465668
eigenvector_centrality,0.7988794581088416,0.43097152974983644,0.045744358662978296
core,0.7244585070932854,0.5740748814062842,0.04148296648329388
