measure,Hyperarea,GD,HyperVolume
page_rank,0.959616965397229,0.08879025434781805,0.22489026860051445
