measure,Hyperarea,GD,HyperVolume
page_rank,0.9742723529846117,0.059063057734904535,0.05578747018461935
