measure,Hyperarea,GD,HyperVolume
two-hop,0.45346435495960785,0.9852004289800605,0.02595090191117343
page_rank,0.97506743952762,0.05662491407418255,0.05580125362271138
degree_centrality,0.9660690647755545,0.07114632110408897,0.05528629376313955
katz_centrality,0.8208050487592582,0.37785152477714684,0.04697311062177043
betweenness,0.9276399701379204,0.14963240075579118,0.05308706982289121
closeness,0.8589413556044508,0.2991791336130048,0.049155578873949064
eigenvector_centrality,0.7991240293262578,0.4177508827010089,0.04573234714722974
core,0.7919164795509857,0.43282736816874995,0.04531987279242704
