measure,Hyperarea,GD,HyperVolume
page_rank,0.9674237558688547,0.07539131782530253,0.22685948876617718
