measure,Hyperarea,GD,HyperVolume
two-hop,0.3056287823512581,1.5230112079790274,0.017413954463399946
page_rank,0.9716916942549568,0.10616590002480715,0.05536453335986046
degree_centrality,0.9608624456006828,0.10519909624052555,0.05474751018067039
katz_centrality,0.8142852833589141,0.45669934087383474,0.04639591446702134
betweenness,0.9255224201736809,0.17939189092405697,0.052733924978430116
closeness,0.867329008503061,0.32696793444690314,0.049418211670586645
eigenvector_centrality,0.8056603999246553,0.47449166041378754,0.04590449043875787
core,0.7408474269205123,0.5990719005138048,0.04221161128042466
