measure,Hyperarea,GD,HyperVolume
page_rank,0.9621528162079827,0.0904553206744179,0.22520283335885238
