measure,Hyperarea,GD,HyperVolume
page_rank,0.9690038981461616,0.08137977137875389,0.22599695091224983
