measure,Hyperarea,GD,HyperVolume
page_rank,0.9831288250196892,0.057749222754387534,0.05619360444796681
