measure,Hyperarea,GD,HyperVolume
page_rank,0.9803467374355623,0.0559403603119974,0.056034586092219896
