measure,Hyperarea,GD,HyperVolume
page_rank,0.9748265886360047,0.06033875123951734,0.05578747018461935
