measure,Hyperarea,GD,HyperVolume
page_rank,0.9905981629777693,0.05963276875754361,0.2322938541280924
