measure,Hyperarea,GD,HyperVolume
page_rank,0.9326930183249471,0.14793945290023314,0.21711234412630598
