measure,Hyperarea,GD,HyperVolume
page_rank,0.9430062861679863,0.1115976027919557,0.22099748611729206
