measure,Hyperarea,GD,HyperVolume
page_rank,0.9386003692142417,0.1313185881841475,0.22010044577048113
