measure,Hyperarea,GD,HyperVolume
two-hop,0.2935346165452166,1.1705776949339064,0.01670953978316492
page_rank,0.9634012295946282,0.08082519247180703,0.05484188325904545
degree_centrality,0.9531920670359941,0.07982190222397673,0.054260723837597745
katz_centrality,0.8049608283934334,0.42041742726958287,0.04582261930206628
betweenness,0.9186695870493057,0.14262924487722778,0.05229552205138107
closeness,0.8625479577239121,0.28388197850369434,0.04910078267465668
eigenvector_centrality,0.8035860324993885,0.4178804576051392,0.045744358662978296
core,0.7287266326808063,0.5632200647450558,0.04148296648329388
