measure,Hyperarea,GD,HyperVolume
page_rank,0.9942591830768827,0.06027393879599505,0.2331523581114907
