measure,Hyperarea,GD,HyperVolume
page_rank,0.9839953384721455,0.052656164801673296,0.056014208641441014
