measure,Hyperarea,GD,HyperVolume
two-hop,0.3217149730311634,1.3937348877777467,0.018334732088113564
page_rank,0.9606649440423713,0.09396628042465692,0.05474887975995237
degree_centrality,0.9506414150628153,0.12075227820848816,0.05417763274373159
katz_centrality,0.8092602777073499,0.44319063393600533,0.04612023569036489
betweenness,0.9173628070155596,0.1973385870147996,0.05228106461989525
closeness,0.861436032839911,0.31932441311242676,0.04909376372618267
eigenvector_centrality,0.8047911547609332,0.4522958439193846,0.04586553765402745
core,0.7369431331792944,0.5682091894313943,0.041998837616142065
