measure,Hyperarea,GD,HyperVolume
page_rank,0.9820459165897855,0.07253479140937781,0.05594013907174212
