measure,Hyperarea,GD,HyperVolume
page_rank,0.9624856903659981,0.08486086036638336,0.22447673506322416
