measure,Hyperarea,GD,HyperVolume
page_rank,0.9658478177858151,0.08010885697672059,0.22590179126444218
