measure,Hyperarea,GD,HyperVolume
two-hop,0.4674477512612574,0.9480429460123799,0.026695818596971715
page_rank,0.9784932979944918,0.05150547382935663,0.0558814958701429
degree_centrality,0.9677223465401411,0.06721891411625605,0.05526636965471817
katz_centrality,0.8279214652671657,0.3691606052628428,0.047282377954918006
betweenness,0.9290531313517673,0.1435345316727452,0.05305798090716137
closeness,0.862552309283909,0.2947145539963863,0.049260136382970214
eigenvector_centrality,0.8047031504576392,0.4152013398055158,0.045956386079654764
core,0.796951399194622,0.4319642563393087,0.04551368559608629
