measure,Hyperarea,GD,HyperVolume
two-hop,0.4684206167124497,1.007507554014327,0.026822069936248666
page_rank,0.976938562357297,0.06450390046673314,0.05594013907174212
degree_centrality,0.9672217511994577,0.08041098614654534,0.05538374812921262
katz_centrality,0.8248054145731473,0.38552664218581184,0.047228895834570433
betweenness,0.9297089602560612,0.15892415330047943,0.053235741260408816
closeness,0.864941087163149,0.30007156498940807,0.04952709061665077
eigenvector_centrality,0.8041200698587482,0.42888632770877394,0.046044439508802826
core,0.7930699426512834,0.4455993512074669,0.04541170201991256
