measure,Hyperarea,GD,HyperVolume
two-hop,0.29446198406320495,1.1944095623649018,0.016816646756874058
page_rank,0.9600327599583849,0.07153146995339903,0.054827219379808535
degree_centrality,0.9503686500945223,0.08480288316921844,0.0542753045976093
katz_centrality,0.8007914034465367,0.4377314004206596,0.0457329872327807
betweenness,0.9166208923836864,0.149124267143283,0.05234797899710705
closeness,0.8582223704738369,0.2994290428710719,0.04901285471202883
eigenvector_centrality,0.8032368494041673,0.4272031702251345,0.04587264601068146
core,0.7296938014772113,0.5697352808411035,0.04167262181283453
