measure,Hyperarea,GD,HyperVolume
page_rank,0.9764695872871311,0.05919762527268851,0.0558814958701429
