measure,Hyperarea,GD,HyperVolume
two-hop,0.36457494001132623,1.0313836783120574,0.02075352997804201
page_rank,0.9798156424838262,0.05345454297761543,0.055776278283446605
degree_centrality,0.9711690194678039,0.05895664697627835,0.05528406686055979
katz_centrality,0.8175576802051576,0.3782844752418139,0.04653969859911135
betweenness,0.9348610994500334,0.12657854251100237,0.05321722840340818
closeness,0.8745967120118769,0.2598854099628896,0.04978666136754098
eigenvector_centrality,0.8201256737852474,0.3750821804743852,0.0466858823487299
core,0.7766721137572451,0.45607050623712286,0.04421227634425307
