measure,Hyperarea,GD,HyperVolume
two-hop,0.3787682450606908,1.025230749449459,0.021561487820180948
page_rank,0.9787657631487433,0.051321654480366186,0.055716513609952334
degree_centrality,0.971469008775652,0.052968057335161974,0.05530114383544272
katz_centrality,0.8206682470016042,0.3709929971552995,0.046716768480153506
betweenness,0.9343542148145252,0.12399710494918123,0.05318837385438706
closeness,0.8740161925669389,0.26089301412484883,0.04975361513648904
eigenvector_centrality,0.8241936371860915,0.3655795009537272,0.046917452298069734
core,0.7771577050342117,0.45460588819744163,0.04423991876290996
