measure,Hyperarea,GD,HyperVolume
two-hop,0.36867339333282045,1.027374829742858,0.021054840895880667
page_rank,0.9740808898536656,0.052510173146205354,0.05562950439733022
degree_centrality,0.9663469003972822,0.06247978350540469,0.055187818285884774
katz_centrality,0.8154605516135861,0.37285469006531574,0.04657073844108801
betweenness,0.9280243890802956,0.13774664484394905,0.05299922970558185
closeness,0.8673848892039744,0.2681575838845414,0.049536123756004614
eigenvector_centrality,0.815336042073736,0.37672566205595487,0.04656362773389033
core,0.7711015281635816,0.45765673253165157,0.04403740623451529
