measure,Hyperarea,GD,HyperVolume
page_rank,0.9444989612796223,0.10631581325718056,0.21986053232880196
