measure,Hyperarea,GD,HyperVolume
page_rank,0.9685823351662893,0.07840343268992342,0.22556742772657382
