measure,Hyperarea,GD,HyperVolume
page_rank,0.9834516538398153,0.07411320179509027,0.056034586092219896
