measure,Hyperarea,GD,HyperVolume
page_rank,0.995908861589403,0.045685353921358196,0.2329327577557029
