measure,Hyperarea,GD,HyperVolume
page_rank,0.9391543917825376,0.11833874095742823,0.21845161195978183
