measure,Hyperarea,GD,HyperVolume
page_rank,0.9697462906865771,0.0750109531756026,0.22556742772657382
