measure,Hyperarea,GD,HyperVolume
page_rank,1.000418320939745,0.08119635701056484,0.23298152269747302
