measure,Hyperarea,GD,HyperVolume
page_rank,0.9437200471244735,0.13360674325828253,0.22088843365609415
