measure,Hyperarea,GD,HyperVolume
two-hop,0.46610539353815383,0.9933108193475684,0.026689498747698465
page_rank,0.9810047552087992,0.05818252100784746,0.056172971925690166
degree_centrality,0.9712339077613934,0.07189198399209216,0.05561348682998693
katz_centrality,0.8268673719127128,0.37522388475900365,0.04734696485628759
betweenness,0.9313805715364141,0.15219310430202346,0.05333145881225895
closeness,0.862279700279569,0.2985974237636106,0.04937469786839858
eigenvector_centrality,0.8045412884949155,0.4234083030306404,0.046068558762556056
core,0.7961355864859728,0.4320418348840123,0.04558724278477208
