measure,Hyperarea,GD,HyperVolume
two-hop,0.37596894279000237,1.198394156014579,0.021416264342672128
page_rank,0.9803517060011446,0.07264852754867993,0.055843631999776995
degree_centrality,0.9726952285379274,0.07121208223367331,0.05540749718483948
katz_centrality,0.816636333770425,0.4065957075420655,0.046517937003181416
betweenness,0.9334844681303706,0.14994298527965153,0.05317394032843056
closeness,0.8749704845093137,0.2787478354567928,0.04984081676861757
eigenvector_centrality,0.8169889073087174,0.4098587888112182,0.04653802059849189
core,0.7755228558939817,0.4832336421287382,0.04417599592763807
