measure,Hyperarea,GD,HyperVolume
page_rank,0.9474672257998,0.11896280209709292,0.22055148514532472
