measure,Hyperarea,GD,HyperVolume
two-hop,0.46714122323831797,0.9228491645864619,0.026689498747698465
page_rank,0.9831848498301765,0.06961288147504228,0.056172971925690166
degree_centrality,0.9733922885512595,0.07482951919706661,0.05561348682998693
katz_centrality,0.8287049258088869,0.3706317642075257,0.04734696485628759
betweenness,0.9334503859421859,0.14345916801714612,0.05333145881225895
closeness,0.8641959512729724,0.29310463177641594,0.04937469786839858
eigenvector_centrality,0.8063292269594446,0.4150798457867219,0.046068558762556056
core,0.7979048448924887,0.42973529361630913,0.04558724278477208
