measure,Hyperarea,GD,HyperVolume
page_rank,0.9928484059601733,0.05861044007597729,0.23184748404575045
