measure,Hyperarea,GD,HyperVolume
page_rank,0.942280473946292,0.12930633795866878,0.22055148514532472
