measure,Hyperarea,GD,HyperVolume
two-hop,0.3666554135091879,1.2591371702551877,0.020894107856029465
page_rank,0.979667900897332,0.05967314166173694,0.055827040949787875
degree_centrality,0.9725459252221953,0.06574047809848367,0.05542119032704616
katz_centrality,0.8186629674752189,0.40719338785841924,0.04665206542691816
betweenness,0.9346577741635917,0.14663610293642115,0.053262108296571346
closeness,0.8758649129051105,0.2809499273925131,0.04991175715203956
eigenvector_centrality,0.8224344340572776,0.3995540415603252,0.04686698501254966
core,0.7730254814750583,0.4893235926294407,0.04405138227965707
