measure,Hyperarea,GD,HyperVolume
page_rank,0.97669060346003,0.05466428580624562,0.055778544457609845
