measure,Hyperarea,GD,HyperVolume
page_rank,0.9333966898535012,0.13435163773373585,0.21711234412630598
