measure,Hyperarea,GD,HyperVolume
page_rank,0.9815988725969583,0.06559993690276573,0.05608235920458107
