measure,Hyperarea,GD,HyperVolume
page_rank,0.96371050308272,0.09431661621803587,0.22556742772657382
