measure,Hyperarea,GD,HyperVolume
two-hop,0.4491860574488398,1.072348621605644,0.025586920222663855
page_rank,0.9833462300976421,0.06779039825067099,0.056014208641441014
degree_centrality,0.9737671717965032,0.0734791334401864,0.055468558133160484
katz_centrality,0.8291084904435891,0.37541827725482396,0.04722838665429767
betweenness,0.9340063630781515,0.1553859149951453,0.05320366895462463
closeness,0.8671381640898076,0.29517130728673396,0.049394665436872216
eigenvector_centrality,0.8093819490004036,0.4170793713750682,0.04610470653599091
core,0.8021125746815775,0.41977420834245677,0.04569062222130652
