measure,Hyperarea,GD,HyperVolume
page_rank,0.9322763635988845,0.14137503400127882,0.21711234412630598
