measure,Hyperarea,GD,HyperVolume
two-hop,0.3690394086921874,1.2491732134799993,0.02102996144129392
page_rank,0.9744094945301016,0.06058045827512538,0.05552738709022474
degree_centrality,0.9657106233873913,0.07175937398866687,0.055031676007871025
katz_centrality,0.816160146101466,0.4008890605499573,0.046509440450439365
betweenness,0.9292285283524276,0.14649390058280215,0.052952719035221966
closeness,0.8702460637722793,0.28311644201710795,0.04959156321658253
eigenvector_centrality,0.815921083609787,0.4020908771998006,0.04649581731192447
core,0.7692288233526533,0.4887124674966819,0.043835027136983
