measure,Hyperarea,GD,HyperVolume
page_rank,0.9817940333420704,0.09216217461250592,0.05594013907174212
