measure,Hyperarea,GD,HyperVolume
page_rank,1.0038635031583105,0.07793254488808851,0.23350324757178442
