measure,Hyperarea,GD,HyperVolume
page_rank,0.9489261869060159,0.09676677155737065,0.22104639781800733
