measure,Hyperarea,GD,HyperVolume
page_rank,0.978973502487708,0.05904474989095835,0.05578747018461935
