measure,Hyperarea,GD,HyperVolume
page_rank,0.9833099587705174,0.05963650679914529,0.056034586092219896
