measure,Hyperarea,GD,HyperVolume
two-hop,0.3746858206794408,1.0473981628482372,0.021416264342672128
page_rank,0.9770059217968374,0.06176723805387585,0.055843631999776995
degree_centrality,0.969375574671539,0.06391807236339286,0.05540749718483948
katz_centrality,0.8138492840519751,0.3932952590204619,0.046517937003181416
betweenness,0.930298634343049,0.13754543405565545,0.05317394032843056
closeness,0.8719843496269178,0.2717475669758861,0.04984081676861757
eigenvector_centrality,0.8142006543129455,0.3978838931058449,0.04653802059849189
core,0.7728761199262205,0.4700758697609772,0.04417599592763807
