measure,Hyperarea,GD,HyperVolume
page_rank,0.9819233520697471,0.05811618974218573,0.05619360444796681
