measure,Hyperarea,GD,HyperVolume
page_rank,0.9806234904576979,0.05827004025182514,0.0558814958701429
