measure,Hyperarea,GD,HyperVolume
page_rank,0.963933178434055,0.08318701446206105,0.22590179126444218
