measure,Hyperarea,GD,HyperVolume
page_rank,0.9793657684943913,0.06417949798044129,0.05578747018461935
