measure,Hyperarea,GD,HyperVolume
page_rank,0.9835459769455981,0.06543506797811628,0.05619360444796681
