measure,Hyperarea,GD,HyperVolume
page_rank,0.9770882443160753,0.05069814848999289,0.05580125362271138
