measure,Hyperarea,GD,HyperVolume
page_rank,0.9807647984066271,0.06789625023308712,0.0558814958701429
