measure,Hyperarea,GD,HyperVolume
page_rank,0.9608174197655986,0.0915272988211341,0.22489026860051445
