measure,Hyperarea,GD,HyperVolume
two-hop,0.46694309436024517,0.9377022014223101,0.026689498747698465
page_rank,0.9827678510693207,0.060354235369566515,0.056172971925690166
degree_centrality,0.9729794431151011,0.06677072696271845,0.05561348682998693
katz_centrality,0.8283534467078439,0.3687152792674844,0.04734696485628759
betweenness,0.9330544810883576,0.1390934902232164,0.05333145881225895
closeness,0.8638294193427056,0.29189617665233925,0.04937469786839858
eigenvector_centrality,0.8059872380765383,0.41357829334269003,0.046068558762556056
core,0.7975664290476367,0.4277680254396262,0.04558724278477208
