measure,Hyperarea,GD,HyperVolume
page_rank,0.9787886015332483,0.06047723978001884,0.056014208641441014
