measure,Hyperarea,GD,HyperVolume
page_rank,0.9452115398180518,0.10373548096051612,0.21986053232880196
