measure,Hyperarea,GD,HyperVolume
page_rank,0.94254095437513,0.11380130909576018,0.22088843365609415
