measure,Hyperarea,GD,HyperVolume
page_rank,0.983703962356803,0.05950801002974854,0.056034586092219896
