measure,Hyperarea,GD,HyperVolume
two-hop,0.4561922815289268,0.9757216432978101,0.02596887265528408
page_rank,0.9798554521118988,0.05761873569171424,0.055778544457609845
degree_centrality,0.9708887871583549,0.05850021855319315,0.05526811455831218
katz_centrality,0.8285262481206064,0.37188589225920715,0.047164087381956335
betweenness,0.9311076534596707,0.13449238923398624,0.05300356244523911
closeness,0.8634362064811854,0.2926547613716975,0.04915134648250221
eigenvector_centrality,0.8035304900602658,0.4228419060640214,0.045741196894165136
core,0.7975395034362074,0.43640813145890067,0.045400158312367433
