measure,Hyperarea,GD,HyperVolume
two-hop,0.45609846773056306,1.0914182090770506,0.025980670846691003
page_rank,0.9845426336703818,0.06968170234317096,0.05608235920458107
degree_centrality,0.9753956473795399,0.07381172974853561,0.0555613207515382
katz_centrality,0.8308921833181049,0.385448170166849,0.04732999089273102
betweenness,0.935477620699976,0.15560106220714082,0.05328747598908695
closeness,0.8694683844036779,0.2981756170517124,0.049527401438543464
eigenvector_centrality,0.8072287132208003,0.4325801292187442,0.04598205207866824
core,0.8049661091786091,0.43166757212758694,0.0458531676928709
