measure,Hyperarea,GD,HyperVolume
two-hop,0.30492093077848637,1.2021277425590966,0.017413954463399946
page_rank,0.9694412076066244,0.0757010458178838,0.05536453335986046
degree_centrality,0.9586370400348089,0.07453938559725211,0.05474751018067039
katz_centrality,0.812399357844713,0.41123432612068167,0.04639591446702134
betweenness,0.9233788638773289,0.13340429361703363,0.052733924978430116
closeness,0.8653202310637887,0.28641358892437796,0.049418211670586645
eigenvector_centrality,0.8037944500726184,0.4276139425073369,0.04590449043875787
core,0.7391315871612618,0.5510557355435719,0.04221161128042466
