measure,Hyperarea,GD,HyperVolume
two-hop,0.4556693343428083,1.1652838411525706,0.02596887265528408
page_rank,0.9787322137928124,0.06645163113930816,0.055778544457609845
degree_centrality,0.969775827601966,0.07555842099553409,0.05526811455831218
katz_centrality,0.8275764831034784,0.3920143572538003,0.047164087381956335
betweenness,0.930040296235392,0.15802837984301008,0.05300356244523911
closeness,0.8624464231094482,0.3128631932881597,0.04915134648250221
eigenvector_centrality,0.8026093784462571,0.4452599207939367,0.045741196894165136
core,0.796625259473678,0.45389561908841747,0.045400158312367433
