measure,Hyperarea,GD,HyperVolume
two-hop,0.4667567043633194,0.9431388179350864,0.026570255366853524
page_rank,0.9800122493600052,0.05377894225720525,0.05578747018461935
degree_centrality,0.9691559892610818,0.061176299497253755,0.05516947455550281
katz_centrality,0.8267599395620229,0.36654620762022155,0.04706353977542064
betweenness,0.9331162601791515,0.1295827707729559,0.05311790294205314
closeness,0.8644661142326134,0.28674193919738666,0.04920997426803573
eigenvector_centrality,0.8057889680210819,0.4084012955099061,0.0458697613809702
core,0.795875027112027,0.42958973481980484,0.04530540753413088
