measure,Hyperarea,GD,HyperVolume
page_rank,0.99172395780351,0.04232108692189857,0.23195395214668904
