measure,Hyperarea,GD,HyperVolume
page_rank,0.9764374861353131,0.07156735325461852,0.05578747018461935
