measure,Hyperarea,GD,HyperVolume
page_rank,0.9774943147388774,0.06215700105924131,0.05594013907174212
