measure,Hyperarea,GD,HyperVolume
page_rank,0.9974959106652239,0.05712648080695474,0.2329327577557029
