measure,Hyperarea,GD,HyperVolume
two-hop,0.4549254078660192,0.9623203230977069,0.025980670846691003
page_rank,0.9820104448335333,0.050665917645611715,0.05608235920458107
degree_centrality,0.9728869840821494,0.06370444782282225,0.0555613207515382
katz_centrality,0.8287551748846772,0.3670205555367368,0.04732999089273102
betweenness,0.9330716243446662,0.14180663825035975,0.05328747598908695
closeness,0.8672321601288875,0.2853782629039448,0.049527401438543464
eigenvector_centrality,0.805152565914938,0.41174183248071505,0.04598205207866824
core,0.802895781164367,0.41650354267457246,0.0458531676928709
