measure,Hyperarea,GD,HyperVolume
two-hop,0.32178916366206134,1.4615590989086877,0.018334732088113564
page_rank,0.9608864828088405,0.10345289655302473,0.05474887975995237
degree_centrality,0.9508606423051058,0.12959433158211617,0.05417763274373159
katz_centrality,0.8094469010714975,0.4527131496353408,0.04612023569036489
betweenness,0.9175743598841548,0.21059733456193935,0.05228106461989525
closeness,0.8616346884453757,0.33211326631742416,0.04909376372618267
eigenvector_centrality,0.8049767475014582,0.46496839001997853,0.04586553765402745
core,0.7371130795000121,0.5818028492272135,0.041998837616142065
