measure,Hyperarea,GD,HyperVolume
two-hop,0.37581835570541205,1.2599732284850378,0.021416264342672128
page_rank,0.9799590450962722,0.07284854196902528,0.055843631999776995
degree_centrality,0.972305634286941,0.07878655370914368,0.05540749718483948
katz_centrality,0.8163092458898132,0.4171232810015538,0.046517937003181416
betweenness,0.9331105789906906,0.16433058335473624,0.05317394032843056
closeness,0.8746200320134583,0.29122072101761703,0.04984081676861757
eigenvector_centrality,0.8166616782115975,0.42056370922929454,0.04653802059849189
core,0.775212235221339,0.4920649444862192,0.04417599592763807
