measure,Hyperarea,GD,HyperVolume
page_rank,0.9459180898733255,0.11215966763344007,0.22088843365609415
