measure,Hyperarea,GD,HyperVolume
page_rank,0.9871467645414275,0.05177491908655711,0.05619360444796681
