measure,Hyperarea,GD,HyperVolume
page_rank,0.9954668984775444,0.056729146036819986,0.23245894788907304
