measure,Hyperarea,GD,HyperVolume
page_rank,0.976264495713566,0.05661928596992692,0.05580125362271138
