measure,Hyperarea,GD,HyperVolume
two-hop,0.3113603791698591,1.1055476715984653,0.01778916532420303
page_rank,0.9633048616495734,0.08638144595359315,0.05503715497514932
degree_centrality,0.954511904611609,0.0871411715323909,0.05453478095166565
katz_centrality,0.8019080495446299,0.43079445109405395,0.0458159606119196
betweenness,0.9187310069186776,0.15093605642598715,0.05249048647140774
closeness,0.8612229749541236,0.2950676334163323,0.04920484078066651
eigenvector_centrality,0.8004342549523233,0.43115548751336497,0.04573175729829839
core,0.7395667118487036,0.5459617257244892,0.04225417036178697
