measure,Hyperarea,GD,HyperVolume
page_rank,0.9786943503146239,0.06103489002281676,0.05594013907174212
