measure,Hyperarea,GD,HyperVolume
two-hop,0.37043948123063963,1.0589758968978833,0.021087370619965188
page_rank,0.9793118332042441,0.06394628159256556,0.055747598799917926
degree_centrality,0.9707329354471196,0.06323723126856315,0.055259242656252344
katz_centrality,0.8194837866912262,0.38478425173906483,0.04664934274716575
betweenness,0.9329329628600639,0.1282761892249042,0.05310746869112393
closeness,0.8730200752942371,0.26818974703876286,0.04969691088336616
eigenvector_centrality,0.8215939210087237,0.38306499992243787,0.046769462730767805
core,0.7808250129451262,0.46209495100922277,0.044448681286920824
