measure,Hyperarea,GD,HyperVolume
page_rank,0.974513066940948,0.05682463971718326,0.05580125362271138
