measure,Hyperarea,GD,HyperVolume
page_rank,0.943214994611019,0.11284395829943789,0.22104639781800733
