measure,Hyperarea,GD,HyperVolume
page_rank,0.9974555665063403,0.06932812979357784,0.23375790378594832
