measure,Hyperarea,GD,HyperVolume
page_rank,0.9758671900944875,0.06440131709344986,0.055778544457609845
