measure,Hyperarea,GD,HyperVolume
page_rank,0.9697698198922783,0.07794035833849164,0.22590179126444218
