measure,Hyperarea,GD,HyperVolume
two-hop,0.3655504911658348,1.073998399987805,0.020894107856029465
page_rank,0.9767156549659074,0.059558663934583096,0.055827040949787875
degree_centrality,0.969615141485961,0.06339863858171105,0.05542119032704616
katz_centrality,0.8161959126572312,0.3963323884343283,0.04665206542691816
betweenness,0.9318411670169031,0.13154750707977747,0.053262108296571346
closeness,0.8732254790487668,0.27251432618944266,0.04991175715203956
eigenvector_centrality,0.8199560138604076,0.3906945497037615,0.04686698501254966
core,0.770695955999658,0.48530108344294787,0.04405138227965707
