measure,Hyperarea,GD,HyperVolume
page_rank,0.9804060462448946,0.06742200396848655,0.056014208641441014
