measure,Hyperarea,GD,HyperVolume
page_rank,0.9643937911956365,0.08199561022642483,0.22520283335885238
