measure,Hyperarea,GD,HyperVolume
page_rank,0.9815628207310909,0.058975322747605315,0.056172971925690166
