measure,Hyperarea,GD,HyperVolume
page_rank,0.9840631754157358,0.08205516987782133,0.05608235920458107
