measure,Hyperarea,GD,HyperVolume
two-hop,0.46637054755347007,0.9632828486656353,0.026689498747698465
page_rank,0.9815628207310909,0.058975322747605315,0.056172971925690166
degree_centrality,0.9717864149282797,0.0693208928199091,0.05561348682998693
katz_centrality,0.8273377530900948,0.3715629161591776,0.04734696485628759
betweenness,0.9319104072811921,0.145222880190872,0.05333145881225895
closeness,0.8627702265168203,0.29602245751112993,0.04937469786839858
eigenvector_centrality,0.8049989690025637,0.4187425893322967,0.046068558762556056
core,0.7965884852303758,0.4295832423962764,0.04558724278477208
