measure,Hyperarea,GD,HyperVolume
page_rank,0.9913021918336353,0.06728821549538054,0.23245894788907304
