measure,Hyperarea,GD,HyperVolume
two-hop,0.36309102686616457,1.0390079420612484,0.02075352997804201
page_rank,0.9758275425017716,0.059396751768419846,0.055776278283446605
degree_centrality,0.9672161134504093,0.06797012854947958,0.05528406686055979
katz_centrality,0.814230011582222,0.38825414862439867,0.04653969859911135
betweenness,0.9310559759428305,0.13676223597403686,0.05321722840340818
closeness,0.8710368799575146,0.2697110432364589,0.04978666136754098
eigenvector_centrality,0.816787552772386,0.38577107988891474,0.0466858823487299
core,0.7735108598349402,0.46444391326048606,0.04421227634425307
