measure,Hyperarea,GD,HyperVolume
page_rank,1.0011518850270162,0.07064892453181573,0.2331523581114907
