measure,Hyperarea,GD,HyperVolume
two-hop,0.4662157633828803,0.9918863585510487,0.026695818596971715
page_rank,0.9759144175122351,0.057124160576575905,0.0558814958701429
degree_centrality,0.9651718535762638,0.07621959750282128,0.05526636965471817
katz_centrality,0.8257394262976654,0.37746004331246646,0.047282377954918006
betweenness,0.9266045535308121,0.1539152420104271,0.05305798090716137
closeness,0.8602789985520962,0.3031746016493915,0.049260136382970214
eigenvector_centrality,0.8025823048136486,0.4237301606762923,0.045956386079654764
core,0.7948509837774672,0.4399460258096333,0.04551368559608629
