measure,Hyperarea,GD,HyperVolume
two-hop,0.47118030274047956,0.9367756109881845,0.026822069936248666
page_rank,0.9826941666253218,0.05392192189308981,0.05594013907174212
degree_centrality,0.9729201091656918,0.05981670001368729,0.05538374812921262
katz_centrality,0.8296647309593818,0.3641697971285554,0.047228895834570433
betweenness,0.9351863127384517,0.13230709897853757,0.053235741260408816
closeness,0.8700368616618585,0.27774943938145696,0.04952709061665077
eigenvector_centrality,0.8088575191563947,0.40613551987087837,0.046044439508802826
core,0.7977422904555832,0.4285722524226202,0.04541170201991256
