measure,Hyperarea,GD,HyperVolume
page_rank,0.9789579190490435,0.06722615811332422,0.055778544457609845
