measure,Hyperarea,GD,HyperVolume
page_rank,0.9791145726731958,0.06808921410895265,0.05578747018461935
