measure,Hyperarea,GD,HyperVolume
two-hop,0.2933409817073707,1.3203973658364516,0.01670953978316492
page_rank,0.9627657064557607,0.09047095053785849,0.05484188325904545
degree_centrality,0.9525632785356503,0.08867025796972484,0.054260723837597745
katz_centrality,0.8044298230172608,0.43349592283940475,0.04582261930206628
betweenness,0.9180635718589479,0.1539475250305932,0.05229552205138107
closeness,0.8619789640703053,0.2928431714276488,0.04910078267465668
eigenvector_centrality,0.8030559340294717,0.42863064175397014,0.045744358662978296
core,0.7282459164197604,0.5752996585445831,0.04148296648329388
