measure,Hyperarea,GD,HyperVolume
two-hop,0.3213883026588264,1.4965288471492966,0.01831189204273962
page_rank,0.9622831235777126,0.11593524137712015,0.05482845681602595
degree_centrality,0.9513219958114619,0.1275576562032898,0.054203919498825165
katz_centrality,0.8089691497921244,0.4677171808607482,0.04609301463166803
betweenness,0.9166422072608928,0.20506794278336618,0.05222795292272608
closeness,0.8613745728543669,0.34148213115402504,0.0490789429981668
eigenvector_centrality,0.8034081533917578,0.480181647432155,0.045776163131812174
core,0.7340108065756956,0.6126796091118247,0.04182207795685383
