measure,Hyperarea,GD,HyperVolume
page_rank,0.9762812608321357,0.07638475722087787,0.055778544457609845
