measure,Hyperarea,GD,HyperVolume
page_rank,0.9315690521349973,0.15109376325106114,0.21845161195978183
