measure,Hyperarea,GD,HyperVolume
page_rank,0.9258578538746902,0.1536917891980787,0.21711234412630598
