measure,Hyperarea,GD,HyperVolume
two-hop,0.4616260782686102,1.0064609222070264,0.02643301023472603
page_rank,0.9785879850783624,0.0558671372094407,0.056034586092219896
degree_centrality,0.9693771088380722,0.07221714313830131,0.055507165312952925
katz_centrality,0.8255154727072285,0.3743425565688059,0.04726955422630561
betweenness,0.929121040840215,0.15274067736518362,0.05320207661131762
closeness,0.8631483710541729,0.29789825683913546,0.04942443852334994
eigenvector_centrality,0.8048727875663834,0.41433756038011516,0.04608754061553494
core,0.7980533296535753,0.4287122089161822,0.04569705400897098
