measure,Hyperarea,GD,HyperVolume
two-hop,0.3015437731170802,1.1882538657423012,0.017235616614078318
page_rank,0.9638593116412093,0.08578283391984666,0.055092199031770796
degree_centrality,0.9545170651009709,0.0920360778719636,0.054558215597069824
katz_centrality,0.8091691704476217,0.4175495132896089,0.046250431416973714
betweenness,0.9187715668393657,0.14981944552294468,0.05251507705917994
closeness,0.861837443236016,0.2935187740338946,0.04926084064586533
eigenvector_centrality,0.8037984263671629,0.429809395623971,0.04594345082524656
core,0.7333722358434597,0.5647230935712918,0.041918035851794974
