measure,Hyperarea,GD,HyperVolume
two-hop,0.4590329360951199,0.935803678986417,0.026130577707460512
page_rank,0.9871467645414275,0.05177491908655711,0.05619360444796681
degree_centrality,0.97804151133728,0.05321560680799874,0.055675285373912885
katz_centrality,0.8300709779656058,0.35820316197709284,0.04725202155852145
betweenness,0.9384439932115569,0.1274962554920973,0.05342118562845938
closeness,0.8704156610834995,0.27560151823080486,0.04954865387920647
eigenvector_centrality,0.8111544030458326,0.3966408491545591,0.04617519026378903
core,0.8028076856559975,0.41144084402432773,0.0457000510521833
