measure,Hyperarea,GD,HyperVolume
two-hop,0.29368591102824027,1.2729959984694934,0.016816646756874058
page_rank,0.9575025333824255,0.07684811145894069,0.054827219379808535
degree_centrality,0.9478638938864821,0.09417759700509495,0.0542753045976093
katz_centrality,0.7986808674572357,0.44687281453200384,0.0457329872327807
betweenness,0.9142050805085903,0.15952152585378002,0.05234797899710705
closeness,0.8559604715674393,0.30921073941234367,0.04901285471202883
eigenvector_centrality,0.8011198682886058,0.43603749924943463,0.04587264601068146
core,0.7277706476789071,0.5785012827897412,0.04167262181283453
