measure,Hyperarea,GD,HyperVolume
page_rank,0.9981743944414888,0.07850715733983041,0.23245894788907304
