measure,Hyperarea,GD,HyperVolume
page_rank,0.9384463796226512,0.14360946970940433,0.21845161195978183
