measure,Hyperarea,GD,HyperVolume
two-hop,0.4535203798002082,1.0319737848521686,0.02596887265528408
page_rank,0.9741164740923286,0.06042135467163922,0.055778544457609845
degree_centrality,0.9652023265718064,0.07210929560366805,0.05526811455831218
katz_centrality,0.8236735997872702,0.38532424786704533,0.047164087381956335
betweenness,0.9256541895374754,0.15269381097942092,0.05300356244523911
closeness,0.8583790917816483,0.3078662557548492,0.04915134648250221
eigenvector_centrality,0.7988242409797802,0.43538043315365543,0.045741196894165136
core,0.7928683433481614,0.44826064317406245,0.045400158312367433
