measure,Hyperarea,GD,HyperVolume
page_rank,0.9798554521118988,0.05761873569171424,0.055778544457609845
