measure,Hyperarea,GD,HyperVolume
page_rank,0.9829523697940903,0.068359570735628,0.056014208641441014
