measure,Hyperarea,GD,HyperVolume
page_rank,0.9403534608698848,0.13330882999624685,0.22010044577048113
