measure,Hyperarea,GD,HyperVolume
two-hop,0.3689316979044792,1.0664562109639935,0.021087370619965188
page_rank,0.9753257838546673,0.07179467069613191,0.055747598799917926
degree_centrality,0.9667818044030971,0.07368000023113028,0.055259242656252344
katz_centrality,0.8161482783228228,0.3949426469706605,0.04664934274716575
betweenness,0.9291356873613704,0.13799214192055662,0.05310746869112393
closeness,0.8694666605541046,0.2786006385804891,0.04969691088336616
eigenvector_centrality,0.8182498238545642,0.39277702653059543,0.046769462730767805
core,0.77764685566217,0.47088162535227907,0.044448681286920824
