measure,Hyperarea,GD,HyperVolume
two-hop,0.3692546241594204,1.059267527829475,0.021088034836097544
page_rank,0.9787983095325742,0.0591815950393042,0.05589891499916568
degree_centrality,0.9701125619070748,0.06553522055259837,0.055402874228055385
katz_centrality,0.8201085294612848,0.3840352200620295,0.046836183238137756
betweenness,0.932947531642767,0.13385307263977467,0.053280389087395436
closeness,0.8743168638331456,0.26991982208508813,0.04993200701080658
eigenvector_centrality,0.8222331441800117,0.38084975264812404,0.046957519428046796
core,0.7771102616813395,0.4663830248352469,0.04438056343134595
