measure,Hyperarea,GD,HyperVolume
page_rank,0.9760233491377365,0.06166895858789149,0.05578747018461935
