measure,Hyperarea,GD,HyperVolume
two-hop,0.8501734489355741,1.8643343818355904,0.47520946949466025
page_rank,0.8381578901619084,1.9932755906236908,0.46849330196712285
degree_centrality,0.8377803735399633,1.9612733112445757,0.4682822868220785
katz_centrality,0.8438768996009602,1.7770669740253644,0.4716899760634139
betweenness,0.8460867689930015,1.7421936283737973,0.4729251956092127
closeness,0.8463237894219693,1.5833431210554052,0.47305767957757255
eigenvector_centrality,0.8431628882800319,1.9779738781545224,0.47129087521939633
core,0.8420214159321014,3.7072502227108894,0.4706528425102097
