measure,Hyperarea,GD,HyperVolume
two-hop,0.24678713101362063,1.6618938575711553,0.07000272473367337
page_rank,0.9411091305320163,0.27659078419209604,0.2669515348648523
degree_centrality,0.9274032833229224,0.3118758477376005,0.2630637849425639
katz_centrality,0.5934705452543587,1.4211376651191598,0.16834165965765452
betweenness,0.8655645082388744,0.5655975147352493,0.24552282673985584
closeness,0.8303984087731491,0.7210251043739585,0.2355477410425377
eigenvector_centrality,0.8172214357772967,0.7816494192966988,0.2318100096233058
core,0.46196191253779834,1.5858823159861395,0.13103840734320935
