measure,Hyperarea,GD,HyperVolume
two-hop,0.9091819368487664,1.015131836460598,0.5127429339135309
page_rank,0.9236006013047134,0.8106352474762007,0.5208744948438784
degree_centrality,0.9202043187571382,0.8695205278721577,0.5189591247652791
katz_centrality,0.9248219266575047,0.8792799873250708,0.5215632744151308
betweenness,0.9248147061510459,0.7357318834408536,0.5215592023328379
closeness,0.925882979157759,0.7212454355327661,0.5221616663870416
eigenvector_centrality,0.9241625877895159,0.836388995803345,0.521191433167616
core,0.9227828960674521,0.9795608800570155,0.5204133411787681
