measure,Hyperarea,GD,HyperVolume
two-hop,0.22723976547225494,1.7055436273670626,0.0646252620755507
page_rank,0.8744894938806186,0.4355588891157025,0.2486981651600534
degree_centrality,0.8650553020326709,0.5025525026063642,0.2460151527067639
katz_centrality,0.5466113837779315,1.4846303162846537,0.15545212281272694
betweenness,0.8155225455173358,0.6973075451065154,0.23192841324690117
closeness,0.7960896649804937,0.7249546038942006,0.22640184972943608
eigenvector_centrality,0.7752565468989194,0.7666384092753126,0.22047706929730254
core,0.21762818373327053,1.6544269667117453,0.061891801285571646
