measure,Hyperarea,GD,HyperVolume
two-hop,0.2500737739364816,1.6642480272416151,0.07093500170809233
page_rank,0.9469230623294733,0.2831634483136519,0.26860069325316094
degree_centrality,0.931416424064859,0.3154016913729772,0.26420213760107336
katz_centrality,0.6020404434663066,1.3051128047868021,0.17077256528495594
betweenness,0.8708160526421996,0.5642572219433913,0.24701246040017968
closeness,0.8326756302790879,0.7314704829024483,0.2361936892716171
eigenvector_centrality,0.8259123492469631,0.7699442548353371,0.23427524199098407
core,0.4550930308416672,1.5394222478333948,0.1290900057688343
