measure,Hyperarea,GD,HyperVolume
two-hop,0.9127998470027264,1.183599954384937,0.5145803484116028
page_rank,0.9223230418654561,1.0735394614921483,0.519948939287846
degree_centrality,0.9195992806218004,1.1124144782854628,0.5184134504133106
katz_centrality,0.9254897655431314,1.0543133575355461,0.5217341431074262
betweenness,0.9255953735251999,0.9620981660457862,0.5217936783849422
closeness,0.9271166893289602,0.9561899227517049,0.5226513025606183
eigenvector_centrality,0.9233646434443135,1.0331450267272901,0.520536130121756
core,0.9265250669392504,0.9349258539507543,0.5223177822862398
