measure,Hyperarea,GD,HyperVolume
two-hop,0.843494914633197,1.3391707432241742,0.4756980310994787
page_rank,0.8291784568103003,1.5561954443535453,0.46762411069933946
degree_centrality,0.8332618733171139,1.4121704505597754,0.46992699736617255
katz_centrality,0.8388506627053085,1.326148968685686,0.47307885526367977
betweenness,0.841140961050687,1.3742613652823388,0.4743704936536999
closeness,0.8380064873500592,1.2631192081400742,0.47260277349077495
eigenvector_centrality,0.8357469133846408,1.4068909822721822,0.47132846244535437
core,0.8385830463668648,2.0846712327838333,0.4729279301507014
