measure,Hyperarea,GD,HyperVolume
two-hop,0.25275155659630205,1.7353328434988216,0.07169907097309038
page_rank,0.944876628378436,0.23572190786883937,0.26803702952906366
degree_centrality,0.929966236461314,0.25657135369588824,0.2638073374840416
katz_centrality,0.601118232992999,1.190469598413293,0.17052167524104694
betweenness,0.8667330928792014,0.5272640838404222,0.24586973223009304
closeness,0.8323209153868873,0.6400086153056941,0.23610788866486884
eigenvector_centrality,0.8256166102397242,0.6972781460140123,0.23420605091935706
core,0.46526397122892643,1.5347921782379026,0.13198333946423949
