measure,Hyperarea,GD,HyperVolume
two-hop,0.8447853880674662,1.408780855493724,0.47623798443021587
page_rank,0.832721402577132,1.5471488448333157,0.46943705224641574
degree_centrality,0.8326123998469602,1.5018414684937107,0.4693756032189495
katz_centrality,0.8397052954125621,1.339479202101511,0.4733741409962939
betweenness,0.8370461561675507,1.3674880706937824,0.4718750820255173
closeness,0.8416653372830741,1.2979405988721222,0.4744790919140019
eigenvector_centrality,0.8347493785547839,1.540447811316765,0.4705803002307105
core,0.8360534544019366,3.0268252886199956,0.47131545789532503
