measure,Hyperarea,GD,HyperVolume
two-hop,0.2531407358254941,1.6993641587621662,0.07181683524972934
page_rank,0.9414952557846166,0.2873467053998698,0.26710521107000745
degree_centrality,0.9253311461623777,0.3200059396953909,0.2625194015442773
katz_centrality,0.5991161362434249,1.1275240561810493,0.1699711613452424
betweenness,0.8665982852593469,0.5293234774753657,0.24585670132156018
closeness,0.8374238679840021,0.635292753554358,0.2375798259615444
eigenvector_centrality,0.8142867118489105,0.6703256840186903,0.23101574086918453
core,0.4461820378430729,1.6096774434538887,0.1265832691789835
