measure,Hyperarea,GD,HyperVolume
two-hop,0.8415108720638823,1.301687307394936,0.474579108948951
page_rank,0.8274665674443938,1.5728099953260997,0.4666586722755927
degree_centrality,0.8313384990886865,1.3421003559927418,0.4688422897791348
katz_centrality,0.8396156972663705,1.2610413866082066,0.4735103047343367
betweenness,0.8377899373723646,1.2804339272876182,0.4724806478012932
closeness,0.8391413840122601,1.1768371452924602,0.47324281067220253
eigenvector_centrality,0.8337465026673859,1.3709960607629583,0.4702003093017136
core,0.839604907266729,2.453037954854933,0.4735042195979642
