measure,Hyperarea,GD,HyperVolume
two-hop,0.9145264254567662,1.114106563237951,0.5155536870305313
page_rank,0.9209248514659111,0.9792715915937681,0.5191607256336631
degree_centrality,0.9191300083463001,1.003112041751367,0.5181489035996583
katz_centrality,0.9260977146922161,0.9895129377909176,0.5220768674034257
betweenness,0.9254990429264804,0.8860290943174525,0.5217393731249067
closeness,0.9266284132057345,0.8722038193184278,0.5223760425477737
eigenvector_centrality,0.9242687000947419,0.9827232874736817,0.5210457815942984
core,0.9239762385224146,0.9319836991376226,0.5208809097680384
