measure,Hyperarea,GD,HyperVolume
two-hop,0.8455782820629277,1.3122411268607286,0.4762768767085903
page_rank,0.836020948667894,1.4766876138066165,0.4708936531849868
degree_centrality,0.8352578090367976,1.3975590853505018,0.4704638103570651
katz_centrality,0.8465142331385127,1.234958261247238,0.47680405658594494
betweenness,0.8448032060127452,1.2500341525985428,0.4758403106233167
closeness,0.8466479399686127,1.1821994228772938,0.47687936773428624
eigenvector_centrality,0.8431704120582436,1.4141285431496624,0.4749206299486175
core,0.8378857377232258,2.854647582533127,0.4719440064471674
