measure,Hyperarea,GD,HyperVolume
two-hop,0.22781516361864473,1.7239326944652285,0.0646252620755507
page_rank,0.876703805415268,0.38489124301258615,0.2486981651600534
degree_centrality,0.8672457250701169,0.4586772825335099,0.2460151527067639
katz_centrality,0.5479954688933502,1.2568372878994996,0.15545212281272694
betweenness,0.8175875457168148,0.6428066747887065,0.23192841324690117
closeness,0.798105458812343,0.673688575799396,0.22640184972943608
eigenvector_centrality,0.7772195887949324,0.7161645928146679,0.22047706929730254
core,0.2181792442101288,1.8888690976197815,0.061891801285571646
