measure,Hyperarea,GD,HyperVolume
two-hop,0.1997369208516271,1.6631906984627889,0.056787773160680635
page_rank,0.7550966655007637,0.6567242355177142,0.2146836847790247
degree_centrality,0.744005551481018,0.6901272362704294,0.21153033854555373
katz_centrality,0.46639542581045645,1.30939151702275,0.13260221260634047
betweenness,0.7180444430652875,0.8750471733663311,0.20414926183011015
closeness,0.6948568127878485,0.9507064673054386,0.19755672058778728
eigenvector_centrality,0.6832841634446556,0.8894024525264582,0.19426646767426847
core,0.12278733770731941,1.7518527595159696,0.03491001789251995
