measure,Hyperarea,GD,HyperVolume
two-hop,0.9437931809584329,0.8823876735326391,0.5325404080455715
page_rank,0.9624007974707915,0.6620997045324373,0.5430398563253143
degree_centrality,0.9602315116130147,0.7140719815449923,0.5418158250447589
katz_centrality,0.9690717632708656,0.5381539773322321,0.5468039848662959
betweenness,0.9617496356132055,0.685489186844174,0.5426724347245453
closeness,0.9600463403590054,0.7957932865003461,0.541711341162953
eigenvector_centrality,0.9618104906330697,0.7138175258634679,0.5427067724987144
core,0.9561189867959597,1.2180194672997917,0.5394953106689844
