measure,Hyperarea,GD,HyperVolume
two-hop,0.9130835429732007,0.9756347152150975,0.5127429339135309
page_rank,0.9275640827780384,0.7456086452659361,0.5208744948438784
degree_centrality,0.9241532256373581,0.8136155534196694,0.5189591247652791
katz_centrality,0.9287906492495577,0.824503575286024,0.5215632744151308
betweenness,0.9287833977574719,0.7149434808414288,0.5215592023328379
closeness,0.9298562550837107,0.6838938329375156,0.5221616663870416
eigenvector_centrality,0.9281284809362607,0.7842315449398792,0.521191433167616
core,0.9267428684920022,0.8850600907861061,0.5204133411787681
