measure,Hyperarea,GD,HyperVolume
two-hop,0.1997086849115149,1.536059563321292,0.05665218195385288
page_rank,0.7437470979687243,0.7017561374973416,0.21098179050371776
degree_centrality,0.7323143663416669,0.7482999708513075,0.2077386206202818
katz_centrality,0.45574452161562434,1.2612600510059924,0.12928291813888615
betweenness,0.7073172329147682,0.8631631889607115,0.20064758123031812
closeness,0.6819703011420779,0.976740455052402,0.19345731310855577
eigenvector_centrality,0.6707068946728743,0.8619440271887671,0.19026217638730475
core,0.11942387408467506,1.7901770457615644,0.03387746029811712
