measure,Hyperarea,GD,HyperVolume
two-hop,0.19952167682531433,1.536571896934293,0.05665218195385288
page_rank,0.7430506499325762,0.6244899156945953,0.21098179050371776
degree_centrality,0.7316286239654282,0.6885078742141745,0.2077386206202818
katz_centrality,0.4553177604518748,1.595044130317676,0.12928291813888615
betweenness,0.7066548979636235,0.8224767387996078,0.20064758123031812
closeness,0.6813317011687282,1.0003318078099899,0.19345731310855577
eigenvector_centrality,0.6700788418026155,0.9822524050857188,0.19026217638730475
core,0.11931204504654822,1.628328498445531,0.03387746029811712
