measure,Hyperarea,GD,HyperVolume
two-hop,0.22681249023326747,1.7897669898980684,0.06440113510749763
page_rank,0.8699322975120435,0.5843721385111246,0.24700856363258425
degree_centrality,0.857189043236723,0.6304266045444739,0.24339024420295285
katz_centrality,0.5504701102429613,1.2747135232685383,0.1563004749250637
betweenness,0.8087873416320179,0.8192281641552936,0.22964706576832802
closeness,0.7875237460305741,0.9382417128519652,0.22360948074912823
eigenvector_centrality,0.7669753677080231,0.9594982773490246,0.2177749745134726
core,0.19484682897273503,1.775557369359626,0.05532480572403714
