measure,Hyperarea,GD,HyperVolume
two-hop,0.9123936252954941,1.264085006604966,0.5145542001631652
page_rank,0.922151795760024,0.9961217072897419,0.520057425371261
degree_centrality,0.9200668574007708,1.0149627467142892,0.5188816019545995
katz_centrality,0.9277627944826272,0.9002095982379759,0.5232218084618274
betweenness,0.9269471555080154,0.8756086622655854,0.5227618200877664
closeness,0.9266743284051635,0.8514294299537299,0.5226079563081446
eigenvector_centrality,0.9250566719201796,0.9596565700898052,0.5216956615313151
core,0.9225920499188623,0.9788546955295375,0.5203057114402219
