measure,Hyperarea,GD,HyperVolume
two-hop,0.199999211564772,1.8252451015919486,0.056787773160680635
page_rank,0.7560882440333809,0.5513632417323323,0.2146836847790247
degree_centrality,0.7449825653743416,0.6314010473845372,0.21153033854555373
katz_centrality,0.4670078873840191,1.5979256048880544,0.13260221260634047
betweenness,0.7189873653264213,0.8586688275324769,0.20414926183011015
closeness,0.6957692854953612,0.9535379765041018,0.19755672058778728
eigenvector_centrality,0.6841814391698764,1.0205035536380063,0.19426646767426847
core,0.12294857969620708,1.821571651781652,0.03491001789251995
