measure,Hyperarea,GD,HyperVolume
two-hop,0.1999627169465347,1.8058925909783135,0.05672424426339353
page_rank,0.7591443167316819,0.6291006631986934,0.21534958271730545
degree_centrality,0.746524048708998,0.6797553651850281,0.21176953951265334
katz_centrality,0.4545855910781591,1.559512523941043,0.12895415955881015
betweenness,0.7206771713289599,0.784718343779983,0.2044374497694275
closeness,0.6999334143851133,0.8761326982365821,0.1985529831358908
eigenvector_centrality,0.6849609012102165,0.8499156593003171,0.19430566889882325
core,0.11891768134513607,1.8404886001124372,0.03373386652703607
