measure,Hyperarea,GD,HyperVolume
two-hop,0.1959844712659878,1.9611794902936182,0.055578250703818007
page_rank,0.7476869243170186,0.6985159924584095,0.2120327751440048
degree_centrality,0.7341668728997396,0.7536150702861314,0.20819869174778396
katz_centrality,0.4454873456379785,1.5465527733242446,0.12633351622865477
betweenness,0.7105243197279294,0.8275140875784744,0.20149401897971628
closeness,0.6878699169676715,0.9214809039756963,0.19506957081797363
eigenvector_centrality,0.6771812116957611,0.8905391812724274,0.19203841463777194
core,0.1218959971129618,2.2231971800641466,0.03456787287060838
