measure,Hyperarea,GD,HyperVolume
two-hop,0.19951347369702002,1.679240111828373,0.05672424426339353
page_rank,0.7574387964981759,0.6526456824784294,0.21534958271730545
degree_centrality,0.7448468816120309,0.698663122714971,0.21176953951265334
katz_centrality,0.45356430315390517,1.4626280954155997,0.12895415955881015
betweenness,0.719058072732768,0.8226630151629127,0.2044374497694275
closeness,0.6983609194404364,0.914350552820328,0.1985529831358908
eigenvector_centrality,0.6834220440384945,0.8529262916574085,0.19430566889882325
core,0.11865051671360867,1.8060084934141343,0.03373386652703607
