measure,Hyperarea,GD,HyperVolume
two-hop,0.9637237532384754,1.420882732424616,0.5325404080455715
page_rank,0.9827243164825346,0.8541944699882613,0.5430398563253143
degree_centrality,0.9805092206851896,0.9064222927755057,0.5418158250447589
katz_centrality,0.9895361565427098,0.7150962081298775,0.5468039848662959
betweenness,0.9820594037007732,0.8945531035991708,0.5426724347245453
closeness,0.9803201390733427,1.0104377467084509,0.541711341162953
eigenvector_centrality,0.9821215438277947,0.9180040793556273,0.5427067724987144
core,0.9763098495391151,1.4307976716643236,0.5394953106689844
