measure,Hyperarea,GD,HyperVolume
two-hop,0.8598751757665231,2.1676358686211024,0.47664452143715635
page_rank,0.8467212376866943,2.4285363883925304,0.46935305321273074
degree_centrality,0.8496128719884333,2.2861427875019973,0.47095593894169135
katz_centrality,0.8584567530877861,2.080348269620917,0.47585826382912677
betweenness,0.857832068444115,2.0783752914939635,0.4755119897169961
closeness,0.8561417855563124,2.012030182632728,0.47457503502769266
eigenvector_centrality,0.8554592554209557,2.182307043921801,0.47419669610257653
core,0.8540778430638791,3.323528913510912,0.47343095399209034
