measure,Hyperarea,GD,HyperVolume
two-hop,0.8481454336231347,1.2316608318978604,0.4762768767085903
page_rank,0.8385590844363559,1.4251905747539957,0.4708936531849868
degree_centrality,0.8377936279350936,1.311385190304162,0.4704638103570651
katz_centrality,0.8490842262195049,1.2483414339619385,0.47680405658594494
betweenness,0.8473680044641582,1.2206526854952173,0.4758403106233167
closeness,0.8492183389797295,1.2027820292442257,0.47687936773428624
eigenvector_centrality,0.8457302533937554,1.333966503891998,0.4749206299486175
core,0.8404295349381019,2.7969298793055963,0.4719440064471674
