measure,Hyperarea,GD,HyperVolume
two-hop,0.22760183650282767,1.766913955585985,0.0646252620755507
page_rank,0.875882856136632,0.49592878209851066,0.2486981651600534
degree_centrality,0.8664336323792916,0.5270653690344811,0.2460151527067639
katz_centrality,0.547482323539007,1.340537566234768,0.15545212281272694
betweenness,0.8168219531623715,0.7706697510420526,0.23192841324690117
closeness,0.7973581093693037,0.838018569032676,0.22640184972943608
eigenvector_centrality,0.7764917969719453,0.8981978772193736,0.22047706929730254
core,0.21797494021139938,1.812230079116049,0.061891801285571646
