measure,Hyperarea,GD,HyperVolume
two-hop,0.22095325089589227,1.67178112004426,0.06267478185733172
page_rank,0.8748512812240824,0.4816057875705521,0.2481570784136668
degree_centrality,0.8628054104986739,0.5346770734962314,0.24474019128059482
katz_centrality,0.5506899433602397,1.2639932310526112,0.15620667236705063
betweenness,0.8174474012303956,0.6480677038808202,0.23187410614790024
closeness,0.7962699601982929,0.7459881621236076,0.2258669915587199
eigenvector_centrality,0.7749693169508329,0.8148688720557372,0.2198249298848483
core,0.22511741705437088,1.571212232099898,0.06385597382686423
