measure,Hyperarea,GD,HyperVolume
two-hop,0.9112527896227116,1.100468254143745,0.5139108136128306
page_rank,0.9200066455724097,0.9658953325621076,0.5188476448462598
degree_centrality,0.9183802131775731,0.9955003284756657,0.517930400800661
katz_centrality,0.9243308354811153,0.9541319540679062,0.521286318263237
betweenness,0.9240369272819555,0.8410431498518742,0.5211205655725701
closeness,0.9246559060948735,0.8625557064938135,0.5214696453328499
eigenvector_centrality,0.9229821170470323,0.9333607224377124,0.5205256939933446
core,0.9262257157193542,0.9072179163756278,0.5223549563579807
