measure,Hyperarea,GD,HyperVolume
two-hop,0.8451220788412654,1.2350890761777173,0.474579108948951
page_rank,0.83101750537712,1.4858410104094522,0.4666586722755927
degree_centrality,0.8349060527851058,1.2543752922637403,0.4688422897791348
katz_centrality,0.8432187712099422,1.2653079511737906,0.4735103047343367
betweenness,0.8413851763648714,1.2141743899624877,0.4724806478012932
closeness,0.8427424225177943,1.17197784461915,0.47324281067220253
eigenvector_centrality,0.8373243899187622,1.2851517577740015,0.4702003093017136
core,0.8432079349067754,2.3745701194106372,0.4735042195979642
