measure,Hyperarea,GD,HyperVolume
two-hop,0.85237990644968,1.5391991357791792,0.4756980310994787
page_rank,0.8379126455710793,1.725230842814074,0.46762411069933946
degree_centrality,0.8420390749302726,1.5772317270007956,0.46992699736617255
katz_centrality,0.847686734084149,1.4980440159246902,0.47307885526367977
betweenness,0.8500011573906896,1.5723697360014872,0.4743704936536999
closeness,0.8468336665696312,1.440490063566242,0.47260277349077495
eigenvector_centrality,0.8445502912796959,1.599192772055746,0.47132846244535437
core,0.8474162987969057,2.2821895629579894,0.4729279301507014
