measure,Hyperarea,GD,HyperVolume
two-hop,0.22452474613728476,1.8433687840543465,0.06375155308286912
page_rank,0.8756170090280081,0.43350171342023264,0.24862268053597994
degree_centrality,0.8627633891918954,0.47474477897545897,0.2449730239106567
katz_centrality,0.5549280481672313,1.518923596863702,0.1575662617530575
betweenness,0.8169966529376234,0.7085419946333349,0.231978017498491
closeness,0.7983938966987038,0.8257713455878596,0.2266959511683591
eigenvector_centrality,0.7798480568097844,0.8887685940265405,0.22143004566580082
core,0.20754148069201092,1.7278191535897647,0.05892932494462722
