measure,Hyperarea,GD,HyperVolume
two-hop,0.8577866581462583,2.243811468369494,0.47548681795916403
page_rank,0.8526784375508406,2.326285219415704,0.47265523794648623
degree_centrality,0.849607465526661,2.436078183582689,0.4709529420411449
katz_centrality,0.8584857239377581,2.1491986513848667,0.47587432290061726
betweenness,0.8592694386205013,2.105359842562466,0.4763087502691785
closeness,0.8599415660997133,1.9833609299942903,0.47668132281191783
eigenvector_centrality,0.8565974610422707,2.2372656593891875,0.4748276242755932
core,0.8503557987930805,3.365655108607129,0.47136775684415405
