measure,Hyperarea,GD,HyperVolume
two-hop,0.9088703133397499,1.0220831624844477,0.5127429339135309
page_rank,0.9232840357762497,0.7866855440269295,0.5208744948438784
degree_centrality,0.9198889173097479,0.8227720264408863,0.5189591247652791
katz_centrality,0.9245049425178954,0.8955564423573139,0.5215632744151308
betweenness,0.9244977244862762,0.7840271796008977,0.5215592023328379
closeness,0.9255656313407711,0.7473650788029818,0.5221616663870416
eigenvector_centrality,0.9238458296393189,0.8440083902816373,0.521191433167616
core,0.9224666108087177,0.9220863489740339,0.5204133411787681
