measure,Hyperarea,GD,HyperVolume
two-hop,0.924911436491796,1.188276158189734,0.5161765850548143
page_rank,0.9324596523068339,1.0871116254573834,0.520389109745223
degree_centrality,0.9295396185826414,1.1157360849134925,0.5187594909768406
katz_centrality,0.9356137999607461,1.0611961929810878,0.5221493833244215
betweenness,0.9355819050901834,0.9977652427403854,0.5221315833657246
closeness,0.9353438721268467,0.9987098130902335,0.5219987414121083
eigenvector_centrality,0.9344949630936278,1.0848564823215114,0.5215249804134865
core,0.9348060001403015,1.1304743771024912,0.5216985646446282
