measure,Hyperarea,GD,HyperVolume
two-hop,0.9560935454908291,0.9995057977730389,0.534414132914654
page_rank,0.9717303390244835,0.8248748584618483,0.5431544109944139
degree_centrality,0.9693318670481723,0.8928406144222535,0.5418137709204529
katz_centrality,0.9773867858088501,0.6856335075317207,0.5463161153254407
betweenness,0.971443162533743,0.8223936486659982,0.5429938919991583
closeness,0.9677695323181227,0.9491872674236458,0.5409404946976192
eigenvector_centrality,0.9692912004452939,0.8917763712037193,0.5417910400826407
core,0.9639432537433392,1.3709706372662473,0.5388017736943485
