measure,Hyperarea,GD,HyperVolume
two-hop,0.8533474222673871,1.7221839416313323,0.47623798443021587
page_rank,0.8411611663663492,1.8455279274543253,0.46943705224641574
degree_centrality,0.8410510588761794,1.8001526443484708,0.4693756032189495
katz_centrality,0.8482158420658654,1.6267590040647966,0.4733741409962939
betweenness,0.8455297520218941,1.6473559419478367,0.4718750820255173
closeness,0.8501957492723143,1.49470349897291,0.4744790919140019
eigenvector_centrality,0.843209696202913,1.8444493707983949,0.4705803002307105
core,0.8445269890660799,3.419369521806831,0.47131545789532503
