measure,Hyperarea,GD,HyperVolume
two-hop,0.9121285760446011,1.1043600870031223,0.5146734834251906
page_rank,0.9221113098964311,0.9700054672757867,0.520306295005229
degree_centrality,0.9193818280348856,1.0229473397997044,0.518766170099024
katz_centrality,0.9262351568302906,0.954441170665597,0.5226331979466603
betweenness,0.9250395284766318,0.8673165685143909,0.521958558180052
closeness,0.9258191086901301,0.8788460060203354,0.5223984405328562
eigenvector_centrality,0.9241119524876354,0.9654121739393514,0.521435168410302
core,0.9235828461344814,0.9001613945410376,0.5211366172881992
