measure,Hyperarea,GD,HyperVolume
two-hop,0.20024958605802778,2.016105316889164,0.056787773160680635
page_rank,0.7570347738195506,0.5599852548833243,0.2146836847790247
degree_centrality,0.7459151922123709,0.6400006577439857,0.21153033854555373
katz_centrality,0.4675925240045108,1.6247213882442597,0.13260221260634047
betweenness,0.7198874493609657,0.8090271296910535,0.20414926183011015
closeness,0.6966403033404612,0.9424419121861639,0.19755672058778728
eigenvector_centrality,0.6850379504520306,0.9049403773371724,0.19426646767426847
core,0.12310249624466302,2.292279785683569,0.03491001789251995
