measure,Hyperarea,GD,HyperVolume
two-hop,0.22100882680671466,1.7793644808767293,0.06267478185733172
page_rank,0.8750713307440194,0.4041251891805242,0.2481570784136668
degree_centrality,0.863022430145846,0.4342009799252963,0.24474019128059482
katz_centrality,0.5508284572542823,1.1633016744776306,0.15620667236705063
betweenness,0.8176530120720038,0.601228477988431,0.23187410614790024
closeness,0.7964702443222834,0.6990572105774049,0.2258669915587199
eigenvector_centrality,0.7751642433684091,0.7640155433919364,0.2198249298848483
core,0.2251740403692307,1.9358909438269862,0.06385597382686423
