measure,Hyperarea,GD,HyperVolume
two-hop,0.20217537119085785,7.7201329547411985,0.05665218195385288
page_rank,0.752933432367118,1.2315277387475632,0.21098179050371776
degree_centrality,0.741359490245122,1.3822279505204087,0.2077386206202818
katz_centrality,0.4613736146060122,2.9206818139925246,0.12928291813888615
betweenness,0.7160536066701046,1.4415028382325688,0.20064758123031812
closeness,0.6903936042422505,1.4568153904799506,0.19345731310855577
eigenvector_centrality,0.6789910786846178,1.4271059291078012,0.19026217638730475
core,0.12089892877126103,9.77432635739659,0.03387746029811712
