measure,Hyperarea,GD,HyperVolume
two-hop,0.9150115246258237,1.158037963536708,0.5163002027581907
page_rank,0.924643134888114,1.0561699114336838,0.5217348909533387
degree_centrality,0.9221913642801682,1.114846378760041,0.5203514661243273
katz_centrality,0.9285146654832089,1.0221456592176852,0.5239194230356525
betweenness,0.9285686003453255,0.9367064357959697,0.5239498560733762
closeness,0.9287338106921997,0.939566977877889,0.5240430769053475
eigenvector_centrality,0.9272705569161066,1.0186022318299435,0.5232174280463426
core,0.9222330394907655,0.9928754371329275,0.5203749815873594
