measure,Hyperarea,GD,HyperVolume
two-hop,0.19968820647763288,1.5528195384191452,0.05665218195385288
page_rank,0.7436708330041965,0.6895163448324793,0.21098179050371776
degree_centrality,0.7322392737069193,0.7485810439140762,0.2077386206202818
katz_centrality,0.45569778887559786,1.3128778614615655,0.12928291813888615
betweenness,0.7072447035243,0.8491415881857133,0.20064758123031812
closeness,0.6819003708647461,0.996819187296196,0.19345731310855577
eigenvector_centrality,0.6706381193624622,0.928529312846058,0.19026217638730475
core,0.1194116281780413,1.7984985395868847,0.03387746029811712
