measure,Hyperarea,GD,HyperVolume
two-hop,0.22702507750899512,1.6713090066003622,0.06440113510749763
page_rank,0.8707476694388954,0.41627125812508015,0.24700856363258425
degree_centrality,0.8579924711400887,0.4551387691527298,0.24339024420295285
katz_centrality,0.5509860559961502,1.0399274703704104,0.1563004749250637
betweenness,0.809545403489298,0.6020986226742333,0.22964706576832802
closeness,0.7882618779013864,0.6340754115670052,0.22360948074912823
eigenvector_centrality,0.7676942399526847,0.652494365223841,0.2177749745134726
core,0.19502945540795863,1.7718058077923524,0.05532480572403714
