measure,Hyperarea,GD,HyperVolume
two-hop,0.8436832155536023,1.460335095418183,0.47520946949466025
page_rank,0.8317593836866679,1.5896700794606937,0.46849330196712285
degree_centrality,0.8313847490307321,1.5260670446741667,0.4682822868220785
katz_centrality,0.837434734145285,1.3450781638951201,0.4716899760634139
betweenness,0.8396277333702845,1.3537152497741052,0.4729251956092127
closeness,0.8398629443827124,1.2942192906912742,0.47305767957757255
eigenvector_centrality,0.8367261735945684,1.5476875084833621,0.47129087521939633
core,0.8355934152589919,3.1928760749396714,0.4706528425102097
