measure,Hyperarea,GD,HyperVolume
two-hop,0.19796501122575666,2.063310331126648,0.05624175676115537
page_rank,0.7576410637875697,0.6823734258471693,0.21524543230121812
degree_centrality,0.7422649269359012,0.7285132164131488,0.21087707981618434
katz_centrality,0.4525386085311708,1.4556613182175366,0.128565983395001
betweenness,0.7175539017551951,0.8359941858560263,0.20385669041036575
closeness,0.6984116937513383,0.9089355610292579,0.19841839906909117
eigenvector_centrality,0.6836076093002108,0.8676898328232403,0.1942125663736235
core,0.11918503023000337,2.4152211645184556,0.03386040512039063
