measure,Hyperarea,GD,HyperVolume
two-hop,0.20266832639231994,1.9267726896910637,0.057577966154578164
page_rank,0.7502934570212884,0.7718353500196593,0.21315798103916375
degree_centrality,0.73835540414035,0.7791368034776976,0.20976638642264905
katz_centrality,0.4526607382351534,1.5246499227093857,0.12860068038040348
betweenness,0.7103345675345697,0.8945354802847775,0.2018056813118394
closeness,0.6899222520362559,0.9328792233351897,0.19600655309175746
eigenvector_centrality,0.6765113627820586,0.910176508051444,0.19219652642737273
core,0.12170137940516684,2.1558954183447785,0.03457529861272744
