measure,Hyperarea,GD,HyperVolume
two-hop,0.8572863165941417,2.527570356009108,0.47520946949466025
page_rank,0.8451702311814615,2.7126303705234798,0.46849330196712285
degree_centrality,0.8447895561148787,2.71684634620625,0.4682822868220785
katz_centrality,0.8509370879831063,2.4482514294216955,0.4716899760634139
betweenness,0.8531654459653851,2.381546259669022,0.4729251956092127
closeness,0.8534044493955225,2.256179188731289,0.47305767957757255
eigenvector_centrality,0.8502171029775859,2.6161512259117683,0.47129087521939633
core,0.8490660806469349,4.465042201508422,0.4706528425102097
