measure,Hyperarea,GD,HyperVolume
two-hop,0.9312219264900459,1.711522067153842,0.5145803484116028
page_rank,0.9409373179808869,1.5553121878998661,0.519948939287846
degree_centrality,0.9381585859281323,1.59923237552985,0.5184134504133106
katz_centrality,0.9441679523126842,1.521971024985378,0.5217341431074262
betweenness,0.9442756916696063,1.4352287288176238,0.5217936783849422
closeness,0.9458277105905442,1.3787790889824199,0.5226513025606183
eigenvector_centrality,0.9419999411091483,1.5371463365324847,0.520536130121756
core,0.9452241481082438,1.5919654984095595,0.5223177822862398
