measure,Hyperarea,GD,HyperVolume
two-hop,0.9116121777421945,1.0854403713850653,0.5139108136128306
page_rank,0.9203694861168001,0.9589933897338978,0.5188476448462598
degree_centrality,0.918742412274841,0.9955116900081645,0.517930400800661
katz_centrality,0.9246953814386438,0.9642465436097147,0.521286318263237
betweenness,0.9244013573253095,0.8609032628659161,0.5211205655725701
closeness,0.9250205802566916,0.8960640030408878,0.5214696453328499
eigenvector_centrality,0.9233461310847826,0.9463949549138928,0.5205256939933446
core,0.9265910089968945,0.9170030842031153,0.5223549563579807
