measure,Hyperarea,GD,HyperVolume
two-hop,0.22903992171132534,3.358955843524089,0.06485483422003137
page_rank,0.8866761435080378,0.535739649270246,0.25107079091019036
degree_centrality,0.8723898211274813,0.5910188190559122,0.24702548272687422
katz_centrality,0.5576808098916988,1.6338555640504766,0.15791263026540991
betweenness,0.8268341916310966,0.7872773985680663,0.23412597255981712
closeness,0.807054581965826,0.8637524618219424,0.2285251877874801
eigenvector_centrality,0.7834969039130665,0.9135469431105988,0.22185460698521184
core,0.22147161000730642,3.5118802310225616,0.06271179471310946
