measure,Hyperarea,GD,HyperVolume
two-hop,0.2043437702761807,7.066101110496688,0.057259795724049996
page_rank,0.7774374170079728,1.192686235061449,0.21784812732947104
degree_centrality,0.7641022390881143,1.3764674943506172,0.2141114361516438
katz_centrality,0.47052112385673983,3.4901112088697763,0.1318461698121454
betweenness,0.7375971264626072,1.4925812094444837,0.20668435710475994
closeness,0.7149702712214581,1.5656145651061175,0.20034401647565844
eigenvector_centrality,0.7019533970981979,1.6406218853971213,0.19669651818267805
core,0.12181352087804141,9.53403198863978,0.03413374096248136
