measure,Hyperarea,GD,HyperVolume
two-hop,0.2515128183682866,1.5290125949490199,0.07150832613020819
page_rank,0.9486046848316537,0.2755512282797026,0.26970050119774874
degree_centrality,0.9323634564921752,0.33612666341498776,0.2650829112856751
katz_centrality,0.6011944354864234,1.2317417654976146,0.1709273031861117
betweenness,0.8710367120427167,0.5288766081420104,0.2476469298074891
closeness,0.8379558262910966,0.6275510662833527,0.23824160890834048
eigenvector_centrality,0.8233421672075025,0.7277936514466479,0.23408675784951635
core,0.456389056116401,1.3311509267883614,0.129757273123319
