measure,Hyperarea,GD,HyperVolume
two-hop,0.842271878216383,1.4073096533605014,0.47517115219945477
page_rank,0.8352582984564425,1.636869137667203,0.47121441226575184
degree_centrality,0.8373672610443466,1.4561943663417256,0.4724041922035102
katz_centrality,0.8492535402164535,1.3910395588573954,0.4791098855973521
betweenness,0.8464679939189618,1.3911265273973392,0.4775384081707438
closeness,0.8467380589135384,1.3396947529658494,0.4776907664507251
eigenvector_centrality,0.8429365227822954,1.4735482757457703,0.4755461141711835
core,0.8419560570078187,1.543303434801671,0.474992980362731
