measure,Hyperarea,GD,HyperVolume
two-hop,0.2556531718153874,1.6548944832535397,0.07251763307259053
page_rank,0.944282148903803,0.2669427729646648,0.2678515815194034
degree_centrality,0.9304574453012998,0.3084654130448304,0.2639301172322026
katz_centrality,0.5993991324119746,1.4548942922642945,0.17002334076132306
betweenness,0.8658823151076739,0.5813837820290937,0.24561297466071244
closeness,0.8319223746443177,0.7646276215080521,0.23598002356450212
eigenvector_centrality,0.8111563993190211,0.7313259762419902,0.23008962381572928
core,0.46024200866055615,1.5137994454192207,0.13055054577120412
