measure,Hyperarea,GD,HyperVolume
two-hop,0.9615654811195065,1.307342334860568,0.5330133157642668
page_rank,0.97953853397895,0.8924800332226044,0.5429761073651727
degree_centrality,0.9772359839478327,0.9319966121162879,0.5416997618110768
katz_centrality,0.9845916803228542,0.7353615837017791,0.5457771587139281
betweenness,0.9778302214423978,0.9267202559707816,0.5420291585121323
closeness,0.9773315408650374,1.0033898924357099,0.5417527307562849
eigenvector_centrality,0.9765706419154272,0.9817173524985497,0.541330950565485
core,0.9779807884722774,0.9660500113296769,0.5421126205679326
