measure,Hyperarea,GD,HyperVolume
two-hop,0.21669778359429454,1.6246601501140425,0.06147154927498485
page_rank,0.8688970791578022,0.3864711002358638,0.24648359909549877
degree_centrality,0.8601298763141991,0.4520893759680983,0.2439965706973988
katz_centrality,0.5502429000895184,1.1903819472840627,0.15608966084023185
betweenness,0.8076364843118948,0.5904958147101853,0.22910555483393197
closeness,0.7944428566143922,0.6400334996499651,0.2253628643381156
eigenvector_centrality,0.7723827050989199,0.6658576062627609,0.21910497065593632
core,0.21427729538371995,1.7039443769690354,0.06078491945423677
