measure,Hyperarea,GD,HyperVolume
two-hop,0.9191981281620935,1.070207019451771,0.5161765850548143
page_rank,0.9266997175839559,0.9578163227520788,0.520389109745223
degree_centrality,0.9237977213197203,0.9934052339801936,0.5187594909768406
katz_centrality,0.9298343816231637,0.9088987616586203,0.5221493833244215
betweenness,0.9298026837717127,0.8691782091569111,0.5221315833657246
closeness,0.9295661211715465,0.8523048797218186,0.5219987414121083
eigenvector_centrality,0.9287224559690981,0.9321000417241789,0.5215249804134865
core,0.929031571696087,0.9164504648378696,0.5216985646446282
