measure,Hyperarea,GD,HyperVolume
two-hop,0.20297223344331386,1.7796916579640378,0.057577966154578164
page_rank,0.7514185438859322,0.7743685018612789,0.21315798103916375
degree_centrality,0.739462589547424,0.7885899131518244,0.20976638642264905
katz_centrality,0.4533395161799195,1.4735230191710655,0.12860068038040348
betweenness,0.7113997348820346,0.8840236300314736,0.2018056813118394
closeness,0.6909568105228422,0.923635239523842,0.19600655309175746
eigenvector_centrality,0.6775258112500889,0.8845439196033051,0.19219652642737273
core,0.12188387416384619,1.8440040709298617,0.03457529861272744
