measure,Hyperarea,GD,HyperVolume
two-hop,0.22751098835031136,6.9179670312011226,0.06375155308286912
page_rank,0.8872629612884539,0.8287724708548455,0.24862268053597994
degree_centrality,0.8742383846967712,0.8843966105375543,0.2449730239106567
katz_centrality,0.562308747137563,2.460876735580987,0.1575662617530575
betweenness,0.827862937990283,1.105744534164514,0.231978017498491
closeness,0.8090127598661813,1.2255130928066706,0.2266959511683591
eigenvector_centrality,0.790220255095528,1.321732811264404,0.22143004566580082
core,0.21030184070247307,7.397183370396802,0.05892932494462722
