measure,Hyperarea,GD,HyperVolume
two-hop,0.859141775791119,2.4252150023680206,0.47623798443021587
page_rank,0.8468727734342076,2.6055441614880404,0.46943705224641574
degree_centrality,0.8467619182981119,2.5385228867670726,0.4693756032189495
katz_centrality,0.8539753514111921,2.2977776810381974,0.4733741409962939
betweenness,0.8512710224238488,2.3024541893819737,0.4718750820255173
closeness,0.855968702476495,2.1176491502304264,0.4744790919140019
eigenvector_centrality,0.8489352130872978,2.566478942270809,0.4705803002307105
core,0.8502614505612344,4.13220592013756,0.47131545789532503
