measure,Hyperarea,GD,HyperVolume
two-hop,0.22788678555258282,1.8769517965969034,0.06462526759244679
page_rank,0.8770802345107358,0.3678614375146914,0.24872677333115273
degree_centrality,0.8648298713686046,0.40275947865941014,0.24525275444828862
katz_centrality,0.5508348922448766,1.1468187966085905,0.15620849723367508
betweenness,0.8206403802600633,0.5978551338041526,0.23272127887045355
closeness,0.7961967215561425,0.7518401694757114,0.2257894246128717
eigenvector_centrality,0.7785005125530429,0.8086606316769327,0.2207710456865811
core,0.20292846377996568,1.9805792165693157,0.05754746262318233
