measure,Hyperarea,GD,HyperVolume
two-hop,0.9550803461967016,0.9935147363489331,0.5330133157642668
page_rank,0.972932182482696,0.7061226770753631,0.5429761073651727
degree_centrality,0.9706451616567255,0.7622248996404402,0.5416997618110768
katz_centrality,0.977951248635008,0.5610983863282807,0.5457771587139281
betweenness,0.9712353914051681,0.7287956254186182,0.5420291585121323
closeness,0.970740074104559,0.8184605316877337,0.5417527307562849
eigenvector_centrality,0.9699843069243892,0.7910655967541192,0.541330950565485
core,0.9713849429581791,0.7581177503288988,0.5421126205679326
