measure,Hyperarea,GD,HyperVolume
two-hop,0.20245958167318243,1.795696628988347,0.057577966154578164
page_rank,0.7495206682992192,0.8150109334173,0.21315798103916375
degree_centrality,0.737594911397332,0.8542745831004315,0.20976638642264905
katz_centrality,0.4521945058428033,1.588934887681975,0.12860068038040348
betweenness,0.709602935747634,0.9427267114688349,0.2018056813118394
closeness,0.6892116445659537,1.0019056238277568,0.19600655309175746
eigenvector_centrality,0.6758145682856955,0.980162528141149,0.19219652642737273
core,0.12157602918041883,1.9937957734518221,0.03457529861272744
