measure,Hyperarea,GD,HyperVolume
two-hop,0.9534714126820197,1.0846016460412162,0.5329484762976673
page_rank,0.9699571645949446,0.9156325427694345,0.5421632846765576
degree_centrality,0.9683204012740912,0.9675120887201668,0.5412484061533988
katz_centrality,0.9767836354506102,0.7435487959280587,0.5459789808711437
betweenness,0.9693501122957885,0.9095552789556793,0.5418239692093448
closeness,0.9662988811362597,1.0392436443608666,0.5401184655354291
eigenvector_centrality,0.9693559421771567,0.9174479498410728,0.5418272278559606
core,0.9586329665835573,1.5860334827529825,0.5358335573295305
