measure,Hyperarea,GD,HyperVolume
two-hop,0.948128423588671,0.9728581984808335,0.5324224200281471
page_rank,0.9664940187763277,0.766871385826012,0.5427356375119756
degree_centrality,0.9627498407926699,0.860175420346337,0.5406330907962787
katz_centrality,0.9723819923814403,0.5977108011292638,0.5460420347023798
betweenness,0.9650986954674603,0.7867358510400323,0.5419520923778502
closeness,0.9634080695252143,0.879071943170548,0.5410027197684668
eigenvector_centrality,0.9653736878100443,0.7975187191408742,0.5421065145899527
core,0.9565117029721749,1.2873984200500923,0.537130058556948
