measure,Hyperarea,GD,HyperVolume
two-hop,0.8451732057640964,1.304777025159672,0.47664452143715635
page_rank,0.8322441710289781,1.4986428319227127,0.46935305321273074
degree_centrality,0.835086364758457,1.3391538591130372,0.47095593894169135
katz_centrality,0.8437790349864042,1.293779250125552,0.47585826382912677
betweenness,0.8431650310730892,1.2890673853134618,0.4755119897169961
closeness,0.8415036482966195,1.1886463459623642,0.47457503502769266
eigenvector_centrality,0.8408327879220124,1.3841199367723136,0.47419669610257653
core,0.8394749946710656,2.174820243083389,0.47343095399209034
