measure,Hyperarea,GD,HyperVolume
two-hop,0.23075555277862553,1.892013001610761,0.06543880686456344
page_rank,0.8746006815411203,0.3488290866911503,0.24802360937286314
degree_centrality,0.8652428996295252,0.3700612023928467,0.2453698830559019
katz_centrality,0.5568308465812479,1.2959001810643533,0.15790885977343577
betweenness,0.8147768176952451,0.6701045339773175,0.23105846064745927
closeness,0.7982749338678415,0.7370130390153393,0.22637877439211315
eigenvector_centrality,0.7725052002026326,0.8445820188222148,0.2190708652043909
core,0.21811681406879746,1.969692513178804,0.061854650507391994
