measure,Hyperarea,GD,HyperVolume
two-hop,0.9471975261890538,0.8708477587196112,0.5341822344789944
page_rank,0.9642427235092769,0.6803215606773855,0.543795056873375
degree_centrality,0.960803077706368,0.756285526744166,0.5418552316204452
katz_centrality,0.9699941943970526,0.5545955511637852,0.5470386607526357
betweenness,0.9628694990480038,0.7099585496910902,0.5430206121658224
closeness,0.9593551177967874,0.8297441329355806,0.5410386390528445
eigenvector_centrality,0.9614424234995704,0.757980115945736,0.5422157975583566
core,0.956084763142681,0.8098905347131548,0.5391942873644506
