measure,Hyperarea,GD,HyperVolume
two-hop,0.19824153544403064,1.7908426694044872,0.05624175676115537
page_rank,0.7586993624313496,0.6876927370859982,0.21524543230121812
degree_centrality,0.7433017476720618,0.744189463582155,0.21087707981618434
katz_centrality,0.4531707297539467,1.3912995209336143,0.128565983395001
betweenness,0.7185562052962284,0.8601852966685956,0.20385669041036575
closeness,0.6993872588092855,0.9366709217515445,0.19841839906909117
eigenvector_centrality,0.6845624955126652,0.8556294806129316,0.1942125663736235
core,0.11935151190830726,2.0310332703060623,0.03386040512039063
