measure,Hyperarea,GD,HyperVolume
two-hop,0.8461763789846869,1.3931769248949422,0.47517115219945477
page_rank,0.8391302865310787,1.5922998460105866,0.47121441226575184
degree_centrality,0.8412490255893337,1.4342029217524577,0.4724041922035102
katz_centrality,0.8531904057179845,1.3502688004247394,0.4791098855973521
betweenness,0.8503919465262837,1.3562670577102323,0.4775384081707438
closeness,0.8506632634550707,1.286216184113395,0.4776907664507251
eigenvector_centrality,0.846844104628438,1.4250113358770655,0.4755461141711835
core,0.8458590937308618,1.5168453912989819,0.474992980362731
