measure,Hyperarea,GD,HyperVolume
two-hop,0.254156880034655,1.6130571499455164,0.07209320048075459
page_rank,0.9474881315560457,0.25370135005561406,0.2687609786998159
degree_centrality,0.932121145231637,0.3220919886753896,0.26440203620052355
katz_centrality,0.597447365643495,1.334378775150817,0.16946970981923526
betweenness,0.8715943394334218,0.5854833790016878,0.24723322635254522
closeness,0.8381131438786174,0.6874127256777331,0.2377360742662482
eigenvector_centrality,0.8194453512713038,0.786558509679827,0.23244083726621617
core,0.47857224262751125,1.6889953559503146,0.13575003213591966
