measure,Hyperarea,GD,HyperVolume
two-hop,0.22862444491170944,1.6445308420129037,0.06485483422003137
page_rank,0.8850677192488609,0.34067291741832856,0.25107079091019036
degree_centrality,0.8708073121561573,0.40863903573779015,0.24702548272687422
katz_centrality,0.5566691808430605,1.2725463621092974,0.15791263026540991
betweenness,0.8253343202497885,0.5749195887429681,0.23412597255981712
closeness,0.8055905906566903,0.6449975462174672,0.2285251877874801
eigenvector_centrality,0.7820756460654628,0.6890290511962897,0.22185460698521184
core,0.22106986207164483,1.684218120078527,0.06271179471310946
