measure,Hyperarea,GD,HyperVolume
two-hop,0.199721218041784,1.5547653884191726,0.05665218195385288
page_rank,0.7437937733512708,0.6971840242884816,0.21098179050371776
degree_centrality,0.7323603242395689,0.7944683760891863,0.2077386206202818
katz_centrality,0.45577312280270527,1.4478633571283144,0.12928291813888615
betweenness,0.7073616220660244,0.9349027041293227,0.20064758123031812
closeness,0.682013099594372,1.0400814043346656,0.19345731310855577
eigenvector_centrality,0.6707489862668731,0.9338338255039685,0.19026217638730475
core,0.11943136877611428,1.496771648913346,0.03387746029811712
