measure,Hyperarea,GD,HyperVolume
two-hop,0.19592289255130982,1.813650567499265,0.055578250703818007
page_rank,0.7474519995830151,0.7747802726181301,0.2120327751440048
degree_centrality,0.7339361961930583,0.7865898814506409,0.20819869174778396
katz_centrality,0.4453473726188281,1.4895916314922995,0.12633351622865477
betweenness,0.7103010715589614,0.8900191129579211,0.20149401897971628
closeness,0.687653786857572,0.9458744106409012,0.19506957081797363
eigenvector_centrality,0.6769684399983356,0.8920103722276558,0.19203841463777194
core,0.12185769714573419,1.9269273464896108,0.03456787287060838
