measure,Hyperarea,GD,HyperVolume
two-hop,0.8413167499820732,1.1876370401287686,0.47463231266873657
page_rank,0.8301182363294883,1.351996790410602,0.468314625027914
degree_centrality,0.8293388203886124,1.3148724545806916,0.4678749143118766
katz_centrality,0.8354559060615067,1.2467245244589409,0.4713258934107481
betweenness,0.8379519465964352,1.2651870720693774,0.47273404496797466
closeness,0.8396421546942173,1.2219584152862826,0.47368758283389595
eigenvector_centrality,0.8342446045282778,1.34218539474428,0.4706425326574196
core,0.8342068877868102,2.38282665921557,0.4706212546022407
