measure,Hyperarea,GD,HyperVolume
two-hop,0.9439626282750109,0.9001600339060637,0.5325404080455715
page_rank,0.9625735855729882,0.657125961175903,0.5430398563253143
degree_centrality,0.960403910244642,0.7030553431012199,0.5418158250447589
katz_centrality,0.9692457490689945,0.5297055801252615,0.5468039848662959
betweenness,0.9619223068067069,0.6854802588191576,0.5426724347245453
closeness,0.960218705745243,0.7903639133745536,0.541711341162953
eigenvector_centrality,0.9619831727523966,0.7135299975420945,0.5427067724987144
core,0.9562906470705945,1.2035710273757836,0.5394953106689844
