measure,Hyperarea,GD,HyperVolume
two-hop,0.8425606671826231,1.4534517276888048,0.47517115219945477
page_rank,0.8355446826831906,1.6653192138387334,0.47121441226575184
degree_centrality,0.8376543683691124,1.4995375895021457,0.4724041922035102
katz_centrality,0.8495447229785732,1.3513523011149304,0.4791098855973521
betweenness,0.8467582216034438,1.4118347289660973,0.4775384081707438
closeness,0.847028379194951,1.2941612227212695,0.4776907664507251
eigenvector_centrality,0.8432255396345922,1.4970629404417446,0.4755461141711835
core,0.8422447376887382,1.5271315397101048,0.474992980362731
