measure,Hyperarea,GD,HyperVolume
two-hop,0.8581676903998227,2.261027043907802,0.4756980310994787
page_rank,0.8436021947086905,2.5756533212655137,0.46762411069933946
degree_centrality,0.8477566431253908,2.4298476529475574,0.46992699736617255
katz_centrality,0.8534426507090686,2.1331759948778597,0.47307885526367977
betweenness,0.8557727892875978,2.1390318139825344,0.4743704936536999
closeness,0.8525837907416416,2.110748930446725,0.47260277349077495
eigenvector_centrality,0.8502849110002813,2.280802157739844,0.47132846244535437
core,0.8531703791267611,2.950805635707621,0.4729279301507014
