measure,Hyperarea,GD,HyperVolume
two-hop,0.2500580810260519,1.728837204294023,0.07093500170809233
page_rank,0.9468636399495611,0.21204221155816466,0.26860069325316094
degree_centrality,0.9313579747749335,0.2426755024051575,0.26420213760107336
katz_centrality,0.6020026635479823,1.1476028351268295,0.17077256528495594
betweenness,0.8707614062148685,0.49356901254917024,0.24701246040017968
closeness,0.8326233772823932,0.6473330100281415,0.2361936892716171
eigenvector_centrality,0.8258605206672784,0.6673667027842505,0.23427524199098407
core,0.4550644723324811,1.5588982505138647,0.1290900057688343
