measure,Hyperarea,GD,HyperVolume
two-hop,0.20018666723571193,1.8654380084187743,0.056787773160680635
page_rank,0.7567969119724501,0.6219537977006447,0.2146836847790247
degree_centrality,0.7456808241601547,0.654163797315952,0.21153033854555373
katz_centrality,0.4674456054939,1.49953855307747,0.13260221260634047
betweenness,0.719661259277853,0.855703572107911,0.20414926183011015
closeness,0.6964214175573403,0.9169611192320825,0.19755672058778728
eigenvector_centrality,0.6848227101515008,0.8917573012356762,0.19426646767426847
core,0.12306381719298391,1.9995011090301593,0.03491001789251995
