measure,Hyperarea,GD,HyperVolume
two-hop,0.8423397981228242,1.3758445841495386,0.47520946949466025
page_rank,0.830434952865172,1.5827923391526406,0.46849330196712285
degree_centrality,0.830060914749167,1.5004593955973944,0.4682822868220785
katz_centrality,0.8361012663243664,1.4642766524096325,0.4716899760634139
betweenness,0.8382907735830328,1.4042694677554672,0.4729251956092127
closeness,0.8385256100632095,1.3852140558110688,0.47305767957757255
eigenvector_centrality,0.8353938340319547,1.5457714842843635,0.47129087521939633
core,0.8342628794151968,3.1128595056618695,0.4706528425102097
