measure,Hyperarea,GD,HyperVolume
two-hop,0.9530818206605736,1.0336009218779822,0.5327307115367675
page_rank,0.9731896188670103,0.7305545071484694,0.5439700840793351
degree_centrality,0.9697019833617141,0.8036216474146753,0.5420206496194169
katz_centrality,0.9780440906764684,0.6248681169012943,0.5466835197625332
betweenness,0.9703149214722518,0.7889820085117715,0.5423632549956567
closeness,0.9695631222991202,0.9001022774919998,0.5419430324085156
eigenvector_centrality,0.9703873354859156,0.8264288653566684,0.5424037312361936
core,0.963198197975124,1.606308493580081,0.5383853203732046
