measure,Hyperarea,GD,HyperVolume
two-hop,0.8419371313418857,1.239958868646718,0.47463231266873657
page_rank,0.8307303599800281,1.3323492689198217,0.468314625027914
degree_centrality,0.829950369303036,1.3248905617548983,0.4678749143118766
katz_centrality,0.8360719656741042,1.2047893154438853,0.4713258934107481
betweenness,0.8385698467726745,1.1986734115595077,0.47273404496797466
closeness,0.8402613012186342,1.1336809157613938,0.47368758283389595
eigenvector_centrality,0.8348597709352042,1.3400817733763783,0.4706425326574196
core,0.834822026381663,2.367739744249133,0.4706212546022407
