measure,Hyperarea,GD,HyperVolume
two-hop,0.8412224429165359,1.2497382513536506,0.474579108948951
page_rank,0.8271829520040843,1.5797382705990366,0.4666586722755927
degree_centrality,0.8310535565378431,1.3302596683916428,0.4688422897791348
katz_centrality,0.8393279176931047,1.3205751653197475,0.4735103047343367
betweenness,0.8375027835811141,1.3000519014027052,0.4724806478012932
closeness,0.8388537670105924,1.2751974324358168,0.47324281067220253
eigenvector_centrality,0.8334607347696075,1.3878872974210825,0.4702003093017136
core,0.8393171313917521,2.378071775509943,0.4735042195979642
