measure,Hyperarea,GD,HyperVolume
two-hop,0.2524927376006813,1.7935941669887598,0.07169278416351688
page_rank,0.9446293247517226,0.2954728911664061,0.2682180364373823
degree_centrality,0.9313439035989411,0.3398302053761645,0.2644457741526186
katz_centrality,0.594315783676142,1.4555076654964552,0.16875001478834642
betweenness,0.8738003230727118,0.5635544549379159,0.24810685075282027
closeness,0.833223842401224,0.7124247765658354,0.23658556543372825
eigenvector_centrality,0.8180396832633154,0.723237888781424,0.23227417551367363
core,0.46670789564667375,1.743599074530439,0.13251703295689507
