measure,Hyperarea,GD,HyperVolume
two-hop,0.923465662505636,1.273107460469901,0.5161765850548143
page_rank,0.9310020793379424,1.1857468979124874,0.520389109745223
degree_centrality,0.9280866100602803,1.212715336678979,0.5187594909768406
katz_centrality,0.9341512965904707,1.1527614103868187,0.5221493833244215
betweenness,0.9341194515763291,1.0789784201485622,0.5221315833657246
closeness,0.9338817906938779,1.078649769199919,0.5219987414121083
eigenvector_centrality,0.9330342086315974,1.163311503900038,0.5215249804134865
core,0.9333447594811575,1.24348209035921,0.5216985646446282
