measure,Hyperarea,GD,HyperVolume
two-hop,0.8441756178717006,1.4415599147077969,0.47548681795916403
page_rank,0.8391484526244807,1.4834120703808187,0.47265523794648623
degree_centrality,0.8361262096444126,1.503842856147163,0.4709529420411449
katz_centrality,0.8448635911467193,1.316496805860372,0.47587432290061726
betweenness,0.8456348701357975,1.325333777945807,0.4763087502691785
closeness,0.8462963325456682,1.2970624209272057,0.47668132281191783
eigenvector_centrality,0.84300529050592,1.4483035238222217,0.4748276242755932
core,0.8368626686363476,2.380548697198928,0.47136775684415405
