measure,Hyperarea,GD,HyperVolume
two-hop,0.8527408284548649,1.5813526954745396,0.47664452143715635
page_rank,0.8396960280329454,1.803210093078023,0.46935305321273074
degree_centrality,0.8425636705693813,1.6392043279756647,0.47095593894169135
katz_centrality,0.8513341743680236,1.546297904994461,0.47585826382912677
betweenness,0.8507146727059454,1.569511270779241,0.4755119897169961
closeness,0.8490384140224883,1.4677976788814904,0.47457503502769266
eigenvector_centrality,0.8483615468102784,1.6603728746401916,0.47419669610257653
core,0.8469915959720522,2.663170513159329,0.47343095399209034
