measure,Hyperarea,GD,HyperVolume
two-hop,0.20002556538110372,1.8529590165246064,0.05672424426339353
page_rank,0.7593829163698901,0.5865800218055637,0.21534958271730545
degree_centrality,0.7467586817873335,0.6741932676136337,0.21176953951265334
katz_centrality,0.4547284676764229,1.5501055457788901,0.12895415955881015
betweenness,0.7209036807140058,0.7645130685064926,0.2044374497694275
closeness,0.7001534039915178,0.8735613896301689,0.1985529831358908
eigenvector_centrality,0.6851761849443015,0.8554846648777493,0.19430566889882325
core,0.11895505726315342,2.189126191553739,0.03373386652703607
