measure,Hyperarea,GD,HyperVolume
two-hop,0.23062902457056836,7.197657599071241,0.06462526759244679
page_rank,0.8876344385868834,0.9546650676927807,0.24872677333115273
degree_centrality,0.875236662668222,1.0411775013428413,0.24525275444828862
katz_centrality,0.5574632754146994,2.6666928977630255,0.15620849723367508
betweenness,0.8305154244186215,1.1578927339069964,0.23272127887045355
closeness,0.805777626875199,1.2131911640425421,0.2257894246128717
eigenvector_centrality,0.7878684733844185,1.2894384044827234,0.2207710456865811
core,0.20537037084310641,7.949015562230228,0.05754746262318233
