measure,Hyperarea,GD,HyperVolume
two-hop,0.8455092330128025,1.4185322430128184,0.47623798443021587
page_rank,0.8334349106309439,1.5435078500239892,0.46943705224641574
degree_centrality,0.8333258145029975,1.4955755548414087,0.4693756032189495
katz_centrality,0.8404247875371204,1.3274862300950356,0.4733741409962939
betweenness,0.8377633698382808,1.3545034752393774,0.4718750820255173
closeness,0.8423865088476661,1.2884052333584552,0.4744790919140019
eigenvector_centrality,0.8354646242572121,1.5299328185093704,0.4705803002307105
core,0.8367698174872217,3.0436079797658704,0.47131545789532503
