measure,Hyperarea,GD,HyperVolume
two-hop,0.8416052114643944,1.2417573131140773,0.47463231266873657
page_rank,0.8304028581879722,1.3277788854081403,0.468314625027914
degree_centrality,0.829623175009486,1.3335247631015432,0.4678749143118766
katz_centrality,0.8357423580417883,1.21973904428702,0.4713258934107481
betweenness,0.8382392543917861,1.1761329382244023,0.47273404496797466
closeness,0.8399300420096281,1.132606705307399,0.47368758283389595
eigenvector_centrality,0.8345306411907427,1.3272262089439195,0.4706425326574196
core,0.8344929115173715,2.3844040908756816,0.4706212546022407
