measure,Hyperarea,GD,HyperVolume
two-hop,0.25525436743106766,1.9238102453417854,0.07251763307259053
page_rank,0.9428091225441315,0.24103646992465183,0.2678515815194034
degree_centrality,0.9290059846917007,0.31640843304258964,0.2639301172322026
katz_centrality,0.5984641039111902,1.234513339058255,0.17002334076132306
betweenness,0.8645315880225461,0.5568911912151636,0.24561297466071244
closeness,0.8306246231317278,0.6697008463626999,0.23598002356450212
eigenvector_centrality,0.8098910415449699,0.731090843610192,0.23008962381572928
core,0.4595240573455046,1.5889080255601045,0.13055054577120412
