measure,Hyperarea,GD,HyperVolume
two-hop,0.23073162572125527,1.7501426960589679,0.06545258684498581
page_rank,0.8771693928760105,0.38022464252908567,0.24883024026511505
degree_centrality,0.8656667089268199,0.4353111701764012,0.24556722671948014
katz_centrality,0.5533540756433456,1.2334194209499079,0.15697222077318565
betweenness,0.8156801823800125,0.6617945409530506,0.2313873436641912
closeness,0.7976904988369355,0.7150244557212772,0.2262841363308387
eigenvector_centrality,0.7757908992670388,0.7554079006766317,0.2200717870777253
core,0.23569255313096307,1.8138695415996158,0.06685987347550539
