measure,Hyperarea,GD,HyperVolume
two-hop,0.2018506279540448,1.9439980033659285,0.057259795724049996
page_rank,0.7679521162105227,0.6357189944518447,0.21784812732947104
degree_centrality,0.7547796371407455,0.6846091232267519,0.2141114361516438
katz_centrality,0.46478042461369107,1.452669083216134,0.1318461698121454
betweenness,0.7285979061282445,0.8181854665316073,0.20668435710475994
closeness,0.7062471149449441,0.9060016809881779,0.20034401647565844
eigenvector_centrality,0.693389056134403,0.7996832039233029,0.19669651818267805
core,0.1203273075038878,2.0303594043823483,0.03413374096248136
