measure,Hyperarea,GD,HyperVolume
two-hop,0.2286963017492556,1.8626956162471693,0.06485483422003137
page_rank,0.8853458967085982,0.3678187460017386,0.25107079091019036
degree_centrality,0.8710810075590604,0.4274101130063317,0.24702548272687422
katz_centrality,0.5568441423915084,1.3024056394054102,0.15791263026540991
betweenness,0.8255937234566255,0.6293939113240556,0.23412597255981712
closeness,0.8058437883942458,0.7134653535928531,0.2285251877874801
eigenvector_centrality,0.7823214530379841,0.7746691506074869,0.22185460698521184
core,0.22113934449803788,1.9050666817765176,0.06271179471310946
