measure,Hyperarea,GD,HyperVolume
two-hop,0.20243254088278814,6.745530384439474,0.05672424426339353
page_rank,0.7685208286793367,1.0198386344245272,0.21534958271730545
degree_centrality,0.7557446823983438,1.1406464070611184,0.21176953951265334
katz_centrality,0.4602003696282073,2.8566233546517763,0.12895415955881015
betweenness,0.729578559323881,1.2247680503883347,0.2044374497694275
closeness,0.7085785874805267,1.3085987076568908,0.1985529831358908
eigenvector_centrality,0.693421142474387,1.498397886931591,0.19430566889882325
core,0.12038648383149411,9.367733503398286,0.03373386652703607
