measure,Hyperarea,GD,HyperVolume
two-hop,0.9120809009753164,1.1717874530130021,0.5145542001631652
page_rank,0.9218357268118919,0.9665898050743233,0.520057425371261
degree_centrality,0.9197515030684721,1.0186945851318563,0.5188816019545995
katz_centrality,0.9274448023560419,0.9093677646827742,0.5232218084618274
betweenness,0.9266294429429447,0.9196852420119102,0.5227618200877664
closeness,0.9263567093520024,0.9009419405996845,0.5226079563081446
eigenvector_centrality,0.92473960732127,0.9838400058200168,0.5216956615313151
core,0.9222758300729392,0.9702310538092181,0.5203057114402219
