measure,Hyperarea,GD,HyperVolume
two-hop,0.21667556307225927,1.6493968335581581,0.06147154927498485
page_rank,0.8688079811228635,0.41833362160686144,0.24648359909549877
degree_centrality,0.860041677281644,0.445951755901139,0.2439965706973988
katz_centrality,0.5501864773412862,1.1682522428796929,0.15608966084023185
betweenness,0.807553668032012,0.6346890898917872,0.22910555483393197
closeness,0.7943613932292649,0.6817246785635167,0.2253628643381156
eigenvector_centrality,0.7723035037954564,0.7089166402831208,0.21910497065593632
core,0.21425532306224643,1.7118033011463036,0.06078491945423677
