measure,Hyperarea,GD,HyperVolume
two-hop,0.927447609872219,1.675164002069976,0.5141011563352877
page_rank,0.9350271452653742,1.4766161189289098,0.5183026312958434
degree_centrality,0.9340574069391685,1.4999333178912528,0.5177650876227149
katz_centrality,0.942488972619263,1.3847794546509886,0.5224388585394901
betweenness,0.9396281172192441,1.3399473507125617,0.5208530341181404
closeness,0.9387786137813846,1.3629661098208001,0.520382138840536
eigenvector_centrality,0.9390047794911873,1.4711592040905668,0.5205075066259455
core,0.9404037371381965,1.43835384165028,0.5212829744112262
