measure,Hyperarea,GD,HyperVolume
two-hop,0.25489911579122365,1.7717213716931044,0.0723082779002767
page_rank,0.9471427599142727,0.22439091386108623,0.2686798723586405
degree_centrality,0.9322294551178032,0.24984797288867,0.2644493540051838
katz_centrality,0.5988537221244555,1.2058237930814284,0.16987929215280995
betweenness,0.874528556579428,0.49785700417237827,0.24808110339883097
closeness,0.839487750335834,0.6340148606765976,0.23814093413678136
eigenvector_centrality,0.82443577908491,0.7100559063019712,0.23387107970131035
core,0.45181395828749515,1.62167656649832,0.12816791911445727
