measure,Hyperarea,GD,HyperVolume
two-hop,0.9442999536328718,0.8720992452780418,0.5327307115367675
page_rank,0.9642224749761463,0.6497408836258339,0.5439700840793351
degree_centrality,0.9607669751706239,0.7234121303620962,0.5420206496194169
katz_centrality,0.9690322168106996,0.5387293578620191,0.5466835197625332
betweenness,0.9613742655593541,0.7211304244699148,0.5423632549956567
closeness,0.9606293935987943,0.8180365684465675,0.5419430324085156
eigenvector_centrality,0.9614460123372937,0.7229059055096705,0.5424037312361936
core,0.9543231168303835,1.411975437624298,0.5383853203732046
