measure,Hyperarea,GD,HyperVolume
two-hop,0.8510475100207366,1.5691639580101076,0.4756980310994787
page_rank,0.8366028636202406,1.8210650041143375,0.46762411069933946
degree_centrality,0.8407228427572961,1.666597132434375,0.46992699736617255
katz_centrality,0.8463616737808616,1.5204697428332854,0.47307885526367977
betweenness,0.8486724792999282,1.578154045742466,0.4743704936536999
closeness,0.8455099397376064,1.476310156662957,0.47260277349077495
eigenvector_centrality,0.8432301337024825,1.63626404349177,0.47132846244535437
core,0.8460916612241499,2.3145982761439914,0.4729279301507014
