measure,Hyperarea,GD,HyperVolume
two-hop,0.22822918920322705,3.365462573304536,0.06462526759244679
page_rank,0.878398062016513,0.6024638919791583,0.24872677333115273
degree_centrality,0.8661292925018867,0.6389431143799973,0.24525275444828862
katz_centrality,0.5516625307476951,1.6256076867678684,0.15620849723367508
betweenness,0.8218734059547552,0.8522643429886576,0.23272127887045355
closeness,0.7973930202508243,0.9510704707866644,0.2257894246128717
eigenvector_centrality,0.7796702224020812,0.9732931363262198,0.2207710456865811
core,0.2032333671408578,3.8142761838470287,0.05754746262318233
