measure,Hyperarea,GD,HyperVolume
two-hop,0.9479824487397615,0.8873634686886311,0.534414132914654
page_rank,0.9634865862735651,0.732825571819515,0.5431544109944139
degree_centrality,0.9611084619278246,0.8012688637402379,0.5418137709204529
katz_centrality,0.9690950461351544,0.5808608991076265,0.5463161153254407
betweenness,0.9632018460677593,0.7287178892072373,0.5429938919991583
closeness,0.9595593813905395,0.8630597214377445,0.5409404946976192
eigenvector_centrality,0.9610681403233535,0.8194363955779566,0.5417910400826407
core,0.9557655633588306,1.2476570556843622,0.5388017736943485
