measure,Hyperarea,GD,HyperVolume
two-hop,0.914165888443015,1.1250276622418265,0.5155536870305313
page_rank,0.9205617919778587,0.9836636923036768,0.5191607256336631
degree_centrality,0.9187676564456508,0.9915705394240188,0.5181489035996583
katz_centrality,0.9257326158878485,0.9767003951746485,0.5220768674034257
betweenness,0.9251341801386177,0.8572006445262467,0.5217393731249067
closeness,0.9262631051821996,0.8422727086730573,0.5223760425477737
eigenvector_centrality,0.9239043223493211,0.9665518655622524,0.5210457815942984
core,0.9236119760751623,0.9294053007621297,0.5208809097680384
