measure,Hyperarea,GD,HyperVolume
two-hop,0.22709643166414578,1.9436504636548633,0.06440113510749763
page_rank,0.8710213460960469,0.39619350940923437,0.24700856363258425
degree_centrality,0.8582621388286789,0.4260241447276235,0.24339024420295285
katz_centrality,0.5511592313341208,1.0528509608346661,0.1563004749250637
betweenness,0.8097998442275455,0.622576914964356,0.22964706576832802
closeness,0.7885096292112957,0.7339723584730267,0.22360948074912823
eigenvector_centrality,0.7679355268382874,0.7615239502725064,0.2177749745134726
core,0.19509075331466047,2.0843965454930036,0.05532480572403714
