measure,Hyperarea,GD,HyperVolume
two-hop,0.2580474823823784,6.338735513677453,0.0723082779002767
page_rank,0.9588413200019059,0.553296631023992,0.2686798723586405
degree_centrality,0.9437438146818717,0.5441458246416149,0.2644493540051838
katz_centrality,0.6062504172674452,2.3189240899277914,0.16987929215280995
betweenness,0.8853302279857761,0.792887330143827,0.24808110339883097
closeness,0.8498566179509174,0.9882031773028382,0.23814093413678136
eigenvector_centrality,0.8346187334485081,1.1872449128192615,0.23387107970131035
core,0.457394503230832,3.571260134768083,0.12816791911445727
