measure,Hyperarea,GD,HyperVolume
two-hop,0.2531825839235234,1.6275818560809518,0.07181683524972934
page_rank,0.9416508995834295,0.3405129874162911,0.26710521107000745
degree_centrality,0.9254841177826421,0.39201464389348645,0.2625194015442773
katz_centrality,0.5992151794524077,1.3474802236673384,0.1699711613452424
betweenness,0.8667415474248584,0.6122780564241612,0.24585670132156018
closeness,0.8375623071648994,0.7564415051319789,0.2375798259615444
eigenvector_centrality,0.8144213260982934,0.8464589809782895,0.23101574086918453
core,0.4462557986686376,1.5767207644644,0.1265832691789835
