measure,Hyperarea,GD,HyperVolume
two-hop,0.9437534868139119,1.0016453912381327,0.5324224200281471
page_rank,0.9620343378722104,0.7897872907898081,0.5427356375119756
degree_centrality,0.9583074366008042,0.8810703936963165,0.5406330907962787
katz_centrality,0.9678951426765435,0.6377831717235007,0.5460420347023798
betweenness,0.9606454529857178,0.8025267786635144,0.5419520923778502
closeness,0.9589626280769848,0.8906472826047058,0.5410027197684668
eigenvector_centrality,0.9609191764346768,0.8129651514082042,0.5421065145899527
core,0.9520980833393183,1.2754973498272622,0.537130058556948
