measure,Hyperarea,GD,HyperVolume
two-hop,0.2534990411371779,1.6902019189389785,0.07209320048075459
page_rank,0.9450357307091732,0.23662716881052123,0.2687609786998159
degree_centrality,0.9297085190363098,0.3132999916678061,0.26440203620052355
katz_centrality,0.5959009817082581,1.1645381443185119,0.16946970981923526
betweenness,0.8693383758757091,0.5489530622200859,0.24723322635254522
closeness,0.8359438403112499,0.6299191767373004,0.2377360742662482
eigenvector_centrality,0.817324365892708,0.7212892564874402,0.23244083726621617
core,0.4773335453456974,1.506724906270933,0.13575003213591966
