measure,Hyperarea,GD,HyperVolume
two-hop,0.20191406976048454,2.0729454010200756,0.057259795724049996
page_rank,0.7681934841468301,0.5552634951366526,0.21784812732947104
degree_centrality,0.7550168649568266,0.6309508944179667,0.2141114361516438
katz_centrality,0.46492650545591685,1.518063721016217,0.1318461698121454
betweenness,0.7288269050062837,0.7469519398623805,0.20668435710475994
closeness,0.7064690889522538,0.8679808217094724,0.20034401647565844
eigenvector_centrality,0.6936069888440141,0.8175681236081132,0.19669651818267805
core,0.12036512646848282,2.397462775846333,0.03413374096248136
