measure,Hyperarea,GD,HyperVolume
two-hop,0.858832781841629,2.5770102279176537,0.474579108948951
page_rank,0.8444993850837189,2.961512796491324,0.4666586722755927
degree_centrality,0.8484510177192103,2.691019133391685,0.4688422897791348
katz_centrality,0.8568985962030867,2.464863570976609,0.4735103047343367
betweenness,0.855035254325045,2.514164219340091,0.4724806478012932
closeness,0.8564145195440496,2.5055568177403487,0.47324281067220253
eigenvector_centrality,0.850908588358918,2.65261069981213,0.4702003093017136
core,0.8568875840988871,3.701151864924539,0.4735042195979642
