measure,Hyperarea,GD,HyperVolume
two-hop,0.21637332549846613,1.8368545671596226,0.06147154927498485
page_rank,0.8675960935773395,0.39712994341505137,0.24648359909549877
degree_centrality,0.8588420177251306,0.44069032535982766,0.2439965706973988
katz_centrality,0.5494190302711708,1.1918042459075155,0.15608966084023185
betweenness,0.8064272232319015,0.6295800120115885,0.22910555483393197
closeness,0.7932533501403243,0.685031127185255,0.2253628643381156
eigenvector_centrality,0.7712262289338643,0.730890380992716,0.21910497065593632
core,0.2139564614458444,1.9918657860266709,0.06078491945423677
