measure,Hyperarea,GD,HyperVolume
two-hop,0.2525148789330135,1.7718406006068372,0.07169907097309038
page_rank,0.9439918417701472,0.31096097566541697,0.26803702952906366
degree_centrality,0.9290954120092436,0.3339036968317967,0.2638073374840416
katz_centrality,0.6005553432499612,1.3792292736057015,0.17052167524104694
betweenness,0.8659214802194022,0.5959940320169926,0.24586973223009304
closeness,0.8315415264406321,0.7587038712621382,0.23610788866486884
eigenvector_centrality,0.8248434992341376,0.792192079190695,0.23420605091935706
core,0.464828296010915,1.742154122437561,0.13198333946423949
