measure,Hyperarea,GD,HyperVolume
two-hop,0.2532462664113296,1.9298825121420355,0.07181683524972934
page_rank,0.9418877510721896,0.3065383023839611,0.26710521107000745
degree_centrality,0.9257169028744607,0.3499051337277573,0.2625194015442773
katz_centrality,0.5993658987979781,1.1639281273974367,0.1699711613452424
betweenness,0.8669595571203502,0.5594822228691124,0.24585670132156018
closeness,0.8377729774668863,0.6562182433787338,0.2375798259615444
eigenvector_centrality,0.8146261757975288,0.7120044822190307,0.23101574086918453
core,0.4463680444598637,1.6509072741497093,0.1265832691789835
