measure,Hyperarea,GD,HyperVolume
two-hop,0.2546604271441102,1.7794940490671787,0.0723082779002767
page_rank,0.9462558512905003,0.3005394751301953,0.2686798723586405
degree_centrality,0.9313565113778821,0.32928436770831476,0.2644493540051838
katz_centrality,0.5982929528793013,1.4401145917189881,0.16987929215280995
betweenness,0.8737096442133178,0.5764762518656315,0.24808110339883097
closeness,0.8387016503339805,0.7708255620219893,0.23814093413678136
eigenvector_centrality,0.8236637738147824,0.7568446591911459,0.23387107970131035
core,0.45139087772044084,1.6935343765657007,0.12816791911445727
