measure,Hyperarea,GD,HyperVolume
two-hop,0.25398292957646074,1.7144086445540767,0.07211590925098266
page_rank,0.9471966463457236,0.29519763787010495,0.26894700169264496
degree_centrality,0.9333393674278483,0.31301889458520266,0.2650123661225556
katz_centrality,0.5901601863357052,1.4501281763847413,0.16757007454123485
betweenness,0.8712421334829779,0.5746361354270696,0.24738047843871352
closeness,0.8359071749912801,0.6996868595197961,0.2373474708494874
eigenvector_centrality,0.8239962888722899,0.7412397925041121,0.23396549402179947
core,0.471451145017741,1.5424179855445206,0.13386383111285416
