measure,Hyperarea,GD,HyperVolume
two-hop,0.22935319959244202,1.7116608708438468,0.0650574802337276
page_rank,0.86532633947571,0.5413874032983,0.2454552686694675
degree_centrality,0.8568246540284524,0.5990324027718161,0.24304371202268352
katz_centrality,0.5456274389701193,1.204004928216216,0.15477066109762572
betweenness,0.8077716825833946,0.7890286765499446,0.22912952758634997
closeness,0.7864521476524583,0.8570505843831789,0.22308210716742263
eigenvector_centrality,0.7715995523494974,0.8943434196389681,0.21886907492257499
core,0.2352211786335205,1.672854337874508,0.06672196946324463
