measure,Hyperarea,GD,HyperVolume
two-hop,0.9311917201152423,1.4955926158058213,0.5161765850548143
page_rank,0.9387911894171539,1.40573245088906,0.520389109745223
degree_centrality,0.935851328237862,1.4538979558823326,0.5187594909768406
katz_centrality,0.9419667541939118,1.401817636912968,0.5221493833244215
betweenness,0.9419346427525236,1.2978173410184173,0.5221315833657246
closeness,0.9416949935106304,1.322050832050655,0.5219987414121083
eigenvector_centrality,0.9408403202611971,1.3883305044387988,0.5215249804134865
core,0.9411534692948065,1.475349643484346,0.5216985646446282
