measure,Hyperarea,GD,HyperVolume
two-hop,0.9446237248693133,0.9106202313739281,0.5327307115367675
page_rank,0.9645530770287324,0.65103433160929,0.5439700840793351
degree_centrality,0.9610963924392435,0.7237534593890631,0.5420206496194169
katz_centrality,0.969364467974942,0.5384605910346746,0.5466835197625332
betweenness,0.9617038910490577,0.7203651491816339,0.5423632549956567
closeness,0.9609587636949497,0.824641689881913,0.5419430324085156
eigenvector_centrality,0.9617756624267475,0.7061815672454957,0.5424037312361936
core,0.9546503246993581,1.489144890289611,0.5383853203732046
