measure,Hyperarea,GD,HyperVolume
two-hop,0.22760185593262405,1.8127507598633499,0.06462526759244679
page_rank,0.875983610424848,0.475849064047753,0.24872677333115273
degree_centrality,0.8637485640607651,0.5221480743393977,0.24525275444828862
katz_centrality,0.5501461766788257,1.3318713874542742,0.15620849723367508
betweenness,0.8196143236104714,0.7239602871127475,0.23272127887045355
closeness,0.7952012271103575,0.8954231523899929,0.2257894246128717
eigenvector_centrality,0.7775271438926284,0.916442572592284,0.2207710456865811
core,0.20267473985330867,1.7633502869042676,0.05754746262318233
