measure,Hyperarea,GD,HyperVolume
two-hop,0.22782946062893336,1.7303336182992857,0.0646252620755507
page_rank,0.8767588247701127,0.4722606392728016,0.2486981651600534
degree_centrality,0.8673001508636293,0.5485195548618936,0.2460151527067639
katz_centrality,0.548029859478825,1.360799138125546,0.15545212281272694
betweenness,0.8176388551088996,0.7290393461330004,0.23192841324690117
closeness,0.7981555455658972,0.7863904592019486,0.22640184972943608
eigenvector_centrality,0.7772683648126524,0.8379285048801169,0.22047706929730254
core,0.2181929364984282,1.715957342940119,0.061891801285571646
