measure,Hyperarea,GD,HyperVolume
two-hop,0.9545739615803067,0.9551774714017814,0.5327307115367675
page_rank,0.9747132404716743,0.6464264180563849,0.5439700840793351
degree_centrality,0.9712201447387903,0.7145270429122933,0.5420206496194169
katz_centrality,0.979575312421932,0.5385340168795201,0.5466835197625332
betweenness,0.9718340424626752,0.7019103471366621,0.5423632549956567
closeness,0.9710810662758965,0.8042900601753308,0.5419430324085156
eigenvector_centrality,0.9719065698474164,0.7315706541698997,0.5424037312361936
core,0.9647061770529494,1.5372416172268542,0.5383853203732046
