measure,Hyperarea,GD,HyperVolume
two-hop,0.25205329963796375,1.672482830836993,0.07150832613020819
page_rank,0.9506431617085211,0.26275193499158184,0.26970050119774874
degree_centrality,0.934367032246424,0.2941718302586759,0.2650829112856751
katz_centrality,0.6024863550550664,1.170746750366741,0.1709273031861117
betweenness,0.872908501445398,0.5063280089994371,0.2476469298074891
closeness,0.8397565274715191,0.6245448665488762,0.23824160890834048
eigenvector_centrality,0.825111464783658,0.6665267258485632,0.23408675784951635
core,0.45736980031113766,1.5038970345792582,0.129757273123319
