measure,Hyperarea,GD,HyperVolume
two-hop,0.228995421666568,1.8606730233021422,0.0650574802337276
page_rank,0.8639764796808961,0.38764333189952044,0.2454552686694675
degree_centrality,0.8554880563786235,0.419981725334365,0.24304371202268352
katz_centrality,0.5447762912479094,1.1292535706836324,0.15477066109762572
betweenness,0.8065116047746349,0.6847193809584406,0.22912952758634997
closeness,0.7852253271036879,0.7577689249229597,0.22308210716742263
eigenvector_centrality,0.7703959010032965,0.8041812902502671,0.21886907492257499
core,0.23485424699462168,2.07999126140976,0.06672196946324463
