measure,Hyperarea,GD,HyperVolume
two-hop,0.24640215714788277,1.9699006902603287,0.07000272473367337
page_rank,0.9396410539002484,0.25747633605164333,0.2669515348648523
degree_centrality,0.9259565870320242,0.3006546570109727,0.2630637849425639
katz_centrality,0.5925447650118082,1.2499709401499663,0.16834165965765452
betweenness,0.8642142769143576,0.5738869814186031,0.24552282673985584
closeness,0.8291030345605029,0.6398413715004894,0.2355477410425377
eigenvector_centrality,0.8159466168918756,0.6734024400876162,0.2318100096233058
core,0.46124127827067557,1.4104196736148438,0.13103840734320935
