measure,Hyperarea,GD,HyperVolume
two-hop,0.8488001288497511,1.263693917873711,0.47664452143715635
page_rank,0.8358156112689437,1.4323198416802503,0.46935305321273074
degree_centrality,0.8386700018096572,1.274842001578547,0.47095593894169135
katz_centrality,0.8473999752153563,1.3148486575236318,0.47585826382912677
betweenness,0.8467833364043035,1.2444366594232255,0.4755119897169961
closeness,0.8451148240743827,1.185770276906373,0.47457503502769266
eigenvector_centrality,0.8444410848117992,1.3469754872621065,0.47419669610257653
core,0.8430774648123779,2.1397680784571698,0.47343095399209034
