measure,Hyperarea,GD,HyperVolume
two-hop,0.2518431002020789,1.7746898432622642,0.07150832613020819
page_rank,0.9498503744027967,0.328240509959513,0.26970050119774874
degree_centrality,0.933587818392173,0.37079421187380396,0.2650829112856751
katz_centrality,0.6019839125473,1.3781794542992478,0.1709273031861117
betweenness,0.8721805408321212,0.6367419741972876,0.2476469298074891
closeness,0.839056213892571,0.7361484931701998,0.23824160890834048
eigenvector_centrality,0.8244233644307217,0.7221150262987351,0.23408675784951635
core,0.45698837751621985,1.775297962378076,0.129757273123319
