measure,Hyperarea,GD,HyperVolume
two-hop,0.9194120843574997,1.2971884200028014,0.5139108136128306
page_rank,0.9282443217306323,1.1735162795219058,0.5188476448462598
degree_centrality,0.926603326372119,1.1974019032486098,0.517930400800661
katz_centrality,0.9326072301380423,1.173674612693632,0.521286318263237
betweenness,0.932310690305104,1.052773236644626,0.5211205655725701
closeness,0.9329352114116936,1.0656873906837037,0.5214696453328499
eigenvector_centrality,0.9312464353719653,1.1513909231311779,0.5205256939933446
core,0.9345190770034641,1.1199650747028111,0.5223549563579807
