measure,Hyperarea,GD,HyperVolume
two-hop,0.9155022414261228,1.2102044884331085,0.5141011563352877
page_rank,0.9229841536846042,0.9532401181385574,0.5183026312958434
degree_centrality,0.9220269054241225,0.9636676382312495,0.5177650876227149
katz_centrality,0.9303498739634684,0.8615101861267627,0.5224388585394901
betweenness,0.9275258658974234,0.8555905041513754,0.5208530341181404
closeness,0.9266873039202496,0.8568958632376218,0.520382138840536
eigenvector_centrality,0.9269105566539395,0.915006693949971,0.5205075066259455
core,0.9282914959629249,0.9281436947540562,0.5212829744112262
