measure,Hyperarea,GD,HyperVolume
two-hop,0.8461947862348372,1.316189579924753,0.47722065273339825
page_rank,0.8305186188953175,1.5249847034863404,0.46837990952413033
degree_centrality,0.835479852469771,1.3753695035172995,0.4711778505694755
katz_centrality,0.8452188602775387,1.2932746205354562,0.4766702687911457
betweenness,0.8433767909300605,1.3099782967224312,0.4756314139663657
closeness,0.8436923171712134,1.2011753447195006,0.4758093583843732
eigenvector_centrality,0.8396951293590269,1.3940113020663096,0.47355510131748996
core,0.8372369952702574,2.2240201567070743,0.4721688101544725
