measure,Hyperarea,GD,HyperVolume
two-hop,0.2501366744717893,1.9011957026332154,0.07093500170809233
page_rank,0.947161239914344,0.2318323200821808,0.26860069325316094
degree_centrality,0.9316507012973164,0.2754648373147709,0.26420213760107336
katz_centrality,0.6021918734446476,1.1905857934284525,0.17077256528495594
betweenness,0.8710350871894992,0.5270078886942431,0.24701246040017968
closeness,0.8328850714454195,0.6907956005232697,0.2361936892716171
eigenvector_centrality,0.8261200892593085,0.6831120785716807,0.23427524199098407
core,0.45520749944348865,1.5909315101879262,0.1290900057688343
