measure,Hyperarea,GD,HyperVolume
two-hop,0.2523731157677404,1.919760923289141,0.07169907097309038
page_rank,0.9434618798445498,0.25749039268157625,0.26803702952906366
degree_centrality,0.928573813016726,0.2766874352423556,0.2638073374840416
katz_centrality,0.600218188359364,1.2081825681242964,0.17052167524104694
betweenness,0.8654353474004864,0.5360064293316796,0.24586973223009304
closeness,0.8310746947064295,0.6762890141321538,0.23610788866486884
eigenvector_centrality,0.8243804278072162,0.6975173316695442,0.23420605091935706
core,0.46456733898996855,1.5954185150906666,0.13198333946423949
