measure,Hyperarea,GD,HyperVolume
two-hop,0.2527674185413444,1.7211071758387366,0.07169907097309038
page_rank,0.9449359260593403,0.2936869031796214,0.26803702952906366
degree_centrality,0.9300245984098322,0.32007745969521373,0.2638073374840416
katz_centrality,0.6011559574070604,1.4014741982463215,0.17052167524104694
betweenness,0.8667874865014238,0.6103952937259495,0.24586973223009304
closeness,0.8323731494019622,0.7583093486195497,0.23610788866486884
eigenvector_centrality,0.825668423512307,0.8208139721660798,0.23420605091935706
core,0.46529316982869445,1.644708229629873,0.13198333946423949
