measure,Hyperarea,GD,HyperVolume
two-hop,0.8421885927528621,1.3525800291291998,0.47520946949466025
page_rank,0.8302858844909158,1.5188293374790842,0.46849330196712285
degree_centrality,0.8299119135171399,1.4534262666562414,0.4682822868220785
katz_centrality,0.8359511808106793,1.400377967232361,0.4716899760634139
betweenness,0.8381402950388183,1.343207026544564,0.4729251956092127
closeness,0.8383750893643479,1.3275218024102597,0.47305767957757255
eigenvector_centrality,0.8352438755068792,1.4763848059871303,0.47129087521939633
core,0.8341131239036934,3.106032254686399,0.4706528425102097
