measure,Hyperarea,GD,HyperVolume
two-hop,0.9449962741201533,0.8848983037429411,0.5327307115367675
page_rank,0.9649334861977822,0.6438961563359848,0.5439700840793351
degree_centrality,0.9614754383297516,0.7146311488359567,0.5420206496194169
katz_centrality,0.969746774703883,0.5212683307985045,0.5466835197625332
betweenness,0.9620831765303638,0.7086423105463876,0.5423632549956567
closeness,0.9613377553061885,0.8042516176725665,0.5419430324085156
eigenvector_centrality,0.9621549762138987,0.6886311061790394,0.5424037312361936
core,0.9550268283313519,1.4615268791550111,0.5383853203732046
