measure,Hyperarea,GD,HyperVolume
two-hop,0.8619051855366869,2.710887758709666,0.4762768767085903
page_rank,0.8521633137457207,2.960152202283018,0.4708936531849868
degree_centrality,0.8513854389832258,2.843748548850263,0.4704638103570651
katz_centrality,0.8628592084847305,2.567484829118442,0.47680405658594494
betweenness,0.8611151438799786,2.53926568623454,0.4758403106233167
closeness,0.8629954970018903,2.4600978043914363,0.47687936773428624
eigenvector_centrality,0.8594508230167884,2.7328488072022705,0.4749206299486175
core,0.8540641092022944,4.431519072153393,0.4719440064471674
