measure,Hyperarea,GD,HyperVolume
two-hop,0.9236868207442138,1.3549857227119269,0.5163002027581907
page_rank,0.9334097490597455,1.245375236740655,0.5217348909533387
degree_centrality,0.9309347330221348,1.3077634001655578,0.5203514661243273
katz_centrality,0.9373179859404335,1.2036257485217314,0.5239194230356525
betweenness,0.9373724321632131,1.1109547516239553,0.5239498560733762
closeness,0.9375392088823595,1.1268380756358995,0.5240430769053475
eigenvector_centrality,0.9360620818823099,1.2075191418454818,0.5232174280463426
core,0.9309768033586764,1.3196544822425336,0.5203749815873594
