measure,Hyperarea,GD,HyperVolume
two-hop,0.22480582359302914,1.959468802971345,0.06375155308286912
page_rank,0.8767131741738918,0.32003949735557896,0.24862268053597994
degree_centrality,0.8638434631815801,0.35781852994933855,0.2449730239106567
katz_centrality,0.555622750050135,1.3265703486173765,0.1575662617530575
betweenness,0.8180194325844555,0.5960172828989223,0.231978017498491
closeness,0.7993933879753966,0.7099994852545015,0.2266959511683591
eigenvector_centrality,0.7808243309686304,0.7975719257618985,0.22143004566580082
core,0.20780129718154236,2.056695546149486,0.05892932494462722
