measure,Hyperarea,GD,HyperVolume
two-hop,0.2001661397887916,1.867591336037959,0.056787773160680635
page_rank,0.7567193088600427,0.6228254539678985,0.2146836847790247
degree_centrality,0.7456043609083868,0.6715223627885579,0.21153033854555373
katz_centrality,0.46739767290684314,1.5288988601240865,0.13260221260634047
betweenness,0.7195874641120489,0.862777416583752,0.20414926183011015
closeness,0.6963500054404372,0.9466507998827067,0.19755672058778728
eigenvector_centrality,0.6847524873837881,0.9080799168360892,0.19426646767426847
core,0.12305119804101879,2.027393517691485,0.03491001789251995
