measure,Hyperarea,GD,HyperVolume
two-hop,0.8599735280119222,2.6998976124812066,0.47520946949466025
page_rank,0.8478194640587831,2.88786630387236,0.46849330196712285
degree_centrality,0.8474375957451303,2.8860275512901192,0.4682822868220785
katz_centrality,0.8536043973923193,2.6944219569179158,0.4716899760634139
betweenness,0.855839740286053,2.6070532811318663,0.4729251956092127
closeness,0.8560794928856732,2.458476071349306,0.47305767957757255
eigenvector_centrality,0.8528821555539415,2.855250688811392,0.47129087521939633
core,0.8517275252800758,4.644578286426693,0.4706528425102097
