measure,Hyperarea,GD,HyperVolume
two-hop,0.947571090518944,0.849316860965023,0.5341822344789944
page_rank,0.9646230102782979,0.661145407218448,0.543795056873375
degree_centrality,0.961182007916758,0.739701368947948,0.5418552316204452
katz_centrality,0.9703767494831973,0.5251042257130946,0.5470386607526357
betweenness,0.9632492442323379,0.6846525712286635,0.5430206121658224
closeness,0.9597334769476483,0.8187658550564314,0.5410386390528445
eigenvector_centrality,0.9618216058609387,0.7467946581879347,0.5422157975583566
core,0.9564618325014858,0.79935982368514,0.5391942873644506
