measure,Hyperarea,GD,HyperVolume
two-hop,0.9166353854800483,1.1897457660931445,0.5163002027581907
page_rank,0.9262840888547718,1.0754672471999742,0.5217348909533387
degree_centrality,0.9238279671165871,1.1298460052822117,0.5203514661243273
katz_centrality,0.9301624902124855,1.0447965122591958,0.5239194230356525
betweenness,0.9302165207922067,0.9634775181743619,0.5239498560733762
closeness,0.9303820243360602,0.9822681600979983,0.5240430769053475
eigenvector_centrality,0.9289161737396399,1.040875194738838,0.5232174280463426
core,0.9238697162877205,1.0130559238931913,0.5203749815873594
