measure,Hyperarea,GD,HyperVolume
two-hop,0.8459047516686954,1.292585178585904,0.47722065273339825
page_rank,0.830233957359673,1.5481311440471752,0.46837990952413033
degree_centrality,0.8351934904636784,1.4170135992985828,0.4711778505694755
katz_centrality,0.8449291602115216,1.3826338321637288,0.4766702687911457
betweenness,0.8430877222361491,1.3647792226122684,0.4756314139663657
closeness,0.843403140330197,1.3131605698489304,0.4758093583843732
eigenvector_centrality,0.8394073225602889,1.4292516356020397,0.47355510131748996
core,0.8369500310007638,2.253581424904038,0.4721688101544725
