measure,Hyperarea,GD,HyperVolume
two-hop,0.22743764779504835,3.603513386169965,0.06440113510749763
page_rank,0.8723300700221365,0.6879087730745765,0.24700856363258425
degree_centrality,0.85955169183559,0.711684129832047,0.24339024420295285
katz_centrality,0.5519873571617656,1.6287809982773371,0.1563004749250637
betweenness,0.8110165818382072,0.9337511694809221,0.22964706576832802
closeness,0.7896943779230536,0.9572103576805242,0.22360948074912823
eigenvector_centrality,0.7690893626221886,0.9507963003987324,0.2177749745134726
core,0.19538388038642066,4.014139575052859,0.05532480572403714
