measure,Hyperarea,GD,HyperVolume
two-hop,0.20182992988204843,1.9352004355969263,0.057259795724049996
page_rank,0.7678733692264177,0.6268204857525161,0.21784812732947104
degree_centrality,0.7547022408827835,0.68683720051765,0.2141114361516438
katz_centrality,0.4647327653183564,1.4580725108000558,0.1318461698121454
betweenness,0.7285231945850092,0.8197203331397089,0.20668435710475994
closeness,0.7061746952860085,0.9099124883905656,0.20034401647565844
eigenvector_centrality,0.6933179549604764,0.8344399828329281,0.19669651818267805
core,0.12031496895781,2.030561354948352,0.03413374096248136
