measure,Hyperarea,GD,HyperVolume
two-hop,0.25487297804617953,1.757854982027941,0.0723082779002767
page_rank,0.9470456384476008,0.26480656876587966,0.2686798723586405
degree_centrality,0.9321338628842057,0.27430660652816513,0.2644493540051838
katz_centrality,0.5987923147482117,1.2096767810987534,0.16987929215280995
betweenness,0.8744388810841847,0.5101241842743277,0.24808110339883097
closeness,0.8394016679784362,0.6645693629745514,0.23814093413678136
eigenvector_centrality,0.8243512401796569,0.7042620161976192,0.23387107970131035
core,0.4517676285934418,1.6375794405281656,0.12816791911445727
