measure,Hyperarea,GD,HyperVolume
two-hop,0.19542804546818035,1.7338916385864032,0.055578250703818007
page_rank,0.7455641423910533,0.8238366308242244,0.2120327751440048
degree_centrality,0.7320824761853559,0.8710424322950434,0.20819869174778396
katz_centrality,0.4442225482277116,1.6155154516502135,0.12633351622865477
betweenness,0.7085070473444984,0.9541620490930542,0.20149401897971628
closeness,0.6859169634256685,1.035016587630566,0.19506957081797363
eigenvector_centrality,0.6752586047996941,0.9981301531511324,0.19203841463777194
core,0.12154991827822054,2.058152939157558,0.03456787287060838
