measure,Hyperarea,GD,HyperVolume
two-hop,0.952530271771112,1.1008166571852007,0.5324224200281471
page_rank,0.9709811323719606,0.9079201183973765,0.5427356375119756
degree_centrality,0.9672195714023675,1.0001132726993334,0.5406330907962787
katz_centrality,0.9768964419004219,0.7528982706329919,0.5460420347023798
betweenness,0.9695793310362582,0.9186257898607543,0.5419520923778502
closeness,0.9678808560742529,1.0143599809449102,0.5410027197684668
eigenvector_centrality,0.9698556000777717,0.9216510309018435,0.5421065145899527
core,0.9609524719613328,1.428542627114739,0.537130058556948
