measure,Hyperarea,GD,HyperVolume
two-hop,0.1992600123792751,1.5224111675734304,0.05665218195385288
page_rank,0.7420761696666353,0.738180450924082,0.21098179050371776
degree_centrality,0.7306691232152216,0.765609323731439,0.2077386206202818
katz_centrality,0.45472062999739904,1.1202212774126146,0.12928291813888615
betweenness,0.7057281492245455,0.866569355576475,0.20064758123031812
closeness,0.6804381627573035,0.9646399432108761,0.19345731310855577
eigenvector_centrality,0.6692000610519083,0.847471900148048,0.19026217638730475
core,0.11915557222279459,1.597427827152254,0.03387746029811712
