measure,Hyperarea,GD,HyperVolume
two-hop,0.8592119381515345,2.502276224718204,0.4762768767085903
page_rank,0.849500507377942,2.7548635139213626,0.4708936531849868
degree_centrality,0.8487250632878752,2.648655205957034,0.4704638103570651
katz_centrality,0.8601629800062359,2.309058160704812,0.47680405658594494
betweenness,0.858424365185886,2.297211893712507,0.4758403106233167
closeness,0.8602988426544038,2.212934474386999,0.47687936773428624
eigenvector_centrality,0.8567652449269945,2.4792045535223397,0.4749206299486175
core,0.8513953633037193,4.1986113592259695,0.4719440064471674
