measure,Hyperarea,GD,HyperVolume
two-hop,0.945382561006245,0.9769692437119859,0.5329484762976673
page_rank,0.9617284547123965,0.7926195748691627,0.5421632846765576
degree_centrality,0.9601055770052644,0.8470501481583377,0.5412484061533988
katz_centrality,0.9684970126516538,0.6156529174957879,0.5459789808711437
betweenness,0.9611265523904102,0.7928738242616843,0.5418239692093448
closeness,0.9581012065966613,0.919697025058167,0.5401184655354291
eigenvector_centrality,0.9611323328135093,0.7888044977464508,0.5418272278559606
core,0.9505003264487152,1.41094455766659,0.5358335573295305
