measure,Hyperarea,GD,HyperVolume
two-hop,0.9129650566272601,1.1330780852615165,0.5146734834251906
page_rank,0.9229569452882347,0.9815422308704738,0.520306295005229
degree_centrality,0.9202249603162309,1.0322262111801819,0.518766170099024
katz_centrality,0.927084574055025,0.9629956666859365,0.5226331979466603
betweenness,0.9258878492332495,0.9006331928478213,0.521958558180052
closeness,0.926668144371955,0.9200629357783979,0.5223984405328562
eigenvector_centrality,0.924959422597399,0.9813256664777928,0.521435168410302
core,0.924429831019681,0.9210718890716891,0.5211366172881992
