measure,Hyperarea,GD,HyperVolume
two-hop,0.203036027771215,1.8573200060369686,0.057577966154578164
page_rank,0.7516547153078378,0.7206491694398433,0.21315798103916375
degree_centrality,0.7396950032037549,0.7567083510978576,0.20976638642264905
katz_centrality,0.4534820011358916,1.490188672297356,0.12860068038040348
betweenness,0.7116233283617236,0.8529348949660503,0.2018056813118394
closeness,0.691173978775801,0.9252269219849999,0.19600655309175746
eigenvector_centrality,0.6777387581297244,0.8754692766036234,0.19219652642737273
core,0.12192218235853057,2.1665882837149693,0.03457529861272744
