measure,Hyperarea,GD,HyperVolume
two-hop,0.25292962952398396,1.738003124499045,0.07181683524972934
page_rank,0.9407100973600356,0.3956719243853314,0.26710521107000745
degree_centrality,0.9245594677705082,0.44096098151083085,0.2625194015442773
katz_centrality,0.5986165043241095,1.3298313356546887,0.1699711613452424
betweenness,0.8658755870405102,0.65637332329188,0.24585670132156018
closeness,0.8367254997226082,0.7434495073351506,0.2375798259615444
eigenvector_centrality,0.8136076387809325,0.8810689117713927,0.23101574086918453
core,0.44580994506431826,1.736721884805107,0.1265832691789835
