measure,Hyperarea,GD,HyperVolume
two-hop,0.24942650341713987,1.7716539377211271,0.07093500170809233
page_rank,0.944472124061607,0.23984213433679183,0.26860069325316094
degree_centrality,0.929005621912207,0.2875683482477376,0.26420213760107336
katz_centrality,0.6004821711837994,1.2650399053985169,0.17077256528495594
betweenness,0.8685621035384122,0.5336479386066233,0.24701246040017968
closeness,0.8305204007275442,0.6713309562863101,0.2361936892716171
eigenvector_centrality,0.8237746252193182,0.6943210722392165,0.23427524199098407
core,0.4539151052328166,1.6287150327177664,0.1290900057688343
