measure,Hyperarea,GD,HyperVolume
two-hop,0.9154895899906523,1.202910700520886,0.5163002027581907
page_rank,0.9251262324729203,1.0664195340949405,0.5217348909533387
degree_centrality,0.9226731808902778,1.13557295623084,0.5203514661243273
katz_centrality,0.9289997858236161,1.0148574984611214,0.5239194230356525
betweenness,0.9290537488650384,0.9345620346200184,0.5239498560733762
closeness,0.9292190455292351,0.9601638106875582,0.5240430769053475
eigenvector_centrality,0.9277550272480712,1.025957835440455,0.5232174280463426
core,0.9227148778748901,1.0234139185764384,0.5203749815873594
