measure,Hyperarea,GD,HyperVolume
two-hop,0.8434529146413702,1.4357880564940912,0.47548681795916403
page_rank,0.8384300531770205,1.4856706517754357,0.47265523794648623
degree_centrality,0.8354103975552204,1.4985418185988288,0.4709529420411449
katz_centrality,0.844140298938814,1.3279771301441914,0.47587432290061726
betweenness,0.844910917631853,1.3315012466277794,0.4763087502691785
closeness,0.8455718137602412,1.2965872788283725,0.47668132281191783
eigenvector_centrality,0.8422835891990638,1.4565983628620505,0.4748276242755932
core,0.8361462260607007,2.3780449621781674,0.47136775684415405
