measure,Hyperarea,GD,HyperVolume
two-hop,0.8471146356059528,1.2904800091900352,0.4756980310994787
page_rank,0.832736741037276,1.5089713244350165,0.46762411069933946
degree_centrality,0.8368376808606073,1.3616134454218016,0.46992699736617255
katz_centrality,0.842450453627729,1.3382439387638791,0.47307885526367977
betweenness,0.8447505804152365,1.3415309184170243,0.4743704936536999
closeness,0.8416026556315069,1.2640895450230936,0.47260277349077495
eigenvector_centrality,0.8393333850726293,1.3682355330280296,0.47132846244535437
core,0.8421816888573788,2.0326694119406734,0.4729279301507014
