measure,Hyperarea,GD,HyperVolume
two-hop,0.9300680010247553,1.5937413655598942,0.5155536870305313
page_rank,0.9365751626795517,1.4705385864600071,0.5191607256336631
degree_centrality,0.9347498177732239,1.4893847782029863,0.5181489035996583
katz_centrality,0.9418359341854826,1.4647996006771669,0.5220768674034257
betweenness,0.9412270885174642,1.3576986676611065,0.5217393731249067
closeness,0.9423756514554001,1.3136303692757825,0.5223760425477737
eigenvector_centrality,0.9399758370869563,1.4688700240407493,0.5210457815942984
core,0.9396784053863739,1.4586936902231729,0.5208809097680384
