measure,Hyperarea,GD,HyperVolume
two-hop,0.19920427596309043,1.6543044856247895,0.05665218195385288
page_rank,0.7418685983343876,0.7397133205820337,0.21098179050371776
degree_centrality,0.7304647426279751,0.8119786792121934,0.2077386206202818
katz_centrality,0.4545934368994028,1.2980760310175148,0.12928291813888615
betweenness,0.7055307450521342,0.907668652878716,0.20064758123031812
closeness,0.6802478326244559,1.048623796333008,0.19345731310855577
eigenvector_centrality,0.6690128744073416,0.9577418158505485,0.19026217638730475
core,0.1191222423816246,1.773086125156868,0.03387746029811712
