measure,Hyperarea,GD,HyperVolume
two-hop,0.8490457024708657,1.653766603796912,0.474579108948951
page_rank,0.8348756461148223,1.9674297163105936,0.4666586722755927
degree_centrality,0.8387822467684596,1.723144525002553,0.4688422897791348
katz_centrality,0.8471335584087076,1.566201916858728,0.4735103047343367
betweenness,0.8452914507863218,1.6357102036869684,0.4724806478012932
closeness,0.8466549981863782,1.5368025355667658,0.47324281067220253
eigenvector_centrality,0.8412118114454018,1.7450135495309453,0.4702003093017136
core,0.8471226717961522,2.8138745272167833,0.4735042195979642
