measure,Hyperarea,GD,HyperVolume
two-hop,0.8520830936938123,1.681292168574091,0.4762768767085903
page_rank,0.8424522382432256,1.8781150956656902,0.4708936531849868
degree_centrality,0.8416832279793874,1.7906087052495916,0.4704638103570651
katz_centrality,0.8530262447951922,1.5846686348388552,0.47680405658594494
betweenness,0.8513020551871512,1.5760033773489615,0.4758403106233167
closeness,0.8531609801968177,1.4555154666677979,0.47687936773428624
eigenvector_centrality,0.8496567005776147,1.7834295283248047,0.4749206299486175
core,0.8443313726309691,3.4565496387115062,0.4719440064471674
