measure,Hyperarea,GD,HyperVolume
two-hop,0.9483544439468227,0.9288261079157859,0.5341661465970465
page_rank,0.9656167663343901,0.7019942119471465,0.5438892499050327
degree_centrality,0.9635928620266013,0.7657897258856924,0.5427492740530998
katz_centrality,0.9707271534969579,0.5668765369677266,0.5467677051447078
betweenness,0.9645015883155463,0.7387828925711277,0.5432611194113153
closeness,0.962019971091408,0.8408966081066203,0.5418633341018164
eigenvector_centrality,0.9640781926040701,0.7395515561210935,0.5430226393186363
core,0.9640571645689144,0.7297109181565493,0.5430107951557483
