measure,Hyperarea,GD,HyperVolume
two-hop,0.9443365817028959,0.8975650277075252,0.5323588175722457
page_rank,0.9625284659217632,0.6294002435544099,0.5426142817359906
degree_centrality,0.96031499555793,0.6879515115487277,0.5413664634385181
katz_centrality,0.9656197711709683,0.5501625437304909,0.5443569692894623
betweenness,0.9607676583596075,0.6502965819735467,0.5416216468535516
closeness,0.9587482801632662,0.7785869785194282,0.5404832457689543
eigenvector_centrality,0.9588682859222839,0.7378800388815505,0.5405508976265763
core,0.9596196332762351,0.6989186521575053,0.5409744610007857
