measure,Hyperarea,GD,HyperVolume
two-hop,0.19627894116369746,3.3668395844524923,0.055578250703818007
page_rank,0.7488103362419545,0.7663686829240186,0.2120327751440048
degree_centrality,0.7352699707246239,0.8960003388245287,0.20819869174778396
katz_centrality,0.44615669771599553,2.2047478890943943,0.12633351622865477
betweenness,0.7115918942270668,1.031377829487047,0.20149401897971628
closeness,0.6889034528533393,1.159672933276757,0.19506957081797363
eigenvector_centrality,0.6781986876256184,1.2051897090534838,0.19203841463777194
core,0.12207914785735088,4.713317637681734,0.03456787287060838
