measure,Hyperarea,GD,HyperVolume
two-hop,0.23358148943964735,6.946724459296912,0.06545258684498581
page_rank,0.8880036823663525,0.8707923042099199,0.24883024026511505
degree_centrality,0.8763589239115607,0.9509503936016864,0.24556722671948014
katz_centrality,0.5601887854438369,2.802383720572618,0.15697222077318565
betweenness,0.8257549926723151,1.030445524860741,0.2313873436641912
closeness,0.8075431109530041,1.116511689781059,0.2262841363308387
eigenvector_centrality,0.7853730201833576,1.2135849324109569,0.2200717870777253
core,0.2386036913581716,7.170311581972389,0.06685987347550539
