measure,Hyperarea,GD,HyperVolume
two-hop,0.9640925801193526,1.2672704122570955,0.534414132914654
page_rank,0.9798601968904869,0.9160707429152363,0.5431544109944139
degree_centrality,0.9774416584044869,0.9623648173959294,0.5418137709204529
katz_centrality,0.9855639676149803,0.7537195763865083,0.5463161153254407
betweenness,0.9795706177742871,0.9131558457223,0.5429938919991583
closeness,0.9758662526003086,1.0836329346448383,0.5409404946976192
eigenvector_centrality,0.9774006515696655,0.9843857722290466,0.5417910400826407
core,0.9720079619541516,1.4378067445292675,0.5388017736943485
