measure,Hyperarea,GD,HyperVolume
two-hop,0.25170171417687637,1.8890154242889685,0.07150832613020819
page_rank,0.9493171234665344,0.2632612863784759,0.26970050119774874
degree_centrality,0.9330636973393663,0.3148899643931146,0.2650829112856751
katz_centrality,0.6016459556504755,1.1862849622248777,0.1709273031861117
betweenness,0.871690894144051,0.5104026188312575,0.2476469298074891
closeness,0.8385851633737814,0.6259483425364841,0.23824160890834048
eigenvector_centrality,0.8239605288696623,0.688253078127411,0.23408675784951635
core,0.4567318218662579,1.5553378169717602,0.129757273123319
