measure,Hyperarea,GD,HyperVolume
two-hop,0.216150464877549,1.5214346787358273,0.06147154927498485
page_rank,0.8667024852562838,0.4381687441214289,0.24648359909549877
degree_centrality,0.8579574259442398,0.49869004625374885,0.2439965706973988
katz_centrality,0.5488531385839777,1.4579759740769982,0.15608966084023185
betweenness,0.8055966177435406,0.6465043385828576,0.22910555483393197
closeness,0.7924363135035317,0.6870842558327623,0.2253628643381156
eigenvector_centrality,0.7704318798344463,0.7146336595612174,0.21910497065593632
core,0.2137360901512904,1.5629191820824053,0.06078491945423677
