measure,Hyperarea,GD,HyperVolume
two-hop,0.2468492048664819,1.9313147586615798,0.07000272473367337
page_rank,0.9413458457507357,0.2427496691650445,0.2669515348648523
degree_centrality,0.9276365511384507,0.2762123158668512,0.2630637849425639
katz_centrality,0.5936198196640587,1.1938006516363322,0.16834165965765452
betweenness,0.8657822218761523,0.5524904394707966,0.24552282673985584
closeness,0.8306072771547001,0.6385980979442413,0.2355477410425377
eigenvector_centrality,0.8174269897822852,0.6560752876961958,0.2318100096233058
core,0.4620781088551209,1.4367565168297305,0.13103840734320935
