measure,Hyperarea,GD,HyperVolume
two-hop,0.9205631349943448,1.4441824313959535,0.5145542001631652
page_rank,0.9304086794453241,1.1937456778215758,0.520057425371261
degree_centrality,0.9283050726915587,1.2233591739662386,0.5188816019545995
katz_centrality,0.9360699186641493,1.109670905937488,0.5232218084618274
betweenness,0.9352469765143189,1.082595104133165,0.5227618200877664
closeness,0.9349717065363733,1.055862201094947,0.5226079563081446
eigenvector_centrality,0.9333395656666051,1.18058818013718,0.5216956615313151
core,0.9308528756095874,1.285978094038437,0.5203057114402219
