measure,Hyperarea,GD,HyperVolume
two-hop,0.20146244534549046,3.1114675287178537,0.0570460092582098
page_rank,0.7594275952496021,0.6924502885054173,0.21503915310496124
degree_centrality,0.7459799769735409,0.8030211465247731,0.2112313319730302
katz_centrality,0.4539567552110457,2.1054052590762926,0.12854217676245366
betweenness,0.7225106256063788,0.9275631564687956,0.20458576171263093
closeness,0.7015545484780277,1.058276093414673,0.19865184897852523
eigenvector_centrality,0.6881846860876871,1.1155997898280217,0.1948660451658474
core,0.11701998858117349,4.663541148913073,0.03313532375996574
