measure,Hyperarea,GD,HyperVolume
two-hop,0.9137473205617962,1.1522793401385254,0.5146734834251906
page_rank,0.9237477706612186,0.970884679561294,0.520306295005229
degree_centrality,0.9210134448183374,1.0278219758922544,0.518766170099024
katz_centrality,0.9278789361407188,0.9814782328295673,0.5226331979466603
betweenness,0.9266811859186163,0.9008399654084901,0.521958558180052
closeness,0.9274621496445156,0.9208088966568659,0.5223984405328562
eigenvector_centrality,0.9257519637707494,0.9772438383468094,0.521435168410302
core,0.9252219184183899,0.930393328274938,0.5211366172881992
