measure,Hyperarea,GD,HyperVolume
two-hop,0.2011601988318222,1.9438593809762061,0.0570460092582098
page_rank,0.7582882546511396,0.5960544667171839,0.21503915310496124
degree_centrality,0.7448608113299396,0.6770285498328397,0.2112313319730302
katz_centrality,0.4532757010007516,1.607021672696473,0.12854217676245366
betweenness,0.7214266701460781,0.767112937709637,0.20458576171263093
closeness,0.7005020326304117,0.8869087029272074,0.19865184897852523
eigenvector_centrality,0.6871522285407077,0.8638367231629174,0.1948660451658474
core,0.11684442790276764,2.1496751883775254,0.03313532375996574
