measure,Hyperarea,GD,HyperVolume
two-hop,0.9446859558834785,0.9682695241658135,0.5329484762976673
page_rank,0.961019805118152,0.7806163180520105,0.5421632846765576
degree_centrality,0.9593981232284287,0.8381933181716461,0.5412484061533988
katz_centrality,0.9677833756456156,0.6140320081501043,0.5459789808711437
betweenness,0.9604183463078806,0.79344898447545,0.5418239692093448
closeness,0.9573952297401245,0.9036567436919496,0.5401184655354291
eigenvector_centrality,0.9604241224716751,0.806723453926085,0.5418272278559606
core,0.9497999503005762,1.411502080256055,0.5358335573295305
