measure,Hyperarea,GD,HyperVolume
two-hop,0.23065939432774452,1.767315792873443,0.06543880686456344
page_rank,0.874236225537077,0.3427582133639156,0.24802360937286314
degree_centrality,0.86488234311913,0.37001504398967044,0.2453698830559019
katz_centrality,0.5565988088644291,1.2955633541302074,0.15790885977343577
betweenness,0.8144372909724429,0.632010845361258,0.23105846064745927
closeness,0.7979422836668233,0.7100943803379016,0.22637877439211315
eigenvector_centrality,0.7721832885413332,0.7866527119520785,0.2190708652043909
core,0.21802592232340107,1.7667580844284427,0.061854650507391994
