measure,Hyperarea,GD,HyperVolume
two-hop,0.20110961414960465,1.7672393398615132,0.0570460092582098
page_rank,0.7580975719484301,0.6009978234600484,0.21503915310496124
degree_centrality,0.7446735051547805,0.6703756616746428,0.2112313319730302
katz_centrality,0.45316171817798045,1.4508203823707355,0.12854217676245366
betweenness,0.7212452568294054,0.8151129728804414,0.20458576171263093
closeness,0.7003258811207237,0.9043133310298191,0.19865184897852523
eigenvector_centrality,0.6869794340350467,0.8993547129804464,0.1948660451658474
core,0.11681504565772773,1.6974342684488568,0.03313532375996574
