measure,Hyperarea,GD,HyperVolume
two-hop,0.2553623412739351,3.2557663298857302,0.0723082779002767
page_rank,0.9488639924920949,0.3095127270219135,0.2686798723586405
degree_centrality,0.933923585903641,0.37886703528684906,0.2644493540051838
katz_centrality,0.5999420126963688,1.510504643852137,0.16987929215280995
betweenness,0.8761178281291113,0.6202644280050952,0.24808110339883097
closeness,0.8410133425968058,0.7980144813069048,0.23814093413678136
eigenvector_centrality,0.8259340175568078,0.8621395976232528,0.23387107970131035
core,0.4526350350427983,2.245679647676866,0.12816791911445727
