measure,Hyperarea,GD,HyperVolume
two-hop,0.25211317601244376,1.7473091804209702,0.07169907097309038
page_rank,0.9424901311325982,0.26613024653247813,0.26803702952906366
degree_centrality,0.9276173987449596,0.28901651895452396,0.2638073374840416
katz_centrality,0.5995999744559849,1.251456869276338,0.17052167524104694
betweenness,0.8645439646090033,0.5615660286711491,0.24586973223009304
closeness,0.8302187027672008,0.6598988925208428,0.23610788866486884
eigenvector_centrality,0.8235313308420991,0.7222313708473629,0.23420605091935706
core,0.4640888430136895,1.543278624571089,0.13198333946423949
