measure,Hyperarea,GD,HyperVolume
two-hop,0.23069752591061174,1.753663613400891,0.06543880686456344
page_rank,0.8743807503728278,0.429920072357285,0.24802360937286314
degree_centrality,0.8650253216127359,0.4562892661002385,0.2453698830559019
katz_centrality,0.5566908232983777,1.507463842308196,0.15790885977343577
betweenness,0.8145719301148953,0.7220636674900404,0.23105846064745927
closeness,0.7980741959281972,0.8019795783827578,0.22637877439211315
eigenvector_centrality,0.772310942440458,0.8821043017514504,0.2190708652043909
core,0.21806196539699235,1.745726698420576,0.061854650507391994
