measure,Hyperarea,GD,HyperVolume
two-hop,0.9164159155658759,1.0855057178888354,0.5161765850548143
page_rank,0.9238947993098853,0.9929723830572782,0.520389109745223
degree_centrality,0.9210015867564877,1.0205455207278156,0.5187594909768406
katz_centrality,0.9270199754035593,0.9934712197060963,0.5221493833244215
betweenness,0.9269883734946031,0.9055575479378978,0.5221315833657246
closeness,0.9267525269179206,0.9233301122853604,0.5219987414121083
eigenvector_centrality,0.9259114153063481,0.9966526324138943,0.5215249804134865
core,0.9262195954073354,0.9979410437770987,0.5216985646446282
