measure,Hyperarea,GD,HyperVolume
two-hop,0.94364074730996,0.8960492487575199,0.5323588175722457
page_rank,0.9618192268392737,0.6239592836855606,0.5426142817359906
degree_centrality,0.9596073874710376,0.6848543228569159,0.5413664634385181
katz_centrality,0.9649082542602625,0.5672637093484018,0.5443569692894623
betweenness,0.960059716728138,0.644582400750863,0.5416216468535516
closeness,0.9580418265105836,0.7762535245537665,0.5404832457689543
eigenvector_centrality,0.95816174384336,0.7369437136313013,0.5405508976265763
core,0.9589125375670272,0.67322808582963,0.5409744610007857
