measure,Hyperarea,GD,HyperVolume
two-hop,0.9163555781956164,1.1751635910440432,0.5145803484116028
page_rank,0.9259158698229222,1.0207182375787482,0.519948939287846
degree_centrality,0.9231814984078824,1.058539880600428,0.5184134504133106
katz_centrality,0.9290949291930245,0.990669423592973,0.5217341431074262
betweenness,0.9292009485616607,0.9135792518749541,0.5217936783849422
closeness,0.9307281905167841,0.892374679636986,0.5226513025606183
eigenvector_centrality,0.9269615288687442,0.9758616435897598,0.520536130121756
core,0.9301342635143025,0.9073076202033126,0.5223177822862398
