measure,Hyperarea,GD,HyperVolume
two-hop,0.2536267730998635,3.4652186133261864,0.07181683524972934
page_rank,0.943302952939565,0.3810804923130888,0.26710521107000745
degree_centrality,0.9271078077759393,0.454488815638241,0.2625194015442773
katz_centrality,0.6002664559378861,1.551304292581582,0.1699711613452424
betweenness,0.8682621781415696,0.6353451601908825,0.24585670132156018
closeness,0.8390317451712099,0.7860842808824545,0.2375798259615444
eigenvector_centrality,0.8158501650509077,0.7788307463924753,0.23101574086918453
core,0.4470387198023737,2.270077416734586,0.1265832691789835
