measure,Hyperarea,GD,HyperVolume
two-hop,0.2535699689723909,1.5836381278956713,0.07209320048075459
page_rank,0.9453001472461252,0.2497433379653799,0.2687609786998159
degree_centrality,0.9299686470917791,0.316487799047685,0.26440203620052355
katz_centrality,0.5960677119903305,1.2192955894895041,0.16946970981923526
betweenness,0.8695816126500646,0.5524193012476973,0.24723322635254522
closeness,0.8361777334521744,0.632710568494675,0.2377360742662482
eigenvector_centrality,0.8175530493925727,0.7310255976436345,0.23244083726621617
core,0.4774671010187052,1.4464991932284776,0.13575003213591966
