measure,Hyperarea,GD,HyperVolume
two-hop,0.963645208401332,1.211330585022999,0.5341661465970465
page_rank,0.9811858593265583,0.8671879725098981,0.5438892499050327
degree_centrality,0.97912932265832,0.9296907130317522,0.5427492740530998
katz_centrality,0.9863786436633821,0.7298882395095124,0.5467677051447078
betweenness,0.98005270076835,0.8913878723005937,0.5432611194113153
closeness,0.9775310712632731,1.006036021582806,0.5418633341018164
eigenvector_centrality,0.9796224784488091,0.9018074153347545,0.5430226393186363
core,0.9796011113687588,0.9099558013611874,0.5430107951557483
