measure,Hyperarea,GD,HyperVolume
two-hop,0.2270017980104526,1.688982617004381,0.06440113510749763
page_rank,0.8706583816415999,0.43922550375954716,0.24700856363258425
degree_centrality,0.8579044912803281,0.46907002231384576,0.24339024420295285
katz_centrality,0.5509295570435753,1.00766772820488,0.1563004749250637
betweenness,0.8094623914659241,0.6433334511861739,0.22964706576832802
closeness,0.7881810483232663,0.6748194681769539,0.22360948074912823
eigenvector_centrality,0.7676155194116053,0.6958146682438054,0.2177749745134726
core,0.1950094567894239,1.7743082886306232,0.05532480572403714
