measure,Hyperarea,GD,HyperVolume
two-hop,0.9300102877496833,1.7185454741362869,0.5139108136128306
page_rank,0.9389443356707532,1.598038727341363,0.5188476448462598
degree_centrality,0.937284424308338,1.622524867446126,0.517930400800661
katz_centrality,0.9433575359891243,1.580522685904523,0.521286318263237
betweenness,0.943057577896282,1.4645914966330729,0.5211205655725701
closeness,0.9436892979529647,1.4489713509615922,0.5214696453328499
eigenvector_centrality,0.9419810551341311,1.5679910215121182,0.5205256939933446
core,0.9452914210050983,1.5329589873442975,0.5223549563579807
