measure,Hyperarea,GD,HyperVolume
two-hop,0.24968367309501321,1.8949450611764658,0.07093500170809233
page_rank,0.9454459162953018,0.2351159394505193,0.26860069325316094
degree_centrality,0.9299634675030187,0.2718626008050493,0.26420213760107336
katz_centrality,0.601101294670744,1.173641336261338,0.17077256528495594
betweenness,0.8694576292075767,0.5106806418071687,0.24701246040017968
closeness,0.8313767037306182,0.6846556288664204,0.2361936892716171
eigenvector_centrality,0.8246239730316218,0.6692666517921974,0.23427524199098407
core,0.454383111638693,1.5961942564898088,0.1290900057688343
