measure,Hyperarea,GD,HyperVolume
two-hop,0.9532906944523931,1.0179666563538678,0.5320145430284485
page_rank,0.9726543045464091,0.6994642031235108,0.5428210286424371
degree_centrality,0.9695173630756835,0.7664011020997832,0.5410703575273542
katz_centrality,0.978047496717617,0.5618968879703663,0.5458308730530951
betweenness,0.9711047309561871,0.7243942765968878,0.5419562392447346
closeness,0.9691638658040858,0.853505412278982,0.5408730770015867
eigenvector_centrality,0.9705185509490405,0.7199277926407673,0.541629102632105
core,0.9643492308560272,1.2858520563510405,0.5381861150636947
