measure,Hyperarea,GD,HyperVolume
two-hop,0.2542209832172654,1.7160220458772606,0.07211590925098266
page_rank,0.9480844367598138,0.2206124115349918,0.26894700169264496
degree_centrality,0.934214169663152,0.23769628258964112,0.2650123661225556
katz_centrality,0.5907133328847642,1.225013599017906,0.16757007454123485
betweenness,0.8720587330955732,0.5075590123966125,0.24738047843871352
closeness,0.8366906557815568,0.6070975278573859,0.2373474708494874
eigenvector_centrality,0.8247686058028121,0.657366785641486,0.23396549402179947
core,0.47189302771324393,1.4165611016369382,0.13386383111285416
