measure,Hyperarea,GD,HyperVolume
two-hop,0.9329833506614966,1.6639652472309563,0.5155536870305313
page_rank,0.9395109093747291,1.5197079669413252,0.5191607256336631
degree_centrality,0.9376798428237434,1.5302118130081506,0.5181489035996583
katz_centrality,0.944788171060176,1.5075853076948333,0.5220768674034257
betweenness,0.9441774169317061,1.3834150082394825,0.5217393731249067
closeness,0.9453295801037541,1.3433912168115716,0.5223760425477737
eigenvector_centrality,0.9429222433843213,1.49032898768511,0.5210457815942984
core,0.942623879367608,1.547002018410353,0.5208809097680384
