measure,Hyperarea,GD,HyperVolume
two-hop,0.8540758759360797,1.5155484294430213,0.47664452143715635
page_rank,0.8410106526290759,1.7123213784132492,0.46935305321273074
degree_centrality,0.8438827847346958,1.5551666732371883,0.47095593894169135
katz_centrality,0.8526670195974723,1.4745687090881139,0.47585826382912677
betweenness,0.8520465480461781,1.5289966148354779,0.4755119897169961
closeness,0.8503676650191238,1.4080431841367205,0.47457503502769266
eigenvector_centrality,0.8496897381064321,1.599636649799695,0.47419669610257653
core,0.8483176424788925,2.5504068916342337,0.47343095399209034
