measure,Hyperarea,GD,HyperVolume
two-hop,0.9313904703667109,1.705470994807398,0.5146734834251906
page_rank,0.941584014809887,1.603244621692243,0.520306295005229
degree_centrality,0.9387968930579225,1.6581295237999458,0.518766170099024
katz_centrality,0.9457949471678049,1.5620189213065079,0.5226331979466603
betweenness,0.9445740701073282,1.455052855223985,0.521958558180052
closeness,0.9453701131223243,1.4354160523185107,0.5223984405328562
eigenvector_centrality,0.943626906012943,1.5875431251476386,0.521435168410302
core,0.9430866262452865,1.62535650338508,0.5211366172881992
