measure,Hyperarea,GD,HyperVolume
two-hop,0.22723978487114221,1.5756820952412192,0.06462526759244679
page_rank,0.8745900878880146,0.42925037901276397,0.24872677333115273
degree_centrality,0.8623745051447628,0.49380995551824974,0.24525275444828862
katz_centrality,0.5492709992364272,1.289218837027766,0.15620849723367508
betweenness,0.818310473837633,0.6400033768768496,0.23272127887045355
closeness,0.7939362139090734,0.7474789797757027,0.2257894246128717
eigenvector_centrality,0.7762902467804912,0.7939707328035451,0.2207710456865811
core,0.20235232307031037,1.6132249421166003,0.05754746262318233
