measure,Hyperarea,GD,HyperVolume
two-hop,0.8438275797889206,1.3537294050040494,0.4756980310994787
page_rank,0.8295054757118635,1.5622109956434955,0.46762411069933946
degree_centrality,0.8335905026734226,1.4072702903106482,0.46992699736617255
katz_centrality,0.8391814962189391,1.3287885652346572,0.47307885526367977
betweenness,0.8414726978329,1.379168284210948,0.4743704936536999
closeness,0.8383369879301759,1.2668968075663445,0.47260277349077495
eigenvector_centrality,0.8360765228135341,1.4074905353613354,0.47132846244535437
core,0.8389137743355427,2.0984236904855997,0.4729279301507014
