measure,Hyperarea,GD,HyperVolume
two-hop,0.20019923036274725,1.7267703596585111,0.056787773160680635
page_rank,0.7568444063229798,0.5580833860036173,0.2146836847790247
degree_centrality,0.7457276208976753,0.6439754717202263,0.21153033854555373
katz_centrality,0.46747494100662434,1.434344466998711,0.13260221260634047
betweenness,0.7197064231039337,0.8682093356394583,0.20414926183011015
closeness,0.6964651229192393,0.9220854737429004,0.19755672058778728
eigenvector_centrality,0.684865687612603,0.9538272568361291,0.19426646767426847
core,0.12307154031655752,1.745585766058855,0.03491001789251995
