measure,Hyperarea,GD,HyperVolume
two-hop,0.9211925778416892,1.389894907816538,0.5141011563352877
page_rank,0.9287209941892444,1.100443679030824,0.5183026312958434
degree_centrality,0.9277577961184957,1.1140939557733902,0.5177650876227149
katz_centrality,0.9361324963618419,1.0152746053776813,0.5224388585394901
betweenness,0.9332909355742317,1.0080517305171104,0.5208530341181404
closeness,0.9324471614855638,1.0028061488279474,0.520382138840536
eigenvector_centrality,0.9326718018544806,1.0895411784453448,0.5205075066259455
core,0.9340613244403625,1.059087330999224,0.5212829744112262
