measure,Hyperarea,GD,HyperVolume
two-hop,0.22645167490177734,1.5953212029779937,0.06440113510749763
page_rank,0.868548401457739,0.4767134931422871,0.24700856363258425
degree_centrality,0.8558254192649255,0.5127301167467008,0.24339024420295285
katz_centrality,0.5495944174841612,1.2951261576829685,0.1563004749250637
betweenness,0.807500715518633,0.6764354177267073,0.22964706576832802
closeness,0.7862709462346363,0.7026105384237175,0.22360948074912823
eigenvector_centrality,0.7657552564555091,0.723366760389272,0.2177749745134726
core,0.19453686490015115,1.564110531894274,0.05532480572403714
