measure,Hyperarea,GD,HyperVolume
two-hop,0.20071068152105326,7.510071030791099,0.05624175676115537
page_rank,0.7681491457484075,1.2901849016062517,0.21524543230121812
degree_centrality,0.7525597499882651,1.4807007330307627,0.21087707981618434
katz_centrality,0.4588150803542746,3.6469245807158517,0.128565983395001
betweenness,0.7275059959213538,1.5753499366227786,0.20385669041036575
closeness,0.7080982955884377,1.6295532960856178,0.19841839906909117
eigenvector_centrality,0.6930888862939207,1.7160058757612833,0.1942125663736235
core,0.12083806373890645,9.684055856815496,0.03386040512039063
