measure,Hyperarea,GD,HyperVolume
two-hop,0.20064520233727845,1.597366206665761,0.0570460092582098
page_rank,0.7563469372570087,0.6713946135922594,0.21503915310496124
degree_centrality,0.7429538699519455,0.7203952934910794,0.2112313319730302
katz_centrality,0.4521152557514784,1.3543151752646536,0.12854217676245366
betweenness,0.7195797232432952,0.8301871719976215,0.20458576171263093
closeness,0.6987086555442862,0.9125465367860374,0.19865184897852523
eigenvector_centrality,0.6853930287041027,0.8491956357299879,0.1948660451658474
core,0.11654529084122991,1.7364726274724376,0.03313532375996574
