measure,Hyperarea,GD,HyperVolume
two-hop,0.250032439688114,1.6989422285066786,0.07093500170809233
page_rank,0.9467665471042772,0.24760807494096493,0.26860069325316094
degree_centrality,0.9312624719042629,0.27275384625823246,0.26420213760107336
katz_centrality,0.6019409332744705,1.1474837411439975,0.17077256528495594
betweenness,0.8706721170089831,0.5049477117954804,0.24701246040017968
closeness,0.832537998808303,0.6771551739659636,0.2361936892716171
eigenvector_centrality,0.8257758356668453,0.649501689097003,0.23427524199098407
core,0.45501780932574787,1.5211822986410075,0.1290900057688343
