measure,Hyperarea,GD,HyperVolume
two-hop,0.2026592572765332,6.910715736259394,0.056787773160680635
page_rank,0.7661444301329081,1.3052096842583178,0.2146836847790247
degree_centrality,0.7548910428271094,1.4669140777977623,0.21153033854555373
katz_centrality,0.4732192235111728,3.1537139657801503,0.13260221260634047
betweenness,0.7285500993141383,1.5458193576977546,0.20414926183011015
closeness,0.705023212497257,1.6156108395846396,0.19755672058778728
eigenvector_centrality,0.6932812445595643,1.7112408440692644,0.19426646767426847
core,0.12458383035359334,9.269047156029023,0.03491001789251995
