measure,Hyperarea,GD,HyperVolume
two-hop,0.22779180310346459,1.7160456362535386,0.0646252620755507
page_rank,0.8766139068666834,0.43971917640305846,0.2486981651600534
degree_centrality,0.867156796367551,0.4450188452510372,0.2460151527067639
katz_centrality,0.547939276600149,1.2313755347870572,0.15545212281272694
betweenness,0.8175037090398813,0.6883774275846377,0.23192841324690117
closeness,0.7980236198583867,0.7195333740593827,0.22640184972943608
eigenvector_centrality,0.7771398915100197,0.7616954494984783,0.22047706929730254
core,0.218156871776857,1.8814009817949957,0.061891801285571646
