measure,Hyperarea,GD,HyperVolume
two-hop,0.255610915358289,1.7208159191708272,0.07251763307259053
page_rank,0.9441260701904799,0.23139838809876037,0.2678515815194034
degree_centrality,0.9303036516485942,0.28907542804154834,0.2639301172322026
katz_centrality,0.599300058797735,1.2299825965739017,0.17002334076132306
betweenness,0.8657391949631407,0.5534000882081197,0.24561297466071244
closeness,0.8317848676778142,0.6608278652839646,0.23598002356450212
eigenvector_centrality,0.8110223247235662,0.7107629259112784,0.23008962381572928
core,0.46016593607927053,1.5073773033104276,0.13055054577120412
