measure,Hyperarea,GD,HyperVolume
two-hop,0.9450098594681485,0.9928523508448028,0.5329484762976673
page_rank,0.9613493090743377,0.8074398928699299,0.5421632846765576
degree_centrality,0.9597270711600709,0.8571406386346666,0.5412484061533988
katz_centrality,0.968115198620863,0.6324095780016897,0.5459789808711437
betweenness,0.96074764404245,0.8090143219170217,0.5418239692093448
closeness,0.9577234909415613,0.9324303385653898,0.5401184655354291
eigenvector_centrality,0.9607534221867123,0.8122809184682207,0.5418272278559606
core,0.9501256073156994,1.4373836358465037,0.5358335573295305
