measure,Hyperarea,GD,HyperVolume
two-hop,0.2542369373792049,1.6620987347574492,0.07211590925098266
page_rank,0.9481439357533467,0.28664359532761685,0.26894700169264496
degree_centrality,0.9342727981994764,0.312252422269246,0.2650123661225556
katz_centrality,0.5907504043178671,1.415704452926891,0.16757007454123485
betweenness,0.8721134609393275,0.5743936468437624,0.24738047843871352
closeness,0.8367431640286994,0.742229517166934,0.2373474708494874
eigenvector_centrality,0.8248203658571281,0.7494308350825161,0.23396549402179947
core,0.47192264233311904,1.4412697123642277,0.13386383111285416
