measure,Hyperarea,GD,HyperVolume
two-hop,0.22474929287167794,1.8330964902947318,0.06375155308286912
page_rank,0.8764927117883451,0.38582823432579616,0.24862268053597994
degree_centrality,0.8636262370736099,0.4337709751977495,0.2449730239106567
katz_centrality,0.5554830305608555,1.4630816066074792,0.1575662617530575
betweenness,0.8178137296010356,0.6816570880965656,0.231978017498491
closeness,0.7991923687840636,0.7725624115899294,0.2266959511683591
eigenvector_centrality,0.7806279812390161,0.8466136326057004,0.22143004566580082
core,0.20774904249774623,1.744648701885283,0.05892932494462722
