measure,Hyperarea,GD,HyperVolume
two-hop,0.2572799328259981,6.731850127718744,0.07209320048075459
page_rank,0.959130765245982,0.5277490629043918,0.2687609786998159
degree_centrality,0.9435749510231177,0.5761250836964662,0.26440203620052355
katz_centrality,0.6047887355198448,2.3192892592705934,0.16946970981923526
betweenness,0.8823043982534515,0.8187508845944677,0.24723322635254522
closeness,0.8484117893179797,0.918108812312116,0.2377360742662482
eigenvector_centrality,0.8295146088546201,1.1129002440659397,0.23244083726621617
core,0.48445288759763117,3.2329578127241403,0.13575003213591966
