measure,Hyperarea,GD,HyperVolume
two-hop,0.9224861115635536,1.2361663984026456,0.5148230544466764
page_rank,0.9359492507855037,1.0371960038099595,0.522336592449907
degree_centrality,0.9336476697830686,1.0643762633294225,0.5210521211208788
katz_centrality,0.9388955358839797,1.0498709919083247,0.5239808616423149
betweenness,0.9389721898968879,0.9188171199214891,0.5240236408804697
closeness,0.9404319211791802,0.9230674801310094,0.5248382908876631
eigenvector_centrality,0.9371601113509004,1.0389495303823535,0.5230123521464188
core,0.9314104463862151,1.4510680690172553,0.5198035666242745
