measure,Hyperarea,GD,HyperVolume
two-hop,0.9152703944141738,1.1176199386531984,0.5161765850548143
page_rank,0.9227399295432428,1.0012774765054675,0.520389109745223
degree_centrality,0.9198503335095062,1.0393165486247045,0.5187594909768406
katz_centrality,0.9258611991625123,0.9695017615349938,0.5221493833244215
betweenness,0.9258296367559856,0.895711032412828,0.5221315833657246
closeness,0.9255940849878475,0.8985435466648449,0.5219987414121083
eigenvector_centrality,0.9247540247669435,0.9791541450814796,0.5215249804134865
core,0.9250618196423818,0.9869828386941641,0.5216985646446282
