measure,Hyperarea,GD,HyperVolume
two-hop,0.9446312902800622,0.927161946959667,0.5330133157642668
page_rank,0.9622878185625888,0.7221410609807656,0.5429761073651727
degree_centrality,0.960025818886502,0.7815767376383452,0.5416997618110768
katz_centrality,0.967251973624872,0.5866409823676786,0.5457771587139281
betweenness,0.9606095912267593,0.7575272204038193,0.5420291585121323
closeness,0.9601196929447606,0.8427944670865142,0.5417527307562849
eigenvector_centrality,0.959372194234942,0.76825945294712,0.541330950565485
core,0.9607575066111002,0.7827087195359007,0.5421126205679326
