measure,Hyperarea,GD,HyperVolume
two-hop,0.2521616037942475,1.6089389971860797,0.07169278416351688
page_rank,0.943390482371754,0.2678356811454346,0.2682180364373823
degree_centrality,0.9301224845006012,0.3217197448014747,0.2644457741526186
katz_centrality,0.5935363630498602,1.2272953010765293,0.16875001478834642
betweenness,0.872654370005738,0.5508844362314151,0.24810685075282027
closeness,0.8321311037142919,0.6922942843068269,0.23658556543372825
eigenvector_centrality,0.8169668579745294,0.7488422823617822,0.23227417551367363
core,0.4660958274998957,1.3249219981946825,0.13251703295689507
