measure,Hyperarea,GD,HyperVolume
two-hop,0.9135355459812637,1.2554178451599873,0.5145542001631652
page_rank,0.9233059294385194,0.9823587453774001,0.520057425371261
degree_centrality,0.9212183816416561,1.0264426083663136,0.5188816019545995
katz_centrality,0.9289239506954012,0.9196287220689177,0.5232218084618274
betweenness,0.9281072908949184,0.8952547573617187,0.5227618200877664
closeness,0.9278341223309868,0.8763658797753759,0.5226079563081446
eigenvector_centrality,0.9262144412424201,0.9765709410615896,0.5216956615313151
core,0.9237467346044199,0.989962770900173,0.5203057114402219
