measure,Hyperarea,GD,HyperVolume
two-hop,0.9556498855966915,0.9926815584494942,0.5341661465970465
page_rank,0.9730450024963988,0.7778228217300199,0.5438892499050327
degree_centrality,0.9710055288243533,0.8480959333627477,0.5427492740530998
katz_centrality,0.9781947025251537,0.6423662845337637,0.5467677051447078
betweenness,0.9719212457059602,0.8032667394663071,0.5432611194113153
closeness,0.9694205380523189,0.9125243324293286,0.5418633341018164
eigenvector_centrality,0.9714945929224813,0.820929920204154,0.5430226393186363
core,0.9714734031241744,0.8259331323314204,0.5430107951557483
