measure,Hyperarea,GD,HyperVolume
two-hop,0.23110226679930135,3.285364286787825,0.06543880686456344
page_rank,0.8759147834777,0.5287332855639368,0.24802360937286314
degree_centrality,0.8665429413445758,0.557902593677828,0.2453698830559019
katz_centrality,0.5576674941042643,1.5901540848277944,0.15790885977343577
betweenness,0.8160010332905577,0.8022759381813016,0.23105846064745927
closeness,0.7994743551107685,0.869910032722636,0.22637877439211315
eigenvector_centrality,0.7736659019960676,0.9512069656723555,0.2190708652043909
core,0.2184445381762877,3.5634263442258742,0.061854650507391994
