measure,Hyperarea,GD,HyperVolume
two-hop,0.953907583075532,0.9762631593165434,0.5323588175722457
page_rank,0.9722838449328421,0.6782987797853364,0.5426142817359906
degree_centrality,0.9700479406950058,0.7411484892318646,0.5413664634385181
katz_centrality,0.9754064810521593,0.5985273922526407,0.5443569692894623
betweenness,0.9705051913061362,0.6902379349633491,0.5416216468535516
closeness,0.9684653463907631,0.8176318274106043,0.5404832457689543
eigenvector_centrality,0.9685865684272252,0.8015101318694887,0.5405508976265763
core,0.9693455308060472,0.7590975418014504,0.5409744610007857
