measure,Hyperarea,GD,HyperVolume
two-hop,0.9206099155153253,1.3743820254022334,0.5145803484116028
page_rank,0.9302145924297677,1.243272148745277,0.519948939287846
degree_centrality,0.9274675262283003,1.2688102639580634,0.5184134504133106
katz_centrality,0.9334084111260983,1.2281854898039095,0.5217341431074262
betweenness,0.9335149227077655,1.1272111911616427,0.5217936783849422
closeness,0.9350492551445759,1.1266251561484777,0.5226513025606183
eigenvector_centrality,0.9312651061263476,1.2104003145593654,0.520536130121756
core,0.9344525707345201,1.2197081797169154,0.5223177822862398
