measure,Hyperarea,GD,HyperVolume
page_rank,0.9820632421214297,0.17873090618813467,0.16819949573539586
