measure,Hyperarea,GD,HyperVolume
page_rank,0.964198078070312,0.2686536550648026,0.1648087975836869
