measure,Hyperarea,GD,HyperVolume
two-hop,0.10349112905763486,1.3068804681840183,0.0287363410890792
page_rank,0.9826402703082018,0.12055690055203903,0.27284933725784205
degree_centrality,0.9604213194708212,0.1554787985781164,0.2666798099203939
katz_centrality,0.6404823551598956,0.8330683216734551,0.17784248357326934
betweenness,0.9590395738418317,0.15339877581289846,0.26629614115521044
closeness,0.8787479790443105,0.4114210183567641,0.24400160561678025
eigenvector_centrality,0.7351161625700398,0.7125084220504039,0.2041194156452121
core,0.561920616202985,0.9189067083756066,0.15602827642552697
