measure,Hyperarea,GD,HyperVolume
page_rank,0.9913595663496728,0.19780796101267256,0.167843989376387
