measure,Hyperarea,GD,HyperVolume
page_rank,0.9258296462336056,0.4056641278235352,0.15794097386358688
