measure,Hyperarea,GD,HyperVolume
two-hop,0.1040538827752941,1.5193735289088268,0.029001103744713284
page_rank,0.9786946894380459,0.09836102622085588,0.27277431140255204
degree_centrality,0.9528666691057878,0.1848054337295101,0.26557572277521607
katz_centrality,0.6381550633027061,0.8150197080156818,0.17786170686222663
betweenness,0.9513903400257037,0.17701765901715466,0.2651642516059439
closeness,0.8766734180864502,0.4026714973307638,0.24433972159464845
eigenvector_centrality,0.7426256243378504,0.6668968526333523,0.20697894399014272
core,0.5683274913181604,0.9043638995393255,0.1583998991396025
