measure,Hyperarea,GD,HyperVolume
page_rank,0.978362367085962,0.26553316563773266,0.1656434741958318
