measure,Hyperarea,GD,HyperVolume
page_rank,0.9851239850033546,0.10540294253840651,0.1680562317276979
