measure,Hyperarea,GD,HyperVolume
two-hop,0.09022214541971323,2.0462756567525795,0.02509824449450081
page_rank,0.9604900581422555,0.11726881613710785,0.2671917654102295
degree_centrality,0.9367525134292631,0.19834627350704465,0.2605883899514183
katz_centrality,0.6252870654011453,0.9014600644057673,0.17394407518996843
betweenness,0.9383742698850822,0.19489875031481532,0.26103953462160245
closeness,0.8572816455430899,0.46269360302044965,0.23848096540372474
eigenvector_centrality,0.7321245838164668,0.7311238214612804,0.2036644298312757
core,0.4848421433022185,1.0964540189163443,0.13487472058249306
