measure,Hyperarea,GD,HyperVolume
two-hop,0.09036828565865604,2.0741872860151203,0.025138898188008192
page_rank,0.9608912114049113,0.1334778681068561,0.26730335932787647
degree_centrality,0.9379037743234466,0.22316751584863243,0.26090865087255644
katz_centrality,0.6248145755764926,0.900314046704993,0.17381263667135272
betweenness,0.9383918285377661,0.2231146290099098,0.26104441913588666
closeness,0.8595486267155432,0.4622092941564944,0.23911160045974095
eigenvector_centrality,0.7333233320908643,0.7438151486257591,0.20399790092241663
core,0.5062985373621286,1.0755819775078344,0.1408435192802052
