measure,Hyperarea,GD,HyperVolume
page_rank,0.9992437478769418,0.1661178723604857,0.16806169568459184
