measure,Hyperarea,GD,HyperVolume
page_rank,0.9567397012162394,0.2089183631556243,0.16353394944905283
