measure,Hyperarea,GD,HyperVolume
page_rank,0.9237567582325145,0.4040954690410634,0.15758735162764492
