measure,Hyperarea,GD,HyperVolume
two-hop,0.09023110631313658,2.1134871392259846,0.02509824449450081
page_rank,0.9605854543335692,0.11631054548700485,0.2671917654102295
degree_centrality,0.9368455519997587,0.20277415283143244,0.2605883899514183
katz_centrality,0.6253491691199827,0.920897108870473,0.17394407518996843
betweenness,0.9384674695289672,0.19074635499170148,0.26103953462160245
closeness,0.8573667910406146,0.47611162605965357,0.23848096540372474
eigenvector_centrality,0.7321972986730874,0.7404959723646283,0.2036644298312757
core,0.48489029798478633,1.1015438946592888,0.13487472058249306
