measure,Hyperarea,GD,HyperVolume
two-hop,0.08479879686671217,2.0809170271031854,0.023589562481577
page_rank,0.9270582114209394,0.18660389926318333,0.2578916023625557
degree_centrality,0.9087855279151691,0.25736709288532894,0.2528084570209659
katz_centrality,0.6095573870769008,0.9362348381996738,0.1695683500222151
betweenness,0.9083936955475854,0.25875717398102044,0.2526994560155395
closeness,0.8339065850103287,0.5200058691368205,0.2319784267908842
eigenvector_centrality,0.7120537322084382,0.7644954521596009,0.19808106514262042
core,0.30219745871116144,1.3790241171076327,0.08406612000929352
