measure,Hyperarea,GD,HyperVolume
page_rank,0.9859637801642961,0.1142346910964564,0.16819949573539586
