measure,Hyperarea,GD,HyperVolume
page_rank,0.9720050587154765,0.24654959504238058,0.16539348956975267
