measure,Hyperarea,GD,HyperVolume
page_rank,0.9224589736649373,0.5087005612343071,0.15696287511198662
