measure,Hyperarea,GD,HyperVolume
two-hop,0.09904013930808155,3.2292206189968953,0.027552966755508296
page_rank,0.974544335524942,0.09396204695629326,0.271118234143039
degree_centrality,0.9478986024087599,0.1769205939711714,0.2637053911901171
katz_centrality,0.6381866456924482,0.8395657040462247,0.17754352483163915
betweenness,0.9488296746755711,0.16364236980887717,0.263964415494744
closeness,0.86894706556386,0.4209427591451265,0.24174107363986597
eigenvector_centrality,0.7341261482364783,0.6973502668968514,0.20423389443938833
core,0.5563292755799553,0.9496256051918871,0.15477080446634361
