measure,Hyperarea,GD,HyperVolume
page_rank,0.9656798665328407,0.251675243282171,0.16539348956975267
