measure,Hyperarea,GD,HyperVolume
page_rank,0.9828829183951603,0.07262132029674317,0.1676739192320554
