measure,Hyperarea,GD,HyperVolume
page_rank,0.96608794431569,0.20130243622360974,0.1648087975836869
