measure,Hyperarea,GD,HyperVolume
page_rank,0.9922772644191592,0.16599801112593446,0.16806169568459184
