measure,Hyperarea,GD,HyperVolume
page_rank,0.9653638032435686,0.2662986275346199,0.16533935691963822
