measure,Hyperarea,GD,HyperVolume
page_rank,0.9926131619424514,0.18977316163942465,0.1680562317276979
