measure,Hyperarea,GD,HyperVolume
two-hop,0.09201507548213589,1.4176683618912103,0.025428873326181885
page_rank,0.9690609541033084,0.15626165691432006,0.2678053364421365
degree_centrality,0.9442574024559386,0.1966893076191356,0.26095073821923087
katz_centrality,0.6316130291176473,0.8729960939124392,0.174549742250843
betweenness,0.9456261863593943,0.1988867156424687,0.261329009196128
closeness,0.8689520840823814,0.43016417896311426,0.24013969837956076
eigenvector_centrality,0.7415033508286681,0.7087488624667072,0.20491853840648422
core,0.49147956849427843,1.0197883059833566,0.13582308794686473
