measure,Hyperarea,GD,HyperVolume
two-hop,0.0906264489340727,1.292334581575742,0.025264847702855846
page_rank,0.9570436358959636,0.14700902574346977,0.2668046910178358
degree_centrality,0.9333387320262082,0.23361600341017486,0.26019623627725685
katz_centrality,0.6212471529947737,0.9057741305031637,0.1731913242861781
betweenness,0.9331424954042324,0.22359827382578126,0.26014152941820795
closeness,0.8569905356056795,0.48042377281677084,0.23891188079781397
eigenvector_centrality,0.7328806840367252,0.7373013000683489,0.20431252779221717
core,0.49662398858262674,1.0369244624716958,0.13844886989064797
