measure,Hyperarea,GD,HyperVolume
page_rank,0.981955176817484,0.1629702898846656,0.167843989376387
