measure,Hyperarea,GD,HyperVolume
two-hop,0.0896208604668624,1.2800296485892764,0.025037030681860025
page_rank,0.9543431035545337,0.13505919474986355,0.2666111153167429
degree_centrality,0.9318713639496341,0.21331208680548316,0.2603332729591517
katz_centrality,0.6188638286975234,0.8186016934463012,0.1728895771171758
betweenness,0.9328194851864661,0.21110851277795656,0.26059814589579866
closeness,0.8531563244425896,0.4361759901353988,0.2383429589965849
eigenvector_centrality,0.7269146182497987,0.6807652216197931,0.20307530529616155
core,0.491608890870444,0.9767006296712084,0.13733886084199742
