measure,Hyperarea,GD,HyperVolume
page_rank,0.9292027449892762,0.5339654880163753,0.1573787836901485
