measure,Hyperarea,GD,HyperVolume
page_rank,0.9802036400094801,0.13320406102830953,0.16534107206976337
