measure,Hyperarea,GD,HyperVolume
two-hop,0.0990561181720624,2.030083875186682,0.027552966755508296
page_rank,0.9747015658306489,0.11520974975780057,0.271118234143039
degree_centrality,0.9480515337650902,0.1748402461918591,0.2637053911901171
katz_centrality,0.6382896089725603,0.8346493715377711,0.17754352483163915
betweenness,0.948982756248543,0.1641562324274721,0.263964415494744
closeness,0.8690872590961412,0.4149105771804544,0.24174107363986597
eigenvector_centrality,0.7342445901323541,0.699470402683037,0.20423389443938833
core,0.556419032216862,0.9490972554362344,0.15477080446634361
