measure,Hyperarea,GD,HyperVolume
page_rank,0.9181119224195617,0.49759426130983364,0.15724645395141545
