measure,Hyperarea,GD,HyperVolume
two-hop,0.0862300633693719,1.2844498084145959,0.02403922303101196
page_rank,0.924132178399336,0.1919394813292984,0.25762963262030114
degree_centrality,0.9056624677285471,0.270650405387775,0.25248064540187054
katz_centrality,0.6027586996749117,0.9044348878084141,0.16803711199074237
betweenness,0.9050363530222914,0.2727391192208772,0.2523060971007496
closeness,0.8297660553746444,0.5172201697724182,0.23132223831577348
eigenvector_centrality,0.7090272107802087,0.7443018260829357,0.19766265486771978
core,0.29422204078393877,1.164021805947716,0.08202324088233033
