measure,Hyperarea,GD,HyperVolume
page_rank,0.9332010462698329,0.5288084635934857,0.15799735213418992
