measure,Hyperarea,GD,HyperVolume
page_rank,0.932903539406326,0.501378043144967,0.15736247555826957
