measure,Hyperarea,GD,HyperVolume
two-hop,0.08434475645948102,1.310178994018182,0.02348927442383311
page_rank,0.9250908783011048,0.21226855598840852,0.25762969056456214
degree_centrality,0.905543951297061,0.2786503591590013,0.25218604294716473
katz_centrality,0.6054629507953028,0.9344223011153474,0.1686161179625527
betweenness,0.9077528023075039,0.2692806559790839,0.25280118856763467
closeness,0.8325791754302295,0.5030257919846559,0.23186599324220378
eigenvector_centrality,0.7123691476358714,0.7566444644127318,0.19838855552247128
core,0.3152179440231827,1.17920445383254,0.08778543090623515
