measure,Hyperarea,GD,HyperVolume
page_rank,0.9491479278401866,0.2672003067293362,0.16256203877069195
