measure,Hyperarea,GD,HyperVolume
two-hop,0.090109601432014,2.1326207444035585,0.025064447289320745
page_rank,0.9618856669020494,0.12166073292708951,0.26755342619742284
degree_centrality,0.9376513075594424,0.2092372530743774,0.2608125149884046
katz_centrality,0.6243676510049281,0.8442328282462546,0.17367106089773607
betweenness,0.9402368145575365,0.20005832345961025,0.26153168700603685
closeness,0.8585780363984179,0.4308181846694626,0.23881787950547004
eigenvector_centrality,0.7304594161337841,0.6741276905311995,0.2031810288994198
core,0.485562817092702,1.0202709973815949,0.13506178521782086
