measure,Hyperarea,GD,HyperVolume
two-hop,0.0904762500055559,2.0331258030721546,0.025168932006895742
page_rank,0.958507405928636,0.12761876947067194,0.2666402257657941
degree_centrality,0.9373484903313495,0.20558050671007977,0.26075418044478393
katz_centrality,0.6228508769245943,0.8247664086791839,0.1732663695808331
betweenness,0.937278524489216,0.20921722382133057,0.26073471715443586
closeness,0.8604544870950175,0.42136511373107305,0.2393635951909254
eigenvector_centrality,0.7355200477441943,0.679504033079588,0.20460898932311572
core,0.5039419836781208,0.9567798851984233,0.14018796669662942
