measure,Hyperarea,GD,HyperVolume
page_rank,0.9801873290920978,0.24906313164679,0.16595245280860502
