measure,Hyperarea,GD,HyperVolume
page_rank,0.9586149487489458,0.15756795186169875,0.16353394944905283
