measure,Hyperarea,GD,HyperVolume
two-hop,0.0901006526052973,2.0598730374205863,0.025064447289320745
page_rank,0.9617901415860165,0.12808724046225328,0.26755342619742284
degree_centrality,0.9375581889689848,0.20701239881903682,0.2608125149884046
katz_centrality,0.6243056447611143,0.828461933733541,0.17367106089773607
betweenness,0.9401434391991682,0.19795143189880185,0.26153168700603685
closeness,0.8584927706115495,0.43308931009758006,0.23881787950547004
eigenvector_centrality,0.7303868738670923,0.6708828589131266,0.2031810288994198
core,0.4855145956219466,1.0163201904188228,0.13506178521782086
