measure,Hyperarea,GD,HyperVolume
page_rank,0.9707595847553688,0.2818052005569003,0.16441725288501674
