measure,Hyperarea,GD,HyperVolume
two-hop,0.08470486855377457,1.3502805115926506,0.023589562481577
page_rank,0.9260313452741168,0.17944299204372502,0.2578916023625557
degree_centrality,0.9077789017056801,0.2648800946278816,0.2528084570209659
katz_centrality,0.6088822041837192,0.9407274938788625,0.1695683500222151
betweenness,0.9073875033554952,0.25689975293237144,0.2526994560155395
closeness,0.8329828992792601,0.5087609453217504,0.2319784267908842
eigenvector_centrality,0.7112650181198129,0.7720650062899653,0.19808106514262042
core,0.3018627263975016,1.241005692536437,0.08406612000929352
