measure,Hyperarea,GD,HyperVolume
two-hop,0.09140500836154519,3.3283742498744444,0.025428873326181885
page_rank,0.9626360044649044,0.1349809707370284,0.2678053364421365
degree_centrality,0.9379969022977382,0.22949938886146415,0.26095073821923087
katz_centrality,0.6274253855170486,0.9253571919488368,0.174549742250843
betweenness,0.9393566110572534,0.2198325802402778,0.261329009196128
closeness,0.8631908640530577,0.46323316467343356,0.24013969837956076
eigenvector_centrality,0.7365871258320781,0.7473270378911612,0.20491853840648422
core,0.4882210206573137,1.1834629466444733,0.13582308794686473
