measure,Hyperarea,GD,HyperVolume
two-hop,0.10250894650071196,1.1890946895628165,0.02857745119644619
page_rank,0.9776109342210079,0.10816574951192444,0.2725384438676187
degree_centrality,0.9545769855413289,0.19279300825667567,0.26611703806134207
katz_centrality,0.6378788892577738,0.821877627674532,0.17782792087206484
betweenness,0.951829186063851,0.19126926679979941,0.2653510063329339
closeness,0.8754990604696017,0.4031282019293014,0.2440716886396912
eigenvector_centrality,0.7367873027391356,0.6865221861936508,0.20540161522431247
core,0.5677686573200521,0.8936535070951817,0.1582825855626453
