measure,Hyperarea,GD,HyperVolume
page_rank,0.9642211792213429,0.18977909542356622,0.16557411827993773
