measure,Hyperarea,GD,HyperVolume
two-hop,0.10419889048561264,3.1721344817096297,0.028988131333097446
page_rank,0.9755108037653766,0.10322503363715213,0.2713871056075279
degree_centrality,0.9512129009925624,0.19576330331315728,0.26462742905613096
katz_centrality,0.6364525802685772,0.8571223174833986,0.17706110783071824
betweenness,0.9487918787471668,0.19483097768957058,0.2639539006674619
closeness,0.871999825514418,0.4237899619813291,0.2425903514581112
eigenvector_centrality,0.7409981634380973,0.6842831573852673,0.20614568906847877
core,0.5772270175569545,0.9095773265826468,0.16058455628434481
