measure,Hyperarea,GD,HyperVolume
page_rank,0.9181334680753662,0.4935985759167764,0.15696287511198662
