measure,Hyperarea,GD,HyperVolume
page_rank,0.963609111916527,0.14937637219630864,0.16473733062752324
