measure,Hyperarea,GD,HyperVolume
two-hop,0.09069638987387861,1.3909410909640252,0.025064447289320745
page_rank,0.9681494099745253,0.13257013908234877,0.26755342619742284
degree_centrality,0.9437572379046146,0.19897163668931128,0.2608125149884046
katz_centrality,0.6284334965448205,0.8434466519501785,0.17367106089773607
betweenness,0.9463595815727054,0.18592642244363453,0.26153168700603685
closeness,0.8641690462374472,0.41910500594992006,0.23881787950547004
eigenvector_centrality,0.7352161250285832,0.6754589021153922,0.2031810288994198
core,0.4887247736915688,0.9770865361578208,0.13506178521782086
