measure,Hyperarea,GD,HyperVolume
page_rank,0.969515333430578,0.1800059765432945,0.16539348956975267
