measure,Hyperarea,GD,HyperVolume
two-hop,0.09164265523673377,2.118575648465683,0.025490874059270252
page_rank,0.9638536288059374,0.12971926338107573,0.2681008248832844
degree_centrality,0.9424689457892829,0.2048628031731432,0.2621525657438389
katz_centrality,0.6223909707256505,0.9201470050155581,0.1731212371510938
betweenness,0.9415270185332115,0.1894729699427722,0.26189056385186527
closeness,0.8642706154088918,0.4618322095824319,0.24040129952154868
eigenvector_centrality,0.7376651003061679,0.7422416358819319,0.20518532686824914
core,0.4992914480764192,1.0600684203337227,0.13888047426069197
