measure,Hyperarea,GD,HyperVolume
page_rank,0.9685688680303127,0.2658692447349352,0.1648087975836869
