measure,Hyperarea,GD,HyperVolume
page_rank,0.9789945684455862,0.1346166654992747,0.1676739192320554
