measure,Hyperarea,GD,HyperVolume
two-hop,0.10315833756492387,2.0605544508889135,0.028694020096191212
page_rank,0.9808189583329917,0.10904221512557928,0.27281981820829243
degree_centrality,0.9535970293341808,0.183044008584744,0.2652478991934346
katz_centrality,0.6397521040123737,0.8105260645152677,0.1779503253196421
betweenness,0.9540437590504176,0.18086496731510499,0.265372159352699
closeness,0.8781887296038071,0.39160461928130136,0.24427269429037807
eigenvector_centrality,0.7360665115206025,0.6835626280845453,0.20474067120762754
core,0.56734792366451,0.8947165182725181,0.15781073161358505
