measure,Hyperarea,GD,HyperVolume
page_rank,0.9297471097610831,0.47064179827122143,0.15820300267160425
