measure,Hyperarea,GD,HyperVolume
page_rank,0.9164956333185716,0.47530716549424334,0.1573787836901485
