measure,Hyperarea,GD,HyperVolume
two-hop,0.08408061692121531,1.3788682911603038,0.02348927442383311
page_rank,0.922193803394431,0.21673799411124722,0.25762969056456214
degree_centrality,0.9027080908213737,0.27539274287470805,0.25218604294716473
katz_centrality,0.603566843544855,0.9349879130144807,0.1686161179625527
betweenness,0.9049100244499841,0.2697434904566068,0.25280118856763467
closeness,0.8299718162036552,0.5159766727955092,0.23186599324220378
eigenvector_centrality,0.710138245969546,0.7683514038346501,0.19838855552247128
core,0.31423078695874385,1.2129999624675727,0.08778543090623515
