measure,Hyperarea,GD,HyperVolume
page_rank,0.9799030047256275,0.2818340492266439,0.1648087975836869
