measure,Hyperarea,GD,HyperVolume
page_rank,0.9523402523206751,0.21585439575287924,0.16353394944905283
