measure,Hyperarea,GD,HyperVolume
two-hop,0.08443745912604898,1.2758836388377868,0.023539480696056374
page_rank,0.9217239699229228,0.1971729513110195,0.2569582720946607
degree_centrality,0.903722631039232,0.2738148331990949,0.2519398575954366
katz_centrality,0.6081040208554033,0.8836710809071311,0.1695272809991983
betweenness,0.9018498706931438,0.2699589118562366,0.25141776933660737
closeness,0.830294507697556,0.5020837503187864,0.23146956029091006
eigenvector_centrality,0.7111426868896857,0.7441885486697302,0.19825240744385622
core,0.3054772462782289,1.1547306984428356,0.08516096784859875
