measure,Hyperarea,GD,HyperVolume
page_rank,0.9628540460122692,0.24733666616597874,0.16533935691963822
