measure,Hyperarea,GD,HyperVolume
page_rank,0.9241186026066721,0.509802279044611,0.1572452726361592
