measure,Hyperarea,GD,HyperVolume
two-hop,0.1032938213122904,3.208879033486204,0.0287363410890792
page_rank,0.9807668485184828,0.11047910438268714,0.27284933725784205
degree_centrality,0.9585902585204666,0.18400515379018156,0.2666798099203939
katz_centrality,0.6392612637428802,0.8925204660809521,0.17784248357326934
betweenness,0.9572111472149905,0.17411508015467625,0.26629614115521044
closeness,0.8770726298230774,0.4268375771960815,0.24400160561678025
eigenvector_centrality,0.7337146500546802,0.7150864109093221,0.2041194156452121
core,0.5608493041895287,0.9613318164302563,0.15602827642552697
