measure,Hyperarea,GD,HyperVolume
page_rank,0.9815852250000924,0.17519991984881444,0.16557411827993773
