measure,Hyperarea,GD,HyperVolume
two-hop,0.09000209650326482,2.04501362362463,0.025037030681860025
page_rank,0.9584027608739548,0.13250964303378285,0.2666111153167429
degree_centrality,0.9358354292730242,0.20152844847083198,0.2603332729591517
katz_centrality,0.6214963987475812,0.8208165464216675,0.1728895771171758
betweenness,0.9367875837001255,0.19400871498361627,0.26059814589579866
closeness,0.8567855457407093,0.4267312159544545,0.2383429589965849
eigenvector_centrality,0.7300068229711203,0.6633455944782986,0.20307530529616155
core,0.4937001341818708,0.9901588723284929,0.13733886084199742
