measure,Hyperarea,GD,HyperVolume
page_rank,0.9599799317054624,0.27436767003707896,0.16441725288501674
