measure,Hyperarea,GD,HyperVolume
page_rank,0.9851560140149177,0.09700546894519482,0.16806169568459184
