measure,Hyperarea,GD,HyperVolume
two-hop,0.09012220987555446,1.3122452374866165,0.02509824449450081
page_rank,0.9594261608454998,0.10113785528252418,0.2671917654102295
degree_centrality,0.9357149092830067,0.1989903519461994,0.2605883899514183
katz_centrality,0.6245944593580768,0.9038863497949372,0.17394407518996843
betweenness,0.9373348693825858,0.1883572381145395,0.26103953462160245
closeness,0.8563320681710809,0.46716802488725884,0.23848096540372474
eigenvector_centrality,0.7313136380299824,0.7330203256457001,0.2036644298312757
core,0.4843051026100845,1.0489697816333354,0.13487472058249306
