measure,Hyperarea,GD,HyperVolume
two-hop,0.10376395293875179,1.284609889560539,0.028988131333097446
page_rank,0.9714389151497819,0.10995092972108171,0.2713871056075279
degree_centrality,0.9472424344763453,0.2065000920447845,0.26462742905613096
katz_centrality,0.6337959577012429,0.8308379644458432,0.17706110783071824
betweenness,0.9448315178421649,0.19925630620796284,0.2639539006674619
closeness,0.8683600030249004,0.4253626946400067,0.2425903514581112
eigenvector_centrality,0.7379051561907826,0.6819239798856993,0.20614568906847877
core,0.5748176089555003,0.89649123235643,0.16058455628434481
