measure,Hyperarea,GD,HyperVolume
two-hop,0.1031923973201341,1.2083784544550642,0.02873817698756759
page_rank,0.9785361796553859,0.09463176574313165,0.27251373793007033
degree_centrality,0.9533810822165268,0.1758037496518648,0.2655082640665768
katz_centrality,0.635302735164859,0.8160830256561306,0.17692623602118068
betweenness,0.9518687708922065,0.1716889739309012,0.2650870986355248
closeness,0.8754562890913773,0.4029279090367902,0.2438068930866703
eigenvector_centrality,0.7416116325860939,0.6720717055239482,0.20653233093500165
core,0.5647972574110749,0.9043229733038453,0.15729107925672087
