measure,Hyperarea,GD,HyperVolume
page_rank,0.9637927597224409,0.21997206610198924,0.16441725288501674
