measure,Hyperarea,GD,HyperVolume
two-hop,0.0846187649072215,2.117980666132197,0.023539480696056374
page_rank,0.9237031138493506,0.20729201328053107,0.2569582720946607
degree_centrality,0.9056631221350057,0.26631816052273005,0.2519398575954366
katz_centrality,0.609409753828381,0.8846160649682694,0.1695272809991983
betweenness,0.9037863405608866,0.27515017545917236,0.25141776933660737
closeness,0.8320773324755569,0.4991897047616755,0.23146956029091006
eigenvector_centrality,0.7126696665229689,0.7371471386583763,0.19825240744385622
core,0.3061331730593063,1.415257969688023,0.08516096784859875
