measure,Hyperarea,GD,HyperVolume
page_rank,0.9182962604561115,0.5088419519372068,0.15696287511198662
