measure,Hyperarea,GD,HyperVolume
two-hop,0.10017268877042947,1.1728768705083938,0.0279261491047892
page_rank,0.9800260272048505,0.09175406638037158,0.2732117236567166
degree_centrality,0.9549763741348749,0.17462924143122793,0.26622837964107826
katz_centrality,0.6336072615881271,0.8084429225156368,0.17663707621483415
betweenness,0.9517158853623064,0.18151377801114454,0.2653194203555198
closeness,0.8742501593288937,0.39820504321460837,0.24372351989329286
eigenvector_centrality,0.7379166113768075,0.6694659543135403,0.20571644396444172
core,0.566642145932575,0.8781285064325274,0.15796853664011887
