measure,Hyperarea,GD,HyperVolume
page_rank,0.9752900434945861,0.21579095237597598,0.16595245280860502
