measure,Hyperarea,GD,HyperVolume
page_rank,0.9356294378175506,0.5203183578189075,0.15736247555826957
