measure,Hyperarea,GD,HyperVolume
page_rank,0.9795100696125514,0.16840696488209042,0.16819949573539586
