measure,Hyperarea,GD,HyperVolume
page_rank,0.9656690142234927,0.11219553162364396,0.16473733062752324
