measure,Hyperarea,GD,HyperVolume
page_rank,0.9197695488170249,0.45796581733217717,0.15794097386358688
