measure,Hyperarea,GD,HyperVolume
page_rank,0.9255515079130209,0.4676231531314251,0.15820300267160425
