measure,Hyperarea,GD,HyperVolume
two-hop,0.09064345326685946,1.276084555912088,0.025168932006895742
page_rank,0.9602787609996635,0.12223303582937942,0.2666402257657941
degree_centrality,0.9390807429893868,0.19866127366781783,0.26075418044478393
katz_centrality,0.624001927039085,0.8167406330757356,0.1732663695808331
betweenness,0.9390106478479402,0.2034880681103536,0.26073471715443586
closeness,0.8620446369568513,0.42074185682316523,0.2393635951909254
eigenvector_centrality,0.7368793144106336,0.6798482904850882,0.20460898932311572
core,0.504873286016288,0.9654600263404448,0.14018796669662942
