measure,Hyperarea,GD,HyperVolume
page_rank,0.9273656253572956,0.39010483821979336,0.15820300267160425
