measure,Hyperarea,GD,HyperVolume
two-hop,0.09143721835917512,1.2897298392160446,0.025490874059270252
page_rank,0.9616929419575047,0.12123027106243481,0.2681008248832844
degree_centrality,0.9403561973434987,0.2113449502447166,0.2621525657438389
katz_centrality,0.6209957464459057,0.924063340366638,0.1731212371510938
betweenness,0.9394163816215582,0.20531925554717342,0.26189056385186527
closeness,0.862333165472106,0.4527864102152354,0.24040129952154868
eigenvector_centrality,0.7360114640764077,0.7308469481683354,0.20518532686824914
core,0.49817217806160363,1.0381303153308454,0.13888047426069197
