measure,Hyperarea,GD,HyperVolume
page_rank,0.9204708777547472,0.47714768727476026,0.15736247555826957
