measure,Hyperarea,GD,HyperVolume
page_rank,0.9955105752055767,0.1440154376590199,0.16860932053998817
