measure,Hyperarea,GD,HyperVolume
two-hop,0.08498430812940984,1.297243794669997,0.023691931299041173
page_rank,0.9205420700314771,0.20300537001595825,0.25662878196116645
degree_centrality,0.9031917086612583,0.2700933242092184,0.2517918470181789
katz_centrality,0.6038921223890917,0.930601617106172,0.16835308765340512
betweenness,0.902969307156352,0.26403879576152306,0.2517298459112567
closeness,0.8316327156770437,0.5101177724537242,0.23184262600400113
eigenvector_centrality,0.7129431451571641,0.7550342358377518,0.19875433932420913
core,0.292380148080336,1.2107037061562709,0.08150975790700844
