measure,Hyperarea,GD,HyperVolume
page_rank,0.9851515517417136,0.20697694896233904,0.16679292982819152
