measure,Hyperarea,GD,HyperVolume
page_rank,0.9791585585131004,0.22670593993537072,0.16583978449220924
