measure,Hyperarea,GD,HyperVolume
two-hop,0.09017466084455567,1.283534290532267,0.025138898188008192
page_rank,0.9588323875506919,0.135044526668631,0.26730335932787647
degree_centrality,0.935894203790778,0.23087390471216224,0.26090865087255644
katz_centrality,0.6234758359383393,0.8955703746210356,0.17381263667135272
betweenness,0.9363812122908203,0.2202538804769125,0.26104441913588666
closeness,0.857706941418041,0.4652451422026365,0.23911160045974095
eigenvector_centrality,0.73175209951943,0.7220595698935367,0.20399790092241663
core,0.5052137324500787,1.0242757035160635,0.1408435192802052
