measure,Hyperarea,GD,HyperVolume
two-hop,0.10272268582475262,3.3188678119819763,0.02857745119644619
page_rank,0.9796493309403976,0.12470218198539647,0.2725384438676187
degree_centrality,0.9565673546417756,0.19769223158099378,0.26611703806134207
katz_centrality,0.6392089175847044,0.9077062460132294,0.17782792087206484
betweenness,0.9538138257833709,0.2009724169138643,0.2653510063329339
closeness,0.8773245457932821,0.42416763352009956,0.2440716886396912
eigenvector_centrality,0.738323562991777,0.7125744853777441,0.20540161522431247
core,0.5689525002251805,0.9172540830492274,0.1582825855626453
