measure,Hyperarea,GD,HyperVolume
page_rank,0.9248073953365665,0.4991755345544757,0.15736247555826957
