measure,Hyperarea,GD,HyperVolume
page_rank,0.9196713168029516,0.5235664210425052,0.1571979112402333
