measure,Hyperarea,GD,HyperVolume
page_rank,0.9287659151721163,0.5498917269992871,0.15724645395141545
