measure,Hyperarea,GD,HyperVolume
two-hop,0.09885807099365555,1.4974155478233375,0.027552966755508296
page_rank,0.9727528028621043,0.10046543433326985,0.271118234143039
degree_centrality,0.9461560533575063,0.1785486981309633,0.2637053911901171
katz_centrality,0.6370134489695622,0.8365127511780867,0.17754352483163915
betweenness,0.9470854140075992,0.1661401649802171,0.263964415494744
closeness,0.8673496553758504,0.4132878232078388,0.24174107363986597
eigenvector_centrality,0.7327765831882135,0.6956500099110026,0.20423389443938833
core,0.5553065595965336,0.9302946575875267,0.15477080446634361
