measure,Hyperarea,GD,HyperVolume
page_rank,0.9553648360117267,0.2562739545910655,0.16256203877069195
