measure,Hyperarea,GD,HyperVolume
page_rank,0.9547703803337281,0.22165635967685499,0.16319733665746472
