measure,Hyperarea,GD,HyperVolume
page_rank,0.9847861611784774,0.18442414668495824,0.16679292982819152
