measure,Hyperarea,GD,HyperVolume
page_rank,0.9164006628828868,0.4546779481733379,0.15736247555826957
