measure,Hyperarea,GD,HyperVolume
page_rank,0.9617368597194927,0.2633498558357537,0.16441725288501674
