measure,Hyperarea,GD,HyperVolume
two-hop,0.08980925629303982,1.1925677188471653,0.025037030681860025
page_rank,0.9563492688213507,0.1316168001594194,0.2666111153167429
degree_centrality,0.933830290415948,0.2092524056116505,0.2603332729591517
katz_centrality,0.6201647686984498,0.8309102853588087,0.1728895771171758
betweenness,0.9347804047387959,0.20467427506647734,0.26059814589579866
closeness,0.8549497806732546,0.4329591808163953,0.2383429589965849
eigenvector_centrality,0.7284426964154425,0.6779778620020105,0.20307530529616155
core,0.4926423228489949,0.9591906371383053,0.13733886084199742
