measure,Hyperarea,GD,HyperVolume
page_rank,0.9212954740575223,0.44021286662612225,0.15820300267160425
