measure,Hyperarea,GD,HyperVolume
two-hop,0.0849897257132302,1.3883775635743647,0.02374324860573958
page_rank,0.9219885819304119,0.20683737808771147,0.2575723586435735
degree_centrality,0.9035912461810216,0.2765321773474349,0.25243276661976916
katz_centrality,0.607230560928903,0.9316912828576391,0.16963963641658483
betweenness,0.9045915633231332,0.26870305022462315,0.2527122213231515
closeness,0.8291444550364561,0.5331573852388656,0.23163485657580452
eigenvector_centrality,0.7037398116032679,0.7862540365193041,0.1966010498378589
core,0.2825947050512223,1.2419202156268192,0.07894738193810094
