measure,Hyperarea,GD,HyperVolume
two-hop,0.08591559620531096,1.4794037413569519,0.02374324860573958
page_rank,0.9320326433140794,0.18853451523749434,0.2575723586435735
degree_centrality,0.9134348886298083,0.24999520951404972,0.25243276661976916
katz_centrality,0.6138456765035871,0.9383233513528165,0.16963963641658483
betweenness,0.9144461031376524,0.24032362863490472,0.2527122213231515
closeness,0.8381770807820776,0.5102848022108157,0.23163485657580452
eigenvector_centrality,0.7114062903475864,0.7604165805547233,0.1966010498378589
core,0.28567326656474024,1.29491772286319,0.07894738193810094
