measure,Hyperarea,GD,HyperVolume
page_rank,0.9934593414516054,0.20264510690135068,0.16819949573539586
