measure,Hyperarea,GD,HyperVolume
two-hop,0.08796479557006587,2.04702876173462,0.024470288706345777
page_rank,0.9617775820293059,0.11957202191780544,0.26754993234540236
degree_centrality,0.9390062994072659,0.2089783442672836,0.26121535433195975
katz_centrality,0.6223503464718307,0.8689146463347949,0.17312713064318688
betweenness,0.9385088382919222,0.21537579523708017,0.2610769692310367
closeness,0.859351357281847,0.4441188379966388,0.23905672350624832
eigenvector_centrality,0.7310227669379108,0.7141349101018697,0.2033579233823598
core,0.5030682854932492,0.9950078067720551,0.13994491893317512
