measure,Hyperarea,GD,HyperVolume
page_rank,0.9867028309952074,0.22391683574685073,0.16595245280860502
