measure,Hyperarea,GD,HyperVolume
page_rank,0.9241845038719656,0.47925617154042544,0.15799735213418992
