measure,Hyperarea,GD,HyperVolume
page_rank,0.9685037900294617,0.17617000739855296,0.16557411827993773
