measure,Hyperarea,GD,HyperVolume
page_rank,0.959098433756963,0.21615895459577514,0.16319733665746472
