measure,Hyperarea,GD,HyperVolume
page_rank,0.9758060536446574,0.17895179568661443,0.16679292982819152
