measure,Hyperarea,GD,HyperVolume
page_rank,0.9261289750286421,0.4825448069299795,0.15758735162764492
