measure,Hyperarea,GD,HyperVolume
page_rank,0.9909042546824649,0.1349629263228289,0.16860932053998817
