measure,Hyperarea,GD,HyperVolume
two-hop,0.10253384777997517,1.532617712501213,0.02857745119644619
page_rank,0.9778484136188049,0.10673886656328842,0.2725384438676187
degree_centrality,0.9548088695759095,0.18082341015214884,0.26611703806134207
katz_centrality,0.6380338415902261,0.813506465383285,0.17782792087206484
betweenness,0.9520604026081835,0.18308763675233275,0.2653510063329339
closeness,0.8757117350442962,0.4085384471486453,0.2440716886396912
eigenvector_centrality,0.7369662817161848,0.6776731769693116,0.20540161522431247
core,0.5679065786076611,0.884876357572508,0.1582825855626453
