measure,Hyperarea,GD,HyperVolume
page_rank,0.9756330661269478,0.17435733258814304,0.16679292982819152
