measure,Hyperarea,GD,HyperVolume
two-hop,0.10421570164833573,2.020948144018872,0.028988131333097446
page_rank,0.9756681899984142,0.11123104628317489,0.2713871056075279
degree_centrality,0.9513663670687208,0.20317278178745413,0.26462742905613096
katz_centrality,0.6365552637793378,0.8406912480439118,0.17706110783071824
betweenness,0.9489449542222474,0.18393897318793956,0.2639539006674619
closeness,0.8721405115706027,0.42332368733491305,0.2425903514581112
eigenvector_centrality,0.7411177140460262,0.6841769298227875,0.20614568906847877
core,0.577320145778139,0.9105937744366372,0.16058455628434481
