measure,Hyperarea,GD,HyperVolume
page_rank,0.9838798476764589,0.10786634959317981,0.167843989376387
