measure,Hyperarea,GD,HyperVolume
two-hop,0.09026716174952311,1.2846851031435322,0.025064447289320745
page_rank,0.9635675632668766,0.11781810545408584,0.26755342619742284
degree_centrality,0.9392908291574084,0.19690029720013716,0.2608125149884046
katz_centrality,0.6254593833372365,0.8236623521703242,0.17367106089773607
betweenness,0.9418808570200615,0.1799386788025998,0.26153168700603685
closeness,0.8600792951529951,0.41687676110580363,0.23881787950547004
eigenvector_centrality,0.731736654249418,0.6675996628224296,0.2031810288994198
core,0.48641184350515887,0.9614046492132886,0.13506178521782086
