measure,Hyperarea,GD,HyperVolume
page_rank,0.9466803287159331,0.2539418289535196,0.16256203877069195
