measure,Hyperarea,GD,HyperVolume
page_rank,0.9832288467127351,0.15808321893606167,0.16806169568459184
