measure,Hyperarea,GD,HyperVolume
page_rank,0.9805143905304882,0.2449571509433079,0.16539348956975267
