measure,Hyperarea,GD,HyperVolume
two-hop,0.08462716927103286,2.179323793037417,0.023539480696056374
page_rank,0.9237948563491494,0.22086094646356375,0.2569582720946607
degree_centrality,0.9057530728968408,0.2752696551343512,0.2519398575954366
katz_centrality,0.6094702806073641,0.9284678016768637,0.1695272809991983
betweenness,0.903876104920153,0.290519000080362,0.25141776933660737
closeness,0.8321599746723436,0.5146416464506458,0.23146956029091006
eigenvector_centrality,0.7127404491107477,0.7338849593690724,0.19825240744385622
core,0.306163578307645,1.4472500397686114,0.08516096784859875
