measure,Hyperarea,GD,HyperVolume
page_rank,0.9548226044952527,0.21600871805781324,0.16353394944905283
