measure,Hyperarea,GD,HyperVolume
page_rank,0.963779967491333,0.15445225628202677,0.16473733062752324
