measure,Hyperarea,GD,HyperVolume
two-hop,0.08759218924966905,1.3252931813097448,0.024470288706345777
page_rank,0.9577036294490984,0.14217568100537048,0.26754993234540236
degree_centrality,0.9350288027305085,0.22727479103848985,0.26121535433195975
katz_centrality,0.6197141592210816,0.8647348428708774,0.17312713064318688
betweenness,0.9345334487894558,0.22331804510964606,0.2610769692310367
closeness,0.8557112675722113,0.4636924261608187,0.23905672350624832
eigenvector_centrality,0.7279262588229333,0.7232602219870531,0.2033579233823598
core,0.5009373600298157,1.0041664837473008,0.13994491893317512
