measure,Hyperarea,GD,HyperVolume
page_rank,0.9225341598461402,0.4253789233793372,0.1573787836901485
