measure,Hyperarea,GD,HyperVolume
two-hop,0.10314169696689864,3.2613955652491926,0.028694020096191212
page_rank,0.9806607412231931,0.12878025040677638,0.27281981820829243
degree_centrality,0.9534432034271549,0.2093599087466217,0.2652478991934346
katz_centrality,0.6396489048153919,0.8746074848324792,0.1779503253196421
betweenness,0.953889861080873,0.20646140667784374,0.265372159352699
closeness,0.8780470679021494,0.42274871899894534,0.24427269429037807
eigenvector_centrality,0.7359477757283518,0.6943891659092796,0.20474067120762754
core,0.5672564040747125,0.9645156152820104,0.15781073161358505
