measure,Hyperarea,GD,HyperVolume
two-hop,0.09037603299967904,1.2079959069434714,0.025168932006895742
page_rank,0.9574457047382455,0.13685285662672927,0.2666402257657941
degree_centrality,0.9363102260447723,0.20559890451814986,0.26075418044478393
katz_centrality,0.622160969352283,0.8281858015496693,0.1732663695808331
betweenness,0.9362403377010675,0.19732043023697624,0.26073471715443586
closeness,0.8595013952904315,0.4217194212791425,0.2393635951909254
eigenvector_centrality,0.7347053409350284,0.6813064175434534,0.20460898932311572
core,0.5033837868393177,0.9701929264824533,0.14018796669662942
