measure,Hyperarea,GD,HyperVolume
two-hop,0.09162787224755659,3.2764966308488974,0.025490874059270252
page_rank,0.9636981483942642,0.12271055970854781,0.2681008248832844
degree_centrality,0.9423169149670696,0.2043149381287392,0.2621525657438389
katz_centrality,0.6222905720743843,0.9735617812453083,0.1731212371510938
betweenness,0.9413751396544399,0.20595586074431593,0.26189056385186527
closeness,0.8641311988553149,0.46276280143607845,0.24040129952154868
eigenvector_centrality,0.7375461066435983,0.7372951808649617,0.20518532686824914
core,0.49921090676021534,1.067595641713812,0.13888047426069197
