measure,Hyperarea,GD,HyperVolume
two-hop,0.09081541230357956,3.29580854197258,0.025264847702855846
page_rank,0.9590391481590069,0.12635147117745602,0.2668046910178358
degree_centrality,0.935284817675258,0.22534581106553808,0.26019623627725685
katz_centrality,0.6225425028259455,0.9681203287303081,0.1731913242861781
betweenness,0.9350881718842842,0.21637389909554958,0.26014152941820795
closeness,0.8587774291797767,0.4765968595249559,0.23891188079781397
eigenvector_centrality,0.734408798677991,0.7846424183079604,0.20431252779221717
core,0.4976594891827747,1.1662459210322493,0.13844886989064797
