measure,Hyperarea,GD,HyperVolume
page_rank,0.9349325848750961,0.5269975422675248,0.1572452726361592
