measure,Hyperarea,GD,HyperVolume
two-hop,0.09189855516539529,3.29968546359335,0.02556617804701298
page_rank,0.9612925108533978,0.12628570864783628,0.2674315765194154
degree_centrality,0.937697169983225,0.22335711404940684,0.2608673526893333
katz_centrality,0.6209950627771454,0.922897047854095,0.17276082646460195
betweenness,0.9378351230390747,0.22030280324200613,0.2609057312294707
closeness,0.8579878749632355,0.4590546821058666,0.2386922268147722
eigenvector_centrality,0.730368660242681,0.7360442671536008,0.20318856127951393
core,0.5013335149193409,1.0252571105486312,0.13947098385056067
