measure,Hyperarea,GD,HyperVolume
page_rank,0.9640271483743106,0.2565225580337708,0.1648087975836869
