measure,Hyperarea,GD,HyperVolume
two-hop,0.08795934114430541,3.342327356837484,0.024470288706345777
page_rank,0.9617179451667945,0.12100789707973351,0.26754993234540236
degree_centrality,0.9389480745217816,0.20349016507683942,0.26121535433195975
katz_centrality,0.622311756445675,0.9137879701730162,0.17312713064318688
betweenness,0.9384506442524679,0.20682465765726915,0.2610769692310367
closeness,0.859298071553732,0.4518450884746503,0.23905672350624832
eigenvector_centrality,0.7309774384700206,0.7194591646595359,0.2033579233823598
core,0.5030370917799247,1.0184010203963347,0.13994491893317512
