measure,Hyperarea,GD,HyperVolume
page_rank,0.9529177335329962,0.19989396302627518,0.16256203877069195
