measure,Hyperarea,GD,HyperVolume
two-hop,0.08990240469869022,1.2031007491451884,0.025037030681860025
page_rank,0.9573411755948014,0.11986681448301202,0.2666111153167429
degree_centrality,0.9347988409450435,0.19491062159335806,0.2603332729591517
katz_centrality,0.6208079914778071,0.833530592868175,0.1728895771171758
betweenness,0.9357499407079007,0.19165878642941206,0.26059814589579866
closeness,0.8558365178790613,0.4146328827289427,0.2383429589965849
eigenvector_centrality,0.7291982229455517,0.6785044094106609,0.20307530529616155
core,0.4931532818394531,0.9550716931675919,0.13733886084199742
