measure,Hyperarea,GD,HyperVolume
page_rank,0.9304341809903321,0.49878747675970164,0.15758735162764492
