measure,Hyperarea,GD,HyperVolume
page_rank,0.976576248669233,0.17237635773104132,0.16534107206976337
