measure,Hyperarea,GD,HyperVolume
page_rank,0.965768286892136,0.21278702141555372,0.16583978449220924
