measure,Hyperarea,GD,HyperVolume
two-hop,0.08279436964886737,1.3294714127247464,0.023081420097948228
page_rank,0.9263769421791097,0.192920805090166,0.25825542802210627
degree_centrality,0.9058526123526168,0.2758084324145751,0.25253365393332183
katz_centrality,0.6013850607536046,0.9414192106611069,0.16765416883723996
betweenness,0.907518345342158,0.2708645370095833,0.2529980270913719
closeness,0.8344991233902315,0.5194995547224841,0.23264172334456518
eigenvector_centrality,0.7118314715325826,0.7624200052249241,0.19844442687424918
core,0.30400012787322184,1.216368063712416,0.08474917667747234
