measure,Hyperarea,GD,HyperVolume
page_rank,0.9958799449064536,0.1686034783479477,0.16860932053998817
