measure,Hyperarea,GD,HyperVolume
page_rank,0.9917000518291101,0.18569279046440093,0.16679292982819152
