measure,Hyperarea,GD,HyperVolume
two-hop,0.08641521826580716,2.068627762239929,0.02403922303101196
page_rank,0.9261164932786033,0.1921368732700658,0.25762963262030114
degree_centrality,0.9076071240800015,0.25702060898064544,0.25248064540187054
katz_centrality,0.6040529550685984,0.9040744959940267,0.16803711199074237
betweenness,0.9069796649678733,0.26424953368881837,0.2523060971007496
closeness,0.8315477454493725,0.49912462297652455,0.23132223831577348
eigenvector_centrality,0.7105496480213764,0.7322898124983236,0.19766265486771978
core,0.2948538001653156,1.3129530918343577,0.08202324088233033
