measure,Hyperarea,GD,HyperVolume
page_rank,0.9238547266741669,0.4750015392254343,0.15794097386358688
