measure,Hyperarea,GD,HyperVolume
page_rank,0.9619073833290638,0.2721744490728906,0.16441725288501674
