measure,Hyperarea,GD,HyperVolume
page_rank,0.9378864981213251,0.4675174185967499,0.15820300267160425
