measure,Hyperarea,GD,HyperVolume
page_rank,0.9674472264057522,0.23827060878421671,0.16539348956975267
