measure,Hyperarea,GD,HyperVolume
page_rank,0.9157250108441611,0.47043188740749997,0.15724645395141545
