measure,Hyperarea,GD,HyperVolume
two-hop,0.08535973859180188,2.1542401604021912,0.02374324860573958
page_rank,0.9260025688723322,0.21429473849134,0.2575723586435735
degree_centrality,0.9075251381337941,0.2864529398251965,0.25243276661976916
katz_centrality,0.6098742113927735,0.9521710826465998,0.16963963641658483
betweenness,0.9085298102755498,0.2732597937162754,0.2527122213231515
closeness,0.8327542340301544,0.5286493072760694,0.23163485657580452
eigenvector_centrality,0.7068036265676253,0.7673323715718009,0.1966010498378589
core,0.28382501470815585,1.445323278410866,0.07894738193810094
