measure,Hyperarea,GD,HyperVolume
page_rank,0.9646250735238104,0.22399088907158327,0.1656434741958318
