measure,Hyperarea,GD,HyperVolume
two-hop,0.08444667188654224,2.1534196611412297,0.02348927442383311
page_rank,0.9262086837924016,0.21264707176929812,0.25762969056456214
degree_centrality,0.9066381378522559,0.28443659385027503,0.25218604294716473
katz_centrality,0.6061945435793745,0.9246803977876114,0.1686161179625527
betweenness,0.9088496578607905,0.2726300469515303,0.25280118856763467
closeness,0.8335851972125915,0.5213794123653659,0.23186599324220378
eigenvector_centrality,0.7132299172788715,0.7632340271021877,0.19838855552247128
core,0.31559882806068557,1.3587732316944952,0.08778543090623515
