measure,Hyperarea,GD,HyperVolume
two-hop,0.09251191637985347,1.441430000869289,0.02556617804701298
page_rank,0.9677084935730981,0.12787468108245445,0.2674315765194154
degree_centrality,0.9439556696292726,0.20135573816152832,0.2608673526893333
katz_centrality,0.6251397882866163,0.90384317439473,0.17276082646460195
betweenness,0.9440945434292376,0.20998120712823973,0.2609057312294707
closeness,0.8637143685303074,0.4564754001667872,0.2386922268147722
eigenvector_centrality,0.7352433811525189,0.7195811059901112,0.20318856127951393
core,0.5046795798602541,1.0109675698871692,0.13947098385056067
