measure,Hyperarea,GD,HyperVolume
two-hop,0.08518907517706673,1.6194617672229283,0.02374324860573958
page_rank,0.9241511719132458,0.19522491068518677,0.2575723586435735
degree_centrality,0.9057106839006038,0.2873745320215099,0.25243276661976916
katz_centrality,0.6086548635223105,0.9205364332653405,0.16963963641658483
betweenness,0.9067133473579233,0.26860399542659325,0.2527122213231515
closeness,0.8310892724972426,0.5198424076836968,0.23163485657580452
eigenvector_centrality,0.7053904835279767,0.7681761331803608,0.1966010498378589
core,0.2832575510889315,1.3026918850794096,0.07894738193810094
