measure,Hyperarea,GD,HyperVolume
page_rank,0.9637284924774259,0.2566896793314389,0.16256203877069195
