measure,Hyperarea,GD,HyperVolume
page_rank,0.9963001207362494,0.15714818728190885,0.1680562317276979
