measure,Hyperarea,GD,HyperVolume
page_rank,0.9653738174584464,0.15404571092520705,0.16534107206976337
