measure,Hyperarea,GD,HyperVolume
page_rank,0.9950418687924654,0.1622963908001562,0.167843989376387
