measure,Hyperarea,GD,HyperVolume
page_rank,0.9241255451072989,0.5086116931254839,0.15724645395141545
