measure,Hyperarea,GD,HyperVolume
page_rank,0.9188845535840076,0.5056147038698444,0.1573787836901485
