measure,Hyperarea,GD,HyperVolume
page_rank,0.9344157077441468,0.5053742666580505,0.15820300267160425
