measure,Hyperarea,GD,HyperVolume
two-hop,0.08426033189519354,1.3671002243411527,0.023539480696056374
page_rank,0.9197904392826672,0.21060949148851352,0.2569582720946607
degree_centrality,0.9018268623986998,0.2705298742467065,0.2519398575954366
katz_centrality,0.6068283810812908,0.9044773549407152,0.1695272809991983
betweenness,0.8999580306034893,0.2773659052561618,0.25141776933660737
closeness,0.8285527716426682,0.5127434669215887,0.23146956029091006
eigenvector_centrality,0.7096508995221402,0.7688351908374962,0.19825240744385622
core,0.3048364366271256,1.181392739469946,0.08516096784859875
