measure,Hyperarea,GD,HyperVolume
page_rank,0.9833794055148142,0.2587071335058785,0.16539348956975267
