measure,Hyperarea,GD,HyperVolume
page_rank,0.9922450038842555,0.16719809220412787,0.1680562317276979
