measure,Hyperarea,GD,HyperVolume
page_rank,0.970057769214981,0.21418577786594817,0.16583978449220924
