measure,Hyperarea,GD,HyperVolume
page_rank,0.9671406172090318,0.14116161755946796,0.16534107206976337
