measure,Hyperarea,GD,HyperVolume
page_rank,0.9689434747153384,0.22130558562523225,0.16595245280860502
