measure,Hyperarea,GD,HyperVolume
page_rank,0.9510536309222326,0.2627387563421459,0.16256203877069195
