measure,Hyperarea,GD,HyperVolume
two-hop,0.09102347387569523,1.3311357270225006,0.025428873326181885
page_rank,0.9586178566674506,0.1456698942945965,0.2678053364421365
degree_centrality,0.9340816008031912,0.23017306720592912,0.26095073821923087
katz_centrality,0.6248064434463296,0.874887477771833,0.174549742250843
betweenness,0.9354356339898712,0.22825501476726778,0.261329009196128
closeness,0.8595878111305723,0.4606690628039802,0.24013969837956076
eigenvector_centrality,0.7335125307373931,0.7032369839560815,0.20491853840648422
core,0.48618313280590797,1.0180411182435816,0.13582308794686473
