measure,Hyperarea,GD,HyperVolume
two-hop,0.08465847612598328,3.322964693993901,0.023551988058248558
page_rank,0.9195498917488099,0.20901981679481565,0.255818779884519
degree_centrality,0.901131899690083,0.2998183412519106,0.2506948944937812
katz_centrality,0.602916511131355,1.0074462639589585,0.16773137339674304
betweenness,0.9019791038842405,0.29194796807397566,0.2509305867005958
closeness,0.8285758083026974,0.5234813918971342,0.2305097898698105
eigenvector_centrality,0.70717986848742,0.8323872035666952,0.19673743941320032
core,0.33550794727630817,1.5096753307292876,0.09333831093226896
