measure,Hyperarea,GD,HyperVolume
page_rank,0.9140735889565084,0.47210814824836667,0.15696287511198662
