measure,Hyperarea,GD,HyperVolume
page_rank,0.9394042209207303,0.5059738316715682,0.15799735213418992
