measure,Hyperarea,GD,HyperVolume
page_rank,0.9253874293471334,0.45531686286189044,0.15820300267160425
