measure,Hyperarea,GD,HyperVolume
page_rank,0.9734324041642478,0.3030404403390948,0.1648087975836869
