measure,Hyperarea,GD,HyperVolume
two-hop,0.10303383975117959,1.1665781495888805,0.028694020096191212
page_rank,0.9796352458103412,0.09794182539077954,0.27281981820829243
degree_centrality,0.9524461699063578,0.18178937848329674,0.2652478991934346
katz_centrality,0.6389800119045718,0.7764299167666612,0.1779503253196421
betweenness,0.9528923604817523,0.1834620049007429,0.265372159352699
closeness,0.8771288775407421,0.38700871134826176,0.24427269429037807
eigenvector_centrality,0.7351781812739366,0.6517012765984692,0.20474067120762754
core,0.5666632133657993,0.8692989474907116,0.15781073161358505
