measure,Hyperarea,GD,HyperVolume
two-hop,0.0908300642127015,2.125628880577176,0.025264847702855846
page_rank,0.9591938769003819,0.131725214867276,0.2668046910178358
degree_centrality,0.9354357139582135,0.22495798450425142,0.26019623627725685
katz_centrality,0.622642942123027,0.9056840250027623,0.1731913242861781
betweenness,0.9352390364409481,0.21016886197622453,0.26014152941820795
closeness,0.8589159819708628,0.4816235048817734,0.23891188079781397
eigenvector_centrality,0.7345272861759126,0.7397708120928428,0.20431252779221717
core,0.4977397801975288,1.1014040309454152,0.13844886989064797
