measure,Hyperarea,GD,HyperVolume
page_rank,0.9848657381003413,0.24282728582540386,0.1656434741958318
