measure,Hyperarea,GD,HyperVolume
two-hop,0.09057857625616006,1.889543600767886,0.025264847702855846
page_rank,0.9565380854493946,0.14571510744375857,0.2668046910178358
degree_centrality,0.9328457035005712,0.23593898737528832,0.26019623627725685
katz_centrality,0.6209189842845433,0.9032235377434203,0.1731913242861781
betweenness,0.9326495705389806,0.2309851435316768,0.26014152941820795
closeness,0.856537837388241,0.48861050294540753,0.23891188079781397
eigenvector_centrality,0.7324935458298557,0.7312836809339414,0.20431252779221717
core,0.496361651036262,1.087893100631353,0.13844886989064797
