measure,Hyperarea,GD,HyperVolume
page_rank,0.9305345586860927,0.5127171505214897,0.15696287511198662
