measure,Hyperarea,GD,HyperVolume
two-hop,0.08461351795850598,3.3885102273968504,0.023539480696056374
page_rank,0.92364583786722,0.2021468036616654,0.2569582720946607
degree_centrality,0.9056069647571404,0.26985909497950616,0.2519398575954366
katz_centrality,0.6093719662084768,0.8906466495523984,0.1695272809991983
betweenness,0.9037302995564603,0.27673563152523734,0.25141776933660737
closeness,0.832025737925629,0.49487395136142026,0.23146956029091006
eigenvector_centrality,0.7126254760742492,0.7298602680692823,0.19825240744385622
core,0.30611419068511403,1.71924891928062,0.08516096784859875
