measure,Hyperarea,GD,HyperVolume
two-hop,0.08425736636557303,1.299595113843655,0.02348927442383311
page_rank,0.9241323862487033,0.18664761265426263,0.25762969056456214
degree_centrality,0.9046057119296894,0.2629639344279121,0.25218604294716473
katz_centrality,0.6048356271020602,0.9148741470232763,0.1686161179625527
betweenness,0.9068122743367225,0.27363995420692266,0.25280118856763467
closeness,0.8317165352925271,0.5163080351568103,0.23186599324220378
eigenvector_centrality,0.7116310578088061,0.7469067652352179,0.19838855552247128
core,0.31489134487362086,1.1705113071746598,0.08778543090623515
