measure,Hyperarea,GD,HyperVolume
page_rank,0.9342366887502455,0.4829040488847056,0.15758735162764492
