measure,Hyperarea,GD,HyperVolume
page_rank,0.9830545433079775,0.1507739579569041,0.16806169568459184
