measure,Hyperarea,GD,HyperVolume
two-hop,0.08427783400553494,1.609587328100876,0.02348927442383311
page_rank,0.9243568747388469,0.2055909763307813,0.25762969056456214
degree_centrality,0.904825457037066,0.2682232173962124,0.25218604294716473
katz_centrality,0.6049825526278112,0.9123737192372453,0.1686161179625527
betweenness,0.9070325554580625,0.25284127170053083,0.25280118856763467
closeness,0.8319185742990738,0.510645434110946,0.23186599324220378
eigenvector_centrality,0.7118039258784506,0.7529085766128044,0.19838855552247128
core,0.31496783768311637,1.2661542606676837,0.08778543090623515
