measure,Hyperarea,GD,HyperVolume
page_rank,0.9357264010116514,0.5335639322328152,0.1573787836901485
