measure,Hyperarea,GD,HyperVolume
page_rank,0.9840350327057843,0.17305932418792527,0.16819949573539586
