measure,Hyperarea,GD,HyperVolume
two-hop,0.08275063420256223,1.9095999983972192,0.023081420097948228
page_rank,0.9258875911618266,0.1909098451221152,0.25825542802210627
degree_centrality,0.9053741031441292,0.26997311210250774,0.25253365393332183
katz_centrality,0.6010673840305999,0.9444907349054101,0.16765416883723996
betweenness,0.9070389562238887,0.26019473226300915,0.2529980270913719
closeness,0.8340583060767173,0.5141171102447261,0.23264172334456518
eigenvector_centrality,0.7114554523994756,0.7728093101330464,0.19844442687424918
core,0.30383954230048615,1.303664437463779,0.08474917667747234
