measure,Hyperarea,GD,HyperVolume
two-hop,0.10174461968749304,1.212655855910392,0.028334983623269593
page_rank,0.9790520464824769,0.09247664567080677,0.2726574023139199
degree_centrality,0.9537980269148416,0.17495100667585162,0.26562437950575035
katz_centrality,0.6378629407489605,0.8327344594082796,0.17763923080675792
betweenness,0.9541691959829963,0.16984075117048908,0.26572774683367323
closeness,0.8773609625763995,0.399956305451085,0.2443373279359188
eigenvector_centrality,0.7363057657498435,0.6896443746065776,0.20505469358794415
core,0.5576426207845223,0.9117475012985617,0.15529857574875666
