measure,Hyperarea,GD,HyperVolume
page_rank,0.9930908695472739,0.1784647454835693,0.16819949573539586
