measure,Hyperarea,GD,HyperVolume
two-hop,0.08480603375544203,1.3782064993707324,0.023691931299041173
page_rank,0.9186110187014362,0.20931232137939368,0.25662878196116645
degree_centrality,0.9012970537540334,0.2801253284925926,0.2517918470181789
katz_centrality,0.6026253180527068,0.9350488887797626,0.16835308765340512
betweenness,0.9010751187880673,0.28356334200986766,0.2517298459112567
closeness,0.8298881724193317,0.5085678912269664,0.23184262600400113
eigenvector_centrality,0.7114475809091855,0.7445658556275864,0.19875433932420913
core,0.2917668126422188,1.2264811468303976,0.08150975790700844
