measure,Hyperarea,GD,HyperVolume
page_rank,0.9812586715484597,0.16343498104603105,0.16806169568459184
