measure,Hyperarea,GD,HyperVolume
two-hop,0.10286923328095918,1.2655897319281457,0.02873817698756759
page_rank,0.9754717319585734,0.09632521266551952,0.27251373793007033
degree_centrality,0.9503954118628646,0.19285275964053286,0.2655082640665768
katz_centrality,0.6333131797002464,0.8322037982826431,0.17692623602118068
betweenness,0.9488878365912841,0.19407163634000799,0.2650870986355248
closeness,0.8727146531002473,0.41116285627308696,0.2438068930866703
eigenvector_centrality,0.7392891532474064,0.6771923934482375,0.20653233093500165
core,0.5630285014972681,0.9178764779037363,0.15729107925672087
