measure,Hyperarea,GD,HyperVolume
page_rank,0.9281348299055949,0.5412259666962751,0.1571979112402333
