measure,Hyperarea,GD,HyperVolume
page_rank,0.966424411037773,0.21208601680927128,0.16595245280860502
