measure,Hyperarea,GD,HyperVolume
two-hop,0.09016842351238136,1.2819384029631504,0.025037030681860025
page_rank,0.9601739225572764,0.11904780705873673,0.2666111153167429
degree_centrality,0.9375648857415257,0.18147453707550648,0.2603332729591517
katz_centrality,0.6226449457392241,0.8110939968084554,0.1728895771171758
betweenness,0.9385187997831719,0.18855752578764307,0.26059814589579866
closeness,0.8583689152711309,0.4201964919557646,0.2383429589965849
eigenvector_centrality,0.731355901006153,0.6760831609939386,0.20307530529616155
core,0.49461250922544464,0.9688002262756064,0.13733886084199742
