measure,Hyperarea,GD,HyperVolume
two-hop,0.10019702253038672,1.514158332733057,0.0279261491047892
page_rank,0.9802640932724641,0.10327147932551442,0.2732117236567166
degree_centrality,0.9552083551881768,0.17760038440229492,0.26622837964107826
katz_centrality,0.6337611762648708,0.8073455977703168,0.17663707621483415
betweenness,0.9519470743838468,0.1818626205369713,0.2653194203555198
closeness,0.874462530522887,0.403681993232177,0.24372351989329286
eigenvector_centrality,0.7380958646833736,0.684758436285444,0.20571644396444172
core,0.5667797935701699,0.891716733583694,0.15796853664011887
