measure,Hyperarea,GD,HyperVolume
page_rank,0.9862578020870396,0.13087991407321628,0.16860932053998817
