measure,Hyperarea,GD,HyperVolume
page_rank,0.9270909752691346,0.5441455295335674,0.15696287511198662
