measure,Hyperarea,GD,HyperVolume
two-hop,0.08604917573372779,1.3479346234419496,0.02403922303101196
page_rank,0.9221935959810761,0.20534953455972765,0.25762963262030114
degree_centrality,0.9037626298288892,0.27053610052624105,0.25248064540187054
katz_centrality,0.6014942729565749,0.904555211319905,0.16803711199074237
betweenness,0.9031378285440139,0.2734285560219791,0.2523060971007496
closeness,0.8280254278715482,0.5166939871947255,0.23132223831577348
eigenvector_centrality,0.7075398611163684,0.755260252769074,0.19766265486771978
core,0.2936048415470112,1.1658231192288195,0.08202324088233033
