measure,Hyperarea,GD,HyperVolume
page_rank,0.9888107951571545,0.17332849308547515,0.16679292982819152
