measure,Hyperarea,GD,HyperVolume
page_rank,0.9831968803564907,0.1611588138705197,0.1680562317276979
