measure,Hyperarea,GD,HyperVolume
two-hop,0.09123697592622407,1.5614733004937171,0.025428873326181885
page_rank,0.9608663632268856,0.12668914989946053,0.2678053364421365
degree_centrality,0.9362725558243663,0.21435289758516746,0.26095073821923087
katz_centrality,0.6262719715258402,0.8623659948283167,0.174549742250843
betweenness,0.9376297649924664,0.20526731276344096,0.261329009196128
closeness,0.8616040356545517,0.44527399376055854,0.24013969837956076
eigenvector_centrality,0.7352330366984697,0.6974969753587911,0.20491853840648422
core,0.4873235100225406,1.0373598703091758,0.13582308794686473
