measure,Hyperarea,GD,HyperVolume
page_rank,0.9747268947805804,0.2719717324735125,0.16441725288501674
