measure,Hyperarea,GD,HyperVolume
page_rank,0.9899877376119851,0.133987430288993,0.1676739192320554
