measure,Hyperarea,GD,HyperVolume
two-hop,0.10295208864198115,1.5007273092572664,0.028694020096191212
page_rank,0.9788579645972146,0.10101973866436044,0.27281981820829243
degree_centrality,0.9516904615776214,0.18960517706227212,0.2652478991934346
katz_centrality,0.6384730199798314,0.7933255947582212,0.1779503253196421
betweenness,0.9521362981278283,0.17590813639411193,0.265372159352699
closeness,0.876432928920152,0.3901930661327996,0.24427269429037807
eigenvector_centrality,0.7345948619302843,0.6583988360586711,0.20474067120762754
core,0.5662136004391484,0.8715317586350937,0.15781073161358505
