measure,Hyperarea,GD,HyperVolume
page_rank,0.9284144631450252,0.5261394798243759,0.1572452726361592
