measure,Hyperarea,GD,HyperVolume
two-hop,0.08998127673589414,1.8797010630791051,0.02509824449450081
page_rank,0.9579258099186093,0.11029141321479978,0.2671917654102295
degree_centrality,0.9342516380186388,0.21032809882712722,0.2605883899514183
katz_centrality,0.6236177183494693,0.9077528745587711,0.17394407518996843
betweenness,0.9358690648241135,0.2029905647417648,0.26103953462160245
closeness,0.8549929358181811,0.4624213582355105,0.23848096540372474
eigenvector_centrality,0.7301700095367807,0.729464710708328,0.2036644298312757
core,0.48354774614092333,1.0782110833915985,0.13487472058249306
