measure,Hyperarea,GD,HyperVolume
two-hop,0.09151496056129331,1.3338064862747663,0.02556617804701298
page_rank,0.9572799709449811,0.1483525363494333,0.2674315765194154
degree_centrality,0.9337831196040881,0.24043385465594802,0.2608673526893333
katz_centrality,0.6184029615757005,0.8796646373827125,0.17276082646460195
betweenness,0.933920496828819,0.2238197150814755,0.2609057312294707
closeness,0.8544065398853501,0.47263831881479706,0.2386922268147722
eigenvector_centrality,0.7273200217023901,0.7264790981996448,0.20318856127951393
core,0.49924089408506955,1.0235220786043966,0.13947098385056067
