measure,Hyperarea,GD,HyperVolume
page_rank,0.9709807111110182,0.17061525406178274,0.1656434741958318
