measure,Hyperarea,GD,HyperVolume
page_rank,0.9199484001115855,0.5101539097504602,0.1572452726361592
