measure,Hyperarea,GD,HyperVolume
two-hop,0.10340829085103927,1.378429251411802,0.02857745119644619
page_rank,0.9861878331212786,0.13533324396985721,0.2725384438676187
degree_centrality,0.9629518001131779,0.15594733421857365,0.26611703806134207
katz_centrality,0.6434752083580101,0.8089739523530254,0.17782792087206484
betweenness,0.9601798932965824,0.17016563097821905,0.2653510063329339
closeness,0.8831800986680064,0.38494076218577666,0.2440716886396912
eigenvector_centrality,0.7432513775416869,0.6734574530924949,0.20540161522431247
core,0.5727498765373442,0.8891582098321187,0.1582825855626453
