measure,Hyperarea,GD,HyperVolume
two-hop,0.08812735757609853,1.3252451902102063,0.024470288706345777
page_rank,0.9635549804996678,0.1067133633244704,0.26754993234540236
degree_centrality,0.9407416157542171,0.19089815186477413,0.26121535433195975
katz_centrality,0.6235004715886111,0.8634408538660674,0.17312713064318688
betweenness,0.9402432353134057,0.19323346732396604,0.2610769692310367
closeness,0.8609394685213639,0.435671975131688,0.23905672350624832
eigenvector_centrality,0.7323737224727795,0.7098901283701027,0.2033579233823598
core,0.5039979732067398,1.004417123304767,0.13994491893317512
