measure,Hyperarea,GD,HyperVolume
two-hop,0.10314809286211106,1.991631289626189,0.028694020096191212
page_rank,0.9807215527429204,0.09987538551702291,0.27281981820829243
degree_centrality,0.9535023271666264,0.184167399550961,0.2652478991934346
katz_centrality,0.6396885699313272,0.8003306802703762,0.1779503253196421
betweenness,0.953949012517926,0.17775533837321955,0.265372159352699
closeness,0.8781015162698128,0.38404357514943516,0.24427269429037807
eigenvector_centrality,0.7359934124106422,0.6685096410869611,0.20474067120762754
core,0.5672915800765209,0.8908061433431599,0.15781073161358505
