measure,Hyperarea,GD,HyperVolume
page_rank,0.9799875538085928,0.1650823020143958,0.167843989376387
