measure,Hyperarea,GD,HyperVolume
page_rank,0.9340691349948619,0.4840613309772302,0.15820300267160425
