measure,Hyperarea,GD,HyperVolume
page_rank,0.9809601977344141,0.12721342577105954,0.1676739192320554
