measure,Hyperarea,GD,HyperVolume
page_rank,0.9187893356001727,0.4841589129824234,0.15736247555826957
