measure,Hyperarea,GD,HyperVolume
two-hop,0.10142598960314174,1.2799609229978839,0.028334983623269593
page_rank,0.9759859832634763,0.09716167542764706,0.2726574023139199
degree_centrality,0.9508110508299791,0.19060520574246875,0.26562437950575035
katz_centrality,0.6358653675776257,0.8315805728529689,0.17763923080675792
betweenness,0.9511810575208811,0.18151538188057284,0.26572774683367323
closeness,0.8746133617856068,0.4095106788687591,0.2443373279359188
eigenvector_centrality,0.7339999026096615,0.6968394345052784,0.20505469358794415
core,0.5558962707972286,0.9177622015204001,0.15529857574875666
