measure,Hyperarea,GD,HyperVolume
two-hop,0.09002883372847882,1.296788657695409,0.02509824449450081
page_rank,0.9584320938066752,0.11700557902815428,0.2671917654102295
degree_centrality,0.9347454096101655,0.2063088618571162,0.2605883899514183
katz_centrality,0.6239473133972733,0.9023221561594321,0.17394407518996843
betweenness,0.9363636912596409,0.21095543238797027,0.26103953462160245
closeness,0.8554448175227275,0.47456879539463603,0.23848096540372474
eigenvector_centrality,0.730555919705971,0.7316708652835429,0.2036644298312757
core,0.4838033112697119,1.0752760857637933,0.13487472058249306
