measure,Hyperarea,GD,HyperVolume
two-hop,0.10330042051605888,3.2256346291217746,0.02873817698756759
page_rank,0.9795605245509353,0.09211954909331722,0.27251373793007033
degree_centrality,0.9543790944161635,0.1791579954940832,0.2655082640665768
katz_centrality,0.635967778652698,0.8505927126964814,0.17692623602118068
betweenness,0.9528651999839134,0.1749861855971175,0.2650870986355248
closeness,0.8763727285645946,0.40288538837204624,0.2438068930866703
eigenvector_centrality,0.7423879616642759,0.6817481534391334,0.20653233093500165
core,0.5653884948120805,0.9319433587685297,0.15729107925672087
