measure,Hyperarea,GD,HyperVolume
page_rank,0.9406269564936504,0.4828540601398588,0.15820300267160425
