measure,Hyperarea,GD,HyperVolume
two-hop,0.09170733805591594,1.2598782107025035,0.02556617804701298
page_rank,0.9592923099257695,0.1342348755705044,0.2674315765194154
degree_centrality,0.9357460648533517,0.22486335568355986,0.2608673526893333
katz_centrality,0.61970293276823,0.8886242107235158,0.17276082646460195
betweenness,0.9358837308645951,0.22857777424282588,0.2609057312294707
closeness,0.8562026242471222,0.4696968011466861,0.2386922268147722
eigenvector_centrality,0.7288489520838906,0.7177060287517414,0.20318856127951393
core,0.5002903696224918,1.0013917937402166,0.13947098385056067
