measure,Hyperarea,GD,HyperVolume
two-hop,0.10383009861150595,1.3513806975441423,0.028694020096191212
page_rank,0.9872059938893047,0.11638528931798064,0.27281981820829243
degree_centrality,0.9598067972847348,0.16968315104787468,0.2652478991934346
katz_centrality,0.6439181322083396,0.7964730191573864,0.1779503253196421
betweenness,0.9602564360786943,0.16839426788797549,0.265372159352699
closeness,0.8839074431273162,0.38554957179666705,0.24427269429037807
eigenvector_centrality,0.7408597334918456,0.6597537582133016,0.20474067120762754
core,0.571042460082734,0.888330952773264,0.15781073161358505
