measure,Hyperarea,GD,HyperVolume
two-hop,0.09970116580645011,1.3602908919884893,0.027552966755508296
page_rank,0.981048765285618,0.1539716718842509,0.271118234143039
degree_centrality,0.954225189773602,0.15364451153588926,0.2637053911901171
katz_centrality,0.6424461134865654,0.837025860055326,0.17754352483163915
betweenness,0.9551624763232743,0.15286020105903927,0.263964415494744
closeness,0.8747467043772765,0.4044817865246788,0.24174107363986597
eigenvector_centrality,0.7390259478583268,0.6938697957968952,0.20423389443938833
core,0.5600424003346832,0.9321855234135248,0.15477080446634361
