measure,Hyperarea,GD,HyperVolume
two-hop,0.09883406241028006,1.2221009809440655,0.027552966755508296
page_rank,0.9725165609798128,0.09447872051380424,0.271118234143039
degree_centrality,0.9459262707381922,0.17923537638615605,0.2637053911901171
katz_centrality,0.6368587444487561,0.83226562630213,0.17754352483163915
betweenness,0.9468554056845825,0.17423986331791644,0.263964415494744
closeness,0.8671390116084019,0.41536122875792375,0.24174107363986597
eigenvector_centrality,0.7325986217176299,0.6959233464219895,0.20423389443938833
core,0.5551716983383579,0.9357911722738059,0.15477080446634361
