measure,Hyperarea,GD,HyperVolume
page_rank,0.920097867778515,0.4631566321625144,0.15799735213418992
