measure,Hyperarea,GD,HyperVolume
page_rank,0.9676187625088442,0.24768015965152435,0.16539348956975267
