measure,Hyperarea,GD,HyperVolume
page_rank,0.9217584599615541,0.4260697890367375,0.15724645395141545
