measure,Hyperarea,GD,HyperVolume
page_rank,0.9528572297002734,0.2270542423001044,0.16319733665746472
