measure,Hyperarea,GD,HyperVolume
two-hop,0.10211238096473937,2.021210107308092,0.02840590291270847
page_rank,0.9848575238877586,0.11006901561848666,0.2739703740339431
degree_centrality,0.9584438770944893,0.1736998285979866,0.2666225531400275
katz_centrality,0.6398916286406823,0.8610176331082254,0.17800681274975613
betweenness,0.9584897007970653,0.1750239686639988,0.2666353005036104
closeness,0.881096802564905,0.4057270111814493,0.2451059312680129
eigenvector_centrality,0.7431103323895684,0.6896233523980255,0.20672047557658746
core,0.5617140147881259,0.9318555008641146,0.15625914916516334
