measure,Hyperarea,GD,HyperVolume
page_rank,0.9883661203840111,0.08068978864487478,0.16860932053998817
