measure,Hyperarea,GD,HyperVolume
page_rank,0.9774397776836845,0.1581080867879546,0.167843989376387
