measure,Hyperarea,GD,HyperVolume
two-hop,0.08854641074741412,1.4254817092765182,0.024470288706345777
page_rank,0.9681367673751752,0.11187673555847806,0.26754993234540236
degree_centrality,0.9452149231165755,0.18895429240072914,0.26121535433195975
katz_centrality,0.6264652700022065,0.8662970487757384,0.17312713064318688
betweenness,0.9447141728338673,0.1886679470681453,0.2610769692310367
closeness,0.8650333098042265,0.44261995783840996,0.23905672350624832
eigenvector_centrality,0.7358562225661859,0.7093150979659607,0.2033579233823598
core,0.5063945269537025,1.0041494414500196,0.13994491893317512
