measure,Hyperarea,GD,HyperVolume
two-hop,0.08463766037270026,1.6268950885572508,0.023589562481577
page_rank,0.9252965955082971,0.1978785284417913,0.2578916023625557
degree_centrality,0.9070586341479476,0.2719412807151746,0.2528084570209659
katz_centrality,0.6083990930458307,0.9591657363911906,0.1695683500222151
betweenness,0.9066675463486394,0.25929922050090876,0.2526994560155395
closeness,0.8323219778176911,0.5244132230123233,0.2319784267908842
eigenvector_centrality,0.7107006724222656,0.7856510419251261,0.19808106514262042
core,0.3016232166134515,1.291434135375925,0.08406612000929352
