measure,Hyperarea,GD,HyperVolume
page_rank,0.9330002201041669,0.5147513450956521,0.1573787836901485
