measure,Hyperarea,GD,HyperVolume
page_rank,0.9199553112832971,0.5064884690453879,0.15724645395141545
