measure,Hyperarea,GD,HyperVolume
two-hop,0.08471961315529461,1.6279113957389373,0.023612403735423518
page_rank,0.9257013590943703,0.20210708816728512,0.2580044149788532
degree_centrality,0.9082481579973187,0.27688511688450906,0.25313999202612203
katz_centrality,0.611189911226493,0.9399189348608336,0.17034618555733685
betweenness,0.9069115282325461,0.2855639244503373,0.2527674567833944
closeness,0.8340051042155303,0.5245520764154228,0.23244753492964162
eigenvector_centrality,0.7085875863168964,0.7882952797027156,0.19749212191696813
core,0.31329763326739674,1.3178108850335553,0.08731992428367341
