measure,Hyperarea,GD,HyperVolume
two-hop,0.15606944041475096,1.5608711108248725,0.036446689608271146
page_rank,0.9038794108344238,0.19382490351470227,0.21108176105740417
degree_centrality,0.9033173474071796,0.2028691820435139,0.21095050313004512
katz_centrality,0.5632232261422666,0.9173003852399396,0.13152877365885732
betweenness,0.8661389555316451,0.28125185971768935,0.202268282541432
closeness,0.8361863444703945,0.37894420253089894,0.19527348897130342
eigenvector_centrality,0.8356018113042133,0.39475918501834945,0.19513698371558563
core,0.5743434062014242,0.9642106301103879,0.13412565457242467
