measure,Hyperarea,GD,HyperVolume
two-hop,0.16963434763311092,3.7389191311612957,0.03938622119474969
page_rank,0.9855424854399921,0.14515965269978356,0.22882626584750843
degree_centrality,0.9828051461370512,0.16411509105070246,0.2281907020435087
katz_centrality,0.6234636982457901,1.1942087594221666,0.14475770661207943
betweenness,0.9345421837506478,0.33270047664726754,0.21698485995676298
closeness,0.9010793287730873,0.4044737651880739,0.20921535203372973
eigenvector_centrality,0.8998081754475452,0.41154784957705726,0.2089202117702701
core,0.6314166945006972,1.1689609254599418,0.14660425758496531
