measure,Hyperarea,GD,HyperVolume
two-hop,0.15557540026791053,1.429374103304389,0.0365309627766088
page_rank,0.8991635213573761,0.20964989123399416,0.21113433789805897
degree_centrality,0.895360840437746,0.22240938452707812,0.21024142298421586
katz_centrality,0.5656598193053438,0.9481759541155074,0.13282368399941064
betweenness,0.8650465612532737,0.34475149384175685,0.20312326804082084
closeness,0.8335468838418109,0.44479926258828184,0.19572676743075182
eigenvector_centrality,0.8323789701549295,0.4381733403387802,0.1954525273429983
core,0.5544594864072031,0.9986317908891399,0.13019371201487445
