measure,Hyperarea,GD,HyperVolume
two-hop,0.16236713726845098,1.9898305743109752,0.03794261339236697
page_rank,0.9449773751309846,0.155319915682069,0.22082615862006413
degree_centrality,0.9383654611270666,0.18314940587393952,0.2192810596483464
katz_centrality,0.5882680136913979,0.9392581229893737,0.13746886340482004
betweenness,0.9013285087476542,0.3069039705051472,0.21062611389389782
closeness,0.8630008907579592,0.4079868659127744,0.2016695601472555
eigenvector_centrality,0.850920669914264,0.4237002534315011,0.19884660497986276
core,0.6281418320966689,0.8990365599017258,0.14678673955685964
