measure,Hyperarea,GD,HyperVolume
two-hop,0.16724253073102113,1.589653051389743,0.0390559265840692
page_rank,0.9452533626926429,0.13602119439414723,0.22074376520912498
degree_centrality,0.9416952292935779,0.16995987572928095,0.21991283903141895
katz_centrality,0.5959044538525453,0.9384959183799196,0.13916077745927063
betweenness,0.8983238113846976,0.30464068692970403,0.20978436927978292
closeness,0.8642952132557861,0.3873315378676036,0.20183771585094282
eigenvector_centrality,0.8631736067392404,0.39187683636938325,0.20157578856740466
core,0.6158486457748573,0.9055999646785093,0.14381831817030655
