measure,Hyperarea,GD,HyperVolume
two-hop,0.16095472670350466,1.386065590909336,0.03779409289514624
page_rank,0.9440016754360707,0.15387162834195883,0.22166287219589742
degree_centrality,0.9385148570401266,0.18770803928625598,0.2203745016807705
katz_centrality,0.5865360084960469,0.9153316896127287,0.13772566264725422
betweenness,0.9002264719781186,0.29032070213978217,0.2113839314037986
closeness,0.8639173848664636,0.3960717203166362,0.20285812393395208
eigenvector_centrality,0.8563196767004121,0.42554181348141196,0.20107409128018033
core,0.6268815233916176,0.881426424902315,0.14719927158745383
