measure,Hyperarea,GD,HyperVolume
two-hop,0.16764111901231546,3.866221943629306,0.03892342728275169
page_rank,0.9816780838041472,0.18101856658654042,0.22792901726702677
degree_centrality,0.9764339496573349,0.18159394357028658,0.22671141817602183
katz_centrality,0.6227438812530623,1.1555511119779263,0.1445905773031223
betweenness,0.9309515900045046,0.331541232275302,0.21615118492880256
closeness,0.8953991728661679,0.41113433686046935,0.20789651607808673
eigenvector_centrality,0.8903257889733073,0.41855417584500426,0.20671856230281555
core,0.6274661781437991,1.1329890518289956,0.14568701462540393
