measure,Hyperarea,GD,HyperVolume
two-hop,0.1634062597844345,3.73786860021462,0.03794016472652283
page_rank,0.9537390142208853,0.17358088894294513,0.221442038716186
degree_centrality,0.9493366397574207,0.19037785054676254,0.22041988196067352
katz_centrality,0.5945763279117849,1.1939431331352943,0.13805054869515473
betweenness,0.9154186747176563,0.30785426529710547,0.21254470519269217
closeness,0.8769578970261238,0.40585281521703875,0.20361476430149314
eigenvector_centrality,0.8719380574861424,0.44259556378770315,0.20244924261769195
core,0.6220959065094261,1.1521016603984493,0.14444012854709168
