measure,Hyperarea,GD,HyperVolume
two-hop,0.15636640547720268,1.395681281843861,0.0365309627766088
page_rank,0.9037352147496113,0.20106769791524653,0.21113433789805897
degree_centrality,0.8999131995366961,0.25053736211087196,0.21024142298421586
katz_centrality,0.5685358515250087,0.9673011171021305,0.13282368399941064
betweenness,0.869444790890178,0.30929756866374947,0.20312326804082084
closeness,0.8377849569958742,0.42985007101188477,0.19572676743075182
eigenvector_centrality,0.8366111051863285,0.4445580231292712,0.1954525273429983
core,0.5572785718238837,1.0418043897923197,0.13019371201487445
