measure,Hyperarea,GD,HyperVolume
two-hop,0.15714493593961235,3.807264020824911,0.036663791101013504
page_rank,0.9106873766901806,0.21097497170864818,0.21247424575062096
degree_centrality,0.9084957247582711,0.22819381846393438,0.21196290716934754
katz_centrality,0.5646524927884202,1.2083821714176863,0.13174017295865426
betweenness,0.8729914545129076,0.33667357747129023,0.20367933672091665
closeness,0.8401324689663646,0.41682523470619604,0.19601294279822207
eigenvector_centrality,0.8373289802614663,0.45244492204974224,0.1953588553876679
core,0.5482129008710007,1.133062237159056,0.12790461974631404
