measure,Hyperarea,GD,HyperVolume
page_rank,0.9824650544435489,0.7174570739143286,0.5859408067803401
