measure,Hyperarea,GD,HyperVolume
two-hop,0.15543186263308836,1.5596327662609204,0.036446689608271146
page_rank,0.9001868658485584,0.19779204257859087,0.21108176105740417
degree_centrality,0.8996270985732845,0.21495184906064205,0.21095050313004512
katz_centrality,0.5609223361400321,0.9275472903256501,0.13152877365885732
betweenness,0.8626005885559458,0.3055335857791959,0.202268282541432
closeness,0.8327703404586727,0.404098932023771,0.19527348897130342
eigenvector_centrality,0.8321881952382572,0.389947756064149,0.19513698371558563
core,0.5719970878327205,0.9531169901118132,0.13412565457242467
