measure,Hyperarea,GD,HyperVolume
two-hop,0.16262610526275234,3.9569375431255405,0.03794261339236697
page_rank,0.9464845698725733,0.22959054816599866,0.22082615862006413
degree_centrality,0.9398621101748846,0.2602880805776524,0.2192810596483464
katz_centrality,0.5892062736754083,1.2337694014839948,0.13746886340482004
betweenness,0.9027660855876715,0.3682258689570753,0.21062611389389782
closeness,0.8643773368388578,0.45118903477856204,0.2016695601472555
eigenvector_centrality,0.852277848607591,0.48394053635987305,0.19884660497986276
core,0.6291436889571855,1.1780464428701682,0.14678673955685964
