measure,Hyperarea,GD,HyperVolume
two-hop,0.15555406038937528,1.3267011203111088,0.03634117937604639
page_rank,0.9115927804050499,0.15924868822844626,0.21297005470434852
degree_centrality,0.9067761714301369,0.19426863556826912,0.2118447787051015
katz_centrality,0.5697512578950945,0.9447005023634966,0.13310763223450983
betweenness,0.8712247131036273,0.2998426777921511,0.2035391007890786
closeness,0.8376552715303373,0.40306177977244806,0.19569646977890173
eigenvector_centrality,0.8391972172954754,0.4000996084517112,0.19605670549051704
core,0.5421559492948705,1.0371977106446428,0.1266607027408803
