measure,Hyperarea,GD,HyperVolume
two-hop,0.16916008716549114,3.8274034742971415,0.03927610595015312
page_rank,0.9810129233782924,0.1593283639500319,0.22777457828678338
degree_centrality,0.9775162919544783,0.17675326545603554,0.22696271971794732
katz_centrality,0.6210939371991651,1.149156172252227,0.14420748825086083
betweenness,0.9290781191666354,0.3293119431771052,0.21571619674479503
closeness,0.897102096697313,0.41623013842237455,0.20829190613692292
eigenvector_centrality,0.893937486556551,0.4056512329634165,0.20755713728416217
core,0.6193646759148167,1.185926439988738,0.14380598308165907
