measure,Hyperarea,GD,HyperVolume
two-hop,0.16655930843292258,1.5787382305845818,0.0390559265840692
page_rank,0.9413917960688818,0.17647414448511,0.22074376520912498
degree_centrality,0.9378481984225778,0.18367611203933967,0.21991283903141895
katz_centrality,0.5934700538908328,0.9170627192155297,0.13916077745927063
betweenness,0.8946539622370666,0.29980889066233946,0.20978436927978292
closeness,0.8607643783703351,0.4085499114405279,0.20183771585094282
eigenvector_centrality,0.8596473538615983,0.41496259739892616,0.20157578856740466
core,0.6133327694292411,0.9074348089793601,0.14381831817030655
