measure,Hyperarea,GD,HyperVolume
two-hop,0.16871626085633196,1.4462904830379903,0.039540970846194935
page_rank,0.970870216735754,0.14734967892043654,0.2275367575154903
degree_centrality,0.9660784116632979,0.15310365808928716,0.22641373224389552
katz_centrality,0.6181154195798111,0.896448822766005,0.14486383032161412
betweenness,0.9184104955395196,0.278137865473869,0.21524210200397342
closeness,0.8851994207979594,0.3769709290818684,0.20745863091789318
eigenvector_centrality,0.8829176088586943,0.3965366845995862,0.20692385697903845
core,0.6159691035083489,0.8954763050983746,0.14436081169864529
