measure,Hyperarea,GD,HyperVolume
two-hop,0.16896110876458384,3.919883648606205,0.03942064539910369
page_rank,0.9773904792635423,0.13753237295808318,0.22803687654057525
degree_centrality,0.9736138319719307,0.16155169857243498,0.22715573960457458
katz_centrality,0.6173704522432462,1.1241969138245924,0.14403990276646805
betweenness,0.9245846979883101,0.2981848170967277,0.21571665685277755
closeness,0.8918569647958399,0.38070176256237204,0.20808088567247338
eigenvector_centrality,0.8905715670787286,0.3838337966802816,0.2077809870273144
core,0.5941322119987406,1.2502742084266734,0.13861814367009395
