measure,Hyperarea,GD,HyperVolume
two-hop,0.1548276233978685,3.7308776452554984,0.035948350716064344
page_rank,0.914401636883794,0.1895168122710128,0.21230856624060584
degree_centrality,0.9091092315204995,0.19549701028164884,0.211079759391053
katz_centrality,0.5754278759273995,1.140025050114244,0.1336046026004097
betweenness,0.8736095683291579,0.3128685214135055,0.20283733911295376
closeness,0.8398883578969262,0.40683113494820733,0.19500784543098354
eigenvector_centrality,0.8374396974058173,0.4221368125181516,0.19443930795564718
core,0.5429337141723873,1.1843308446056102,0.12606000882987856
