measure,Hyperarea,GD,HyperVolume
two-hop,0.16692157203427066,1.262288240236513,0.03892342728275169
page_rank,0.9774645382087961,0.12067139593850046,0.22792901726702677
degree_centrality,0.9722429128647168,0.12232278189141886,0.22671141817602183
katz_centrality,0.620070948260897,0.8138492820786627,0.1445905773031223
betweenness,0.9269557719901633,0.2425358808895672,0.21615118492880256
closeness,0.8915559524631096,0.3139059542039553,0.20789651607808673
eigenvector_centrality,0.8865043444810164,0.35142683073770326,0.20671856230281555
core,0.6247729761718205,0.7984751041111587,0.14568701462540393
