measure,Hyperarea,GD,HyperVolume
two-hop,0.16218596236794086,4.072029495208508,0.037839922796240065
page_rank,0.9492718269071273,0.214818298352364,0.22147645898799317
degree_centrality,0.9444713202350374,0.23730450608323542,0.2203564434255944
katz_centrality,0.5962622970758096,1.1693955301771919,0.13911511796854067
betweenness,0.9056033186373562,0.338446220588234,0.21128807426326351
closeness,0.8662717059250549,0.4254180126812508,0.20211153908872925
eigenvector_centrality,0.861871411901623,0.4395850249512475,0.20108489791894862
core,0.6324697880049106,1.0821665537233314,0.1475627582044725
