measure,Hyperarea,GD,HyperVolume
two-hop,0.16471525385297747,1.9934608154523783,0.038491330831534415
page_rank,0.9469414995400361,0.1591102376946748,0.22128514320500473
degree_centrality,0.9407637097429165,0.17751045350052688,0.21984149214460652
katz_centrality,0.5943797461089867,0.954915362981851,0.13889707790794797
betweenness,0.8985810355886604,0.3219110803887337,0.20998407318522133
closeness,0.8591596339440815,0.42625190682758335,0.20077191962293695
eigenvector_centrality,0.8570551432130192,0.417342313351085,0.20028013366464606
core,0.631079410944546,0.9306149821480428,0.1474732049365523
