measure,Hyperarea,GD,HyperVolume
two-hop,0.15616743984391213,1.3174545706401026,0.0364157365319446
page_rank,0.9044507496253473,0.2164728519929081,0.21090337548848787
degree_centrality,0.8998130431882978,0.23712669960661847,0.20982193689992612
katz_centrality,0.5654644117110217,0.9271934682839628,0.13185721079657145
betweenness,0.867013796727912,0.32183045391872706,0.20217367988334492
closeness,0.8378711153132427,0.44975635167008565,0.19537807505501636
eigenvector_centrality,0.8360630534110385,0.43184400561758013,0.19495646408457384
core,0.5543862155454481,0.9509359082560289,0.12927395353617235
