measure,Hyperarea,GD,HyperVolume
two-hop,0.1634993357230221,3.7053517436864154,0.03796177538236153
page_rank,0.9527084322176261,0.1730644770475386,0.22120275503746142
degree_centrality,0.9474131249355866,0.21091528725868092,0.2199732744115468
katz_centrality,0.5938595426901977,1.213449818973183,0.13788412331208535
betweenness,0.9068386043089866,0.342229466568557,0.21055255822659963
closeness,0.870945443194093,0.43052473466060226,0.20221877439817615
eigenvector_centrality,0.8671957689722987,0.4610082222240283,0.20134816357926782
core,0.6325407194167042,1.124963184011317,0.1468652371247105
