measure,Hyperarea,GD,HyperVolume
two-hop,0.1563001808824181,1.3101462743934116,0.036446689608271146
page_rank,0.9052157490529525,0.1914079448132373,0.21108176105740417
degree_centrality,0.9046528546444624,0.20989496450070408,0.21095050313004512
katz_centrality,0.5640559220900172,0.9307221376541253,0.13152877365885732
betweenness,0.8674194964699159,0.3110683589673544,0.202268282541432
closeness,0.8374226020469402,0.40052422431907503,0.19527348897130342
eigenvector_centrality,0.8368372046791845,0.41123022663063097,0.19513698371558563
core,0.5751925427511311,0.9177188303822599,0.13412565457242467
