measure,Hyperarea,GD,HyperVolume
page_rank,0.9662028073262519,0.7653268890150207,0.5758714956419516
