measure,Hyperarea,GD,HyperVolume
two-hop,0.1552237471842419,1.6208904956073036,0.03639788932344989
page_rank,0.8986906684981725,0.22151136432880097,0.2107309228219327
degree_centrality,0.8929820060569894,0.2558533095610099,0.20939231795322993
katz_centrality,0.5606281133994004,1.0081901538289133,0.13145978236761344
betweenness,0.8588429609302034,0.3391166442313171,0.20138716920071248
closeness,0.8335301675697655,0.4484590625895355,0.1954516582501425
eigenvector_centrality,0.8249581511741771,0.46146625416631254,0.19344163523687832
core,0.5515102551498089,1.0517443079481446,0.12932176675173204
