measure,Hyperarea,GD,HyperVolume
two-hop,0.156146101643154,1.572304210760915,0.0365309627766088
page_rank,0.9024619467981831,0.21981474544271115,0.21113433789805897
degree_centrality,0.8986453164030787,0.23587270836295215,0.21024142298421586
katz_centrality,0.5677348442530001,1.0204957004095419,0.13282368399941064
betweenness,0.8682198345426673,0.34218437504253746,0.20312326804082084
closeness,0.836604606027447,0.4516771246194296,0.19572676743075182
eigenvector_centrality,0.8354324080517506,0.4512869189816794,0.1954525273429983
core,0.5564934248760385,1.011235415050392,0.13019371201487445
