measure,Hyperarea,GD,HyperVolume
two-hop,0.15614107984943557,1.4239210270594718,0.036663791101013504
page_rank,0.90486982320765,0.20003557944824987,0.21247424575062096
degree_centrality,0.902692171746874,0.18865386440261736,0.21196290716934754
katz_centrality,0.5610454414995579,0.9432576162816313,0.13174017295865426
betweenness,0.8674147059969909,0.3196357405584353,0.20367933672091665
closeness,0.8347656266275747,0.4182332153342653,0.19601294279822207
eigenvector_centrality,0.8319800468625562,0.4193780718690407,0.1953588553876679
core,0.5447108671849498,1.0041656140101178,0.12790461974631404
