measure,Hyperarea,GD,HyperVolume
two-hop,0.1627082356044258,3.9015196747031364,0.03796177538236153
page_rank,0.9480987024570607,0.22338771903927035,0.22120275503746142
degree_centrality,0.9428290167972762,0.256875238892832,0.2199732744115468
katz_centrality,0.5909861221189506,1.2497970588742078,0.13788412331208535
betweenness,0.9024508181186385,0.37105403532028947,0.21055255822659963
closeness,0.8667313279479676,0.45726113356903436,0.20221877439817615
eigenvector_centrality,0.86299979672173,0.4846991522073851,0.20134816357926782
core,0.6294801379413442,1.1591561195222546,0.1468652371247105
