measure,Hyperarea,GD,HyperVolume
two-hop,0.16279756605204307,1.3799248806258129,0.03796177538236153
page_rank,0.9486192297749388,0.13938549990506724,0.22120275503746142
degree_centrality,0.9433466509402818,0.17169853214374073,0.2199732744115468
katz_centrality,0.5913105866712726,0.9427926397429927,0.13788412331208535
betweenness,0.9029462837306625,0.29794294135691507,0.21055255822659963
closeness,0.8672071827638095,0.39495399739572684,0.20221877439817615
eigenvector_centrality,0.8634736028437643,0.4213644018321745,0.20134816357926782
core,0.6298257365662668,0.8877562882014272,0.1468652371247105
