measure,Hyperarea,GD,HyperVolume
two-hop,0.15697394234686626,3.7083696694009975,0.036446689608271146
page_rank,0.9091178525903904,0.19142364192949887,0.21108176105740417
degree_centrality,0.9085525317191869,0.19869389048340433,0.21095050313004512
katz_centrality,0.566487391727176,1.1632112949867093,0.13152877365885732
betweenness,0.8711586721185488,0.313609481423659,0.202268282541432
closeness,0.8410324704138975,0.4008024370991468,0.19527348897130342
eigenvector_centrality,0.8404445495801703,0.4172399920484571,0.19513698371558563
core,0.5776720188960448,1.0665412257373075,0.13412565457242467
