measure,Hyperarea,GD,HyperVolume
two-hop,0.15498189990402278,1.6081897181307132,0.03634117937604639
page_rank,0.908239750812799,0.17600851506896464,0.21297005470434852
degree_centrality,0.9034408583367156,0.20814822342103886,0.2118447787051015
katz_centrality,0.5676555931761444,0.9728328192266006,0.13310763223450983
betweenness,0.8680201657362833,0.2964225191714807,0.2035391007890786
closeness,0.8345741996154212,0.4250095542823009,0.19569646977890173
eigenvector_centrality,0.8361104737803763,0.40695030576942715,0.19605670549051704
core,0.540161785913286,1.0203447612545125,0.1266607027408803
