measure,Hyperarea,GD,HyperVolume
two-hop,0.16506854356420123,1.3792918110505943,0.038491330831534415
page_rank,0.9489725481593516,0.15437917111644625,0.22128514320500473
degree_centrality,0.9427815079223221,0.1708918384946765,0.21984149214460652
katz_centrality,0.5956546022255157,0.9173816592806177,0.13889707790794797
betweenness,0.9005083582084442,0.302947474898222,0.20998407318522133
closeness,0.8610024035229218,0.405127062223833,0.20077191962293695
eigenvector_centrality,0.8588933989723725,0.4228204727967849,0.20028013366464606
core,0.6324329823815354,0.888244580216009,0.1474732049365523
