measure,Hyperarea,GD,HyperVolume
two-hop,0.16878986105726299,1.560620630533352,0.0394172725847477
page_rank,0.9780230267598929,0.10216510659340863,0.2283964214347924
degree_centrality,0.9731847188564635,0.10404553786633576,0.22726653780147563
katz_centrality,0.6158238409343968,0.8927869533743716,0.14381252552878335
betweenness,0.925867057958312,0.25468332523051196,0.2162165071538271
closeness,0.8942326742232589,0.3395019202287829,0.2088289714397473
eigenvector_centrality,0.8920331320792331,0.3479731602950445,0.208315315277525
core,0.615252296770439,0.8848563298223552,0.14367905357754274
