measure,Hyperarea,GD,HyperVolume
two-hop,0.1637640823336193,1.3309227985111276,0.03825923847016586
page_rank,0.947115336822115,0.16385673367592846,0.22126898043741455
degree_centrality,0.9408385333576609,0.19004218651779559,0.21980256779579702
katz_centrality,0.5925571368738022,0.8994491912262159,0.1384356354812205
betweenness,0.9081942727096898,0.28041180630746443,0.21217608135862678
closeness,0.8633373534005964,0.40696608818571633,0.20169642337484878
eigenvector_centrality,0.8597805613205702,0.4349371508432306,0.20086547098016375
core,0.6227493025174741,0.8809667427778339,0.14548925339811372
