measure,Hyperarea,GD,HyperVolume
two-hop,0.1638310091509169,1.6126257550890029,0.03825923847016586
page_rank,0.9475024022530933,0.16894685614131671,0.22126898043741455
degree_centrality,0.941223033595633,0.1703004152340083,0.21980256779579702
katz_centrality,0.592799302082881,0.9036013665288591,0.1384356354812205
betweenness,0.9085654319486035,0.2767130077776998,0.21217608135862678
closeness,0.863690180592578,0.3968884959369585,0.20169642337484878
eigenvector_centrality,0.8601319349290169,0.4320813238420881,0.20086547098016375
core,0.6230038066077352,0.8774316234908585,0.14548925339811372
