measure,Hyperarea,GD,HyperVolume
two-hop,0.16177308247866845,1.3238029187564244,0.03779409289514624
page_rank,0.9488013432599333,0.147383840394655,0.22166287219589742
degree_centrality,0.9432866277676221,0.17706059579648128,0.2203745016807705
katz_centrality,0.5895181832959113,0.93764237589922,0.13772566264725422
betweenness,0.9048035698203938,0.2987648284749701,0.2113839314037986
closeness,0.8683098733360456,0.39524524949609613,0.20285812393395208
eigenvector_centrality,0.8606735354976445,0.44553553313663674,0.20107409128018033
core,0.6300688303164774,0.8788595739872864,0.14719927158745383
