measure,Hyperarea,GD,HyperVolume
two-hop,0.16928343299303253,3.9551082118230547,0.039495847492686774
page_rank,0.9818344004660065,0.21239461039425228,0.22907369645247572
degree_centrality,0.9764822248844508,0.2291401080582137,0.22782496994223353
katz_centrality,0.6196485438595618,1.2211620372537977,0.144571408758883
betweenness,0.9303068477796889,0.35126580529450113,0.21705170276657293
closeness,0.8904272968014346,0.44127143450876793,0.20774732704790005
eigenvector_centrality,0.8902537825490124,0.43996925512499785,0.20770684409968532
core,0.6200337159469487,1.2552244009136502,0.144661274008854
