measure,Hyperarea,GD,HyperVolume
two-hop,0.16770287055965588,1.5229388003038267,0.03923471196191617
page_rank,0.9742969436659489,0.13860630490134923,0.22794040330103224
degree_centrality,0.9689681348509523,0.15426465982489024,0.2266937086066672
katz_centrality,0.6198788111932467,0.8911517485432621,0.14502295951941133
betweenness,0.9217288612350313,0.2745692997018987,0.21564190438038533
closeness,0.8918481336296535,0.3687150002730488,0.20865119672644308
eigenvector_centrality,0.8888689147716494,0.38330472113266323,0.2079541973645644
core,0.6133462481570986,0.9223279747165414,0.1434946420359896
