measure,Hyperarea,GD,HyperVolume
page_rank,1.0189596086016492,0.7686957444393193,0.5859408067803401
