measure,Hyperarea,GD,HyperVolume
page_rank,0.9655815293479935,0.801195063022868,0.5758714956419516
