measure,Hyperarea,GD,HyperVolume
page_rank,0.9597816561278946,0.7460799269776314,0.5758714956419516
