measure,Hyperarea,GD,HyperVolume
two-hop,0.16800811285040748,1.5731940695201216,0.03923471196191617
page_rank,0.9760702981110123,0.12199389314260539,0.22794040330103224
degree_centrality,0.9707317901310328,0.12779202969696318,0.2266937086066672
katz_centrality,0.6210070758895251,0.8961806587241337,0.14502295951941133
betweenness,0.9234065345397059,0.26266005519634,0.21564190438038533
closeness,0.8934714199002055,0.3476528365848801,0.20865119672644308
eigenvector_centrality,0.8904867784541095,0.368805846525106,0.2079541973645644
core,0.6144626226901437,0.9012581078866589,0.1434946420359896
