measure,Hyperarea,GD,HyperVolume
two-hop,0.15666286153199047,1.9389402831693263,0.03660961502463609
page_rank,0.9032316411485846,0.19763996124094874,0.21107084561817277
degree_centrality,0.8964049565188104,0.22907952919981317,0.2094755581725927
katz_centrality,0.571514289340832,0.9262991778841514,0.13355378491904984
betweenness,0.8665451810575409,0.3356355609724723,0.20249780432800374
closeness,0.8273168581326834,0.4393168219099174,0.1933307701866806
eigenvector_centrality,0.8272231066904199,0.4441814986874486,0.19330886196812958
core,0.5430086172365427,0.9687593010886194,0.12689246345746374
