measure,Hyperarea,GD,HyperVolume
two-hop,0.1691706393912179,1.5114941722353343,0.03957810195363685
page_rank,0.9692632742737746,0.1515100382539772,0.22676275757526504
degree_centrality,0.96671830117842,0.15796108846603052,0.22616735162893958
katz_centrality,0.6211117459766012,0.8939454770293913,0.145311409209815
betweenness,0.9179811088451426,0.27218605485376457,0.21476510373272106
closeness,0.8860233841268113,0.37015795652692984,0.20728847485870358
eigenvector_centrality,0.881888569060739,0.3879553371895046,0.20632111945451906
core,0.6169281565645266,0.925985110937567,0.14433264286549485
