measure,Hyperarea,GD,HyperVolume
two-hop,0.1681884562096786,1.4275160512797003,0.0394172725847477
page_rank,0.9745382926315616,0.13409547547126838,0.2283964214347924
degree_centrality,0.9697172238075946,0.13847070001702744,0.22726653780147563
katz_centrality,0.6136296366091125,0.9024125462125372,0.14381252552878335
betweenness,0.9225681575777618,0.2727752620352537,0.2162165071538271
closeness,0.8910464883837922,0.3579552034920762,0.2088289714397473
eigenvector_centrality,0.8888547832940751,0.36912187099829724,0.208315315277525
core,0.6130601288792668,0.9020582042737912,0.14367905357754274
