measure,Hyperarea,GD,HyperVolume
two-hop,0.1642375812809732,1.4809572935320239,0.038491330831534415
page_rank,0.9441953787586141,0.16745403608119927,0.22128514320500473
degree_centrality,0.93803550448949,0.1804032144911441,0.21984149214460652
katz_centrality,0.5926560508504739,0.9491131063225771,0.13889707790794797
betweenness,0.8959751596640967,0.31255430172115933,0.20998407318522133
closeness,0.8566680796860003,0.4435487906222938,0.20077191962293695
eigenvector_centrality,0.8545696919567959,0.4470830472888985,0.20028013366464606
core,0.6292492870287982,0.9162532323076223,0.1474732049365523
