measure,Hyperarea,GD,HyperVolume
two-hop,0.15825382192111753,1.3081588032374927,0.03697190876910759
page_rank,0.8995188913079676,0.19051745898517491,0.21014930307404567
degree_centrality,0.8930047903179441,0.2390500966689097,0.20862745200850902
katz_centrality,0.5695337052383534,0.9164301308331525,0.13305680668805625
betweenness,0.8614097851290788,0.3207489913843361,0.20124609694724252
closeness,0.8307006787323513,0.40892654240650594,0.194071709205463
eigenvector_centrality,0.8257801496904973,0.4328741665857567,0.19292215497275794
core,0.5309173259418144,1.0197396348204673,0.12403508932911277
