measure,Hyperarea,GD,HyperVolume
two-hop,0.1686278456288106,1.5615179917017572,0.039540970846194935
page_rank,0.970361435242668,0.12608531229966874,0.2275367575154903
degree_centrality,0.9655721413006363,0.13328346004867245,0.22641373224389552
katz_centrality,0.6177914981321734,0.8980864859192162,0.14486383032161412
betweenness,0.9179292053988483,0.27660480724212055,0.21524210200397342
closeness,0.8847355348168788,0.3621150112223384,0.20745863091789318
eigenvector_centrality,0.8824549186540063,0.37994106812699974,0.20692385697903845
core,0.6156463068309191,0.8963255432159014,0.14436081169864529
