measure,Hyperarea,GD,HyperVolume
two-hop,0.16247517960248695,1.572533772587741,0.03794261339236697
page_rank,0.945606181938433,0.15234497786406928,0.22082615862006413
degree_centrality,0.9389898682349611,0.18884226036388552,0.2192810596483464
katz_centrality,0.5886594589697169,0.920176259099767,0.13746886340482004
betweenness,0.9019282707281666,0.28875227862057695,0.21062611389389782
closeness,0.8635751487764302,0.40085809542656925,0.2016695601472555
eigenvector_centrality,0.8514868895126606,0.421152355910013,0.19884660497986276
core,0.6285598102096482,0.857882814666846,0.14678673955685964
