measure,Hyperarea,GD,HyperVolume
page_rank,0.9660629031447943,0.7953733979377288,0.5758714956419516
