measure,Hyperarea,GD,HyperVolume
two-hop,0.1696359844234379,3.938601103131113,0.03957810195363685
page_rank,0.9719294688996254,0.22055806616744186,0.22676275757526504
degree_centrality,0.9693774952361383,0.2318152450816595,0.22616735162893958
katz_centrality,0.6228202650581854,1.1778422487849793,0.145311409209815
betweenness,0.9205062393891316,0.383225576485388,0.21476510373272106
closeness,0.888460607168102,0.4568134789295321,0.20728847485870358
eigenvector_centrality,0.8843144182864724,0.4615960684859917,0.20632111945451906
core,0.6186251676648397,1.240655767111709,0.14433264286549485
