measure,Hyperarea,GD,HyperVolume
two-hop,0.1561266802203111,1.5477974819353575,0.03660961502463609
page_rank,0.9001403154740407,0.19432836175179874,0.21107084561817277
degree_centrality,0.8933369952886755,0.2307015167269132,0.2094755581725927
katz_centrality,0.5695582719522457,0.943272816287207,0.13355378491904984
betweenness,0.8635794154174565,0.3046930905470401,0.20249780432800374
closeness,0.8244853520958972,0.43157445312177267,0.1933307701866806
eigenvector_centrality,0.8243919215195415,0.4142104287063062,0.19330886196812958
core,0.5411501609962063,1.0011202911105288,0.12689246345746374
