measure,Hyperarea,GD,HyperVolume
two-hop,0.16270488961275928,1.3460453663437344,0.03794016472652283
page_rank,0.949645388327851,0.15829845702791118,0.221442038716186
degree_centrality,0.9452619096774187,0.1553594856844508,0.22041988196067352
katz_centrality,0.5920242953168793,0.9171012125542659,0.13805054869515473
betweenness,0.9114895268754107,0.28613171391081316,0.21254470519269217
closeness,0.8731938300215883,0.3573380509144476,0.20361476430149314
eigenvector_centrality,0.8681955365700161,0.39921011574549164,0.20244924261769195
core,0.6194257547458244,0.8910852867600221,0.14444012854709168
