measure,Hyperarea,GD,HyperVolume
two-hop,0.1670899301285243,1.3416858694943066,0.03923471196191617
page_rank,0.9707359671203007,0.12431560677377546,0.22794040330103224
degree_centrality,0.9654266346706257,0.12643231460351484,0.2266937086066672
katz_centrality,0.6176132042628814,0.870165596304897,0.14502295951941133
betweenness,0.9183600167799159,0.26784916241656465,0.21564190438038533
closeness,0.888588500817725,0.3515943084072812,0.20865119672644308
eigenvector_centrality,0.8856201707637417,0.3724695388592473,0.2079541973645644
core,0.6111045172163952,0.8687103280615838,0.1434946420359896
