measure,Hyperarea,GD,HyperVolume
two-hop,0.16740303322762318,1.4523892689799913,0.03923319793137549
page_rank,0.9752300570663991,0.1441031720390824,0.2285585459224471
degree_centrality,0.9697763609721053,0.16346636408695797,0.22728039740745537
katz_centrality,0.6148414758540997,0.9279329798357364,0.14409653668463226
betweenness,0.9240639424667062,0.25699489730623093,0.21656706486762264
closeness,0.891102924020784,0.37392234797151463,0.20884219790568279
eigenvector_centrality,0.8858388662091673,0.39976180289885466,0.2076084937244417
core,0.6169401656174368,0.9179551110503726,0.14458839342876664
