measure,Hyperarea,GD,HyperVolume
page_rank,0.9588386749048102,0.7562955712991117,0.5758714956419516
