measure,Hyperarea,GD,HyperVolume
two-hop,0.16800162957574535,1.6061725518253407,0.03923319793137549
page_rank,0.9787172647918718,0.10284857518708852,0.2285585459224471
degree_centrality,0.9732440674824396,0.12171335034577721,0.22728039740745537
katz_centrality,0.6170400134494125,0.9269711719505299,0.14409653668463226
betweenness,0.9273681914443209,0.2742899044420414,0.21656706486762264
closeness,0.8942893116616492,0.35066296413824505,0.20884219790568279
eigenvector_centrality,0.8890064307395932,0.3773283816591888,0.2076084937244417
core,0.6191462076647536,0.9352979253289855,0.14458839342876664
