measure,Hyperarea,GD,HyperVolume
two-hop,0.16207846636523324,1.3562059098049748,0.03779409289514624
page_rank,0.9505924239350562,0.1321794531770339,0.22166287219589742
degree_centrality,0.9450672981493603,0.15405239106731586,0.2203745016807705
katz_centrality,0.5906310344035067,0.918591149460742,0.13772566264725422
betweenness,0.9065115945825842,0.28609648534711096,0.2113839314037986
closeness,0.8699490078558252,0.3859266863095191,0.20285812393395208
eigenvector_centrality,0.8622982546740772,0.4167084221745221,0.20107409128018033
core,0.6312582300933578,0.8848394525952693,0.14719927158745383
