measure,Hyperarea,GD,HyperVolume
page_rank,0.9756042988716189,0.6878162679956786,0.5859408067803401
