measure,Hyperarea,GD,HyperVolume
two-hop,0.15621441568666314,3.92553656625563,0.036446689608271146
page_rank,0.9047190381375864,0.24188044086476232,0.21108176105740417
degree_centrality,0.9041564526010941,0.23322408415674423,0.21095050313004512
katz_centrality,0.5637464127452315,1.1755351876469589,0.13152877365885732
betweenness,0.8669435251530792,0.33670956379346934,0.202268282541432
closeness,0.8369630906568144,0.4002277686868642,0.19527348897130342
eigenvector_centrality,0.8363780145089035,0.43095379571151926,0.19513698371558563
core,0.5748769225084203,1.0705848350040699,0.13412565457242467
