measure,Hyperarea,GD,HyperVolume
two-hop,0.15691273147313115,3.8695426940610944,0.03660961502463609
page_rank,0.9046722533958218,0.20758763085299006,0.21107084561817277
degree_centrality,0.8978346805231676,0.21900190058856467,0.2094755581725927
katz_centrality,0.5724258279176344,1.18414701298012,0.13355378491904984
betweenness,0.8679272801157939,0.33517639137250715,0.20249780432800374
closeness,0.8286363898495486,0.4209428546179771,0.1933307701866806
eigenvector_centrality,0.828542488878117,0.4690404185522513,0.19330886196812958
core,0.5438746905987996,1.2353179863731425,0.12689246345746374
