measure,Hyperarea,GD,HyperVolume
two-hop,0.15767565339909598,3.657902533597406,0.03660961502463609
page_rank,0.9090708403775662,0.2001263731422314,0.21107084561817277
degree_centrality,0.9022000226928694,0.19751098652857396,0.2094755581725927
katz_centrality,0.5752090068923864,1.1695654885520566,0.13355378491904984
betweenness,0.8721472101745396,0.32102427135375955,0.20249780432800374
closeness,0.8326652845385484,0.42583541547174353,0.1933307701866806
eigenvector_centrality,0.8325709270132776,0.42882593989180867,0.19330886196812958
core,0.5465190517194025,1.1917114917177585,0.12689246345746374
