measure,Hyperarea,GD,HyperVolume
two-hop,0.16114990374415675,1.2915785203867327,0.037839922796240065
page_rank,0.943207792460353,0.1584259610592484,0.22147645898799317
degree_centrality,0.9384379518598734,0.1819782914365789,0.2203564434255944
katz_centrality,0.5924533194928961,0.8344066600975472,0.13911511796854067
betweenness,0.8998182425783494,0.26764736304768955,0.21128807426326351
closeness,0.8607378837720148,0.3819572678104663,0.20211153908872925
eigenvector_centrality,0.856365699225529,0.3942309744594402,0.20108489791894862
core,0.628429513689068,0.8102634920154475,0.1475627582044725
