measure,Hyperarea,GD,HyperVolume
two-hop,0.1681641781363418,3.9647212542562125,0.03923471196191617
page_rank,0.976976984625028,0.21087591320387614,0.22794040330103224
degree_centrality,0.971633517623962,0.21627923573764657,0.2266937086066672
katz_centrality,0.6215839387875224,1.1942249551424982,0.14502295951941133
betweenness,0.9242643008844471,0.3776083291881307,0.21564190438038533
closeness,0.8943013790626243,0.43039969409355355,0.20865119672644308
eigenvector_centrality,0.8913139651377903,0.43845062798925366,0.2079541973645644
core,0.615033406346237,1.2108436930660993,0.1434946420359896
