measure,Hyperarea,GD,HyperVolume
two-hop,0.15551414972999641,2.033766326447096,0.03634117937604639
page_rank,0.9113588921422819,0.17792897399722174,0.21297005470434852
degree_centrality,0.9065435189695054,0.18661528156255539,0.2118447787051015
katz_centrality,0.5696050762504135,0.9590457914728331,0.13310763223450983
betweenness,0.8710011821158788,0.3192000168839751,0.2035391007890786
closeness,0.8374403534874699,0.4141978242705254,0.19569646977890173
eigenvector_centrality,0.8389819036340554,0.4188922929846089,0.19605670549051704
core,0.5420168478058554,0.986339677461022,0.1266607027408803
