measure,Hyperarea,GD,HyperVolume
two-hop,0.15676376213081986,3.6046017734108577,0.03639788932344989
page_rank,0.9076068110790791,0.21226360027793933,0.2107309228219327
degree_centrality,0.9018415115211929,0.23609488090431127,0.20939231795322993
katz_centrality,0.5661902499266297,1.239519242631447,0.13145978236761344
betweenness,0.8673637640971691,0.3445675739539332,0.20138716920071248
closeness,0.8417998359662993,0.44639975531410764,0.1954516582501425
eigenvector_centrality,0.8331427743787799,0.4758402637492831,0.19344163523687832
core,0.5569819310468842,1.1517785860323324,0.12932176675173204
