measure,Hyperarea,GD,HyperVolume
two-hop,0.16318919733708998,1.3702282747401915,0.03831877329706302
page_rank,0.9454206977112931,0.16390016983748015,0.2219960755804046
degree_centrality,0.9385305272521602,0.1759603688795909,0.22037818123378156
katz_centrality,0.5951747390345805,0.8976934159008131,0.13975413979207837
betweenness,0.9043621016387114,0.26158007541960276,0.212355026660046
closeness,0.8628249528101142,0.40202684194890986,0.20260160783489176
eigenvector_centrality,0.8591224730432403,0.4293317403483572,0.20173222134890553
core,0.618529601835423,0.8760228861212319,0.14523814061843757
