measure,Hyperarea,GD,HyperVolume
two-hop,0.1540165456500041,1.4365837573183649,0.03611481673545128
page_rank,0.9046989091812226,0.18917511551507862,0.21213977477517632
degree_centrality,0.9058934766520028,0.22047936171827573,0.21241988484454116
katz_centrality,0.5642273959599076,0.8772965448897958,0.13230376591174
betweenness,0.869845625787368,0.26855181399350264,0.20396714671703123
closeness,0.8387768593313049,0.3736555907652274,0.19668193718306953
eigenvector_centrality,0.8383106176673772,0.3687792479247208,0.1965726097586937
core,0.5399608875334323,0.9327549755019708,0.12661359476205733
