measure,Hyperarea,GD,HyperVolume
two-hop,0.1681853672636371,1.533184957439125,0.03927610595015312
page_rank,0.975360213945379,0.12762849602204793,0.22777457828678338
degree_centrality,0.971883730514483,0.1338499700436669,0.22696271971794732
katz_centrality,0.6175151224110369,0.8761045871795412,0.14420748825086083
betweenness,0.9237246640561347,0.25673271930891006,0.21571619674479503
closeness,0.891932891110475,0.33910690108276365,0.20829190613692292
eigenvector_centrality,0.8887865158177644,0.3609473772847615,0.20755713728416217
core,0.6157958253293417,0.8731062894552778,0.14380598308165907
