measure,Hyperarea,GD,HyperVolume
page_rank,0.9597302298219936,0.7507079376939104,0.5758714956419516
