measure,Hyperarea,GD,HyperVolume
two-hop,0.16173157619863107,1.9866325060779353,0.03779409289514624
page_rank,0.9485579083593317,0.14406686815276343,0.22166287219589742
degree_centrality,0.9430446077830378,0.16783825984285775,0.2203745016807705
katz_centrality,0.5893669300315975,0.9548534397153218,0.13772566264725422
betweenness,0.9045714234721115,0.29983017571051673,0.2113839314037986
closeness,0.868087090211624,0.3954598727916842,0.20285812393395208
eigenvector_centrality,0.8604527116359872,0.4136136334249427,0.20107409128018033
core,0.6299071729324848,0.9287828848599822,0.14719927158745383
