measure,Hyperarea,GD,HyperVolume
two-hop,0.16240880665687057,1.2975541238207464,0.03794261339236697
page_rank,0.9452198911348663,0.18163934385638986,0.22082615862006413
degree_centrality,0.9386062802702568,0.20011401745982077,0.2192810596483464
katz_centrality,0.5884189849332989,0.910239460286172,0.13746886340482004
betweenness,0.9015598228445615,0.3048986870535745,0.21062611389389782
closeness,0.8632223685762445,0.4200779132201351,0.2016695601472555
eigenvector_centrality,0.8511390475028907,0.45996979874608346,0.19884660497986276
core,0.6283030364291746,0.8723720333793052,0.14678673955685964
