measure,Hyperarea,GD,HyperVolume
two-hop,0.1622618947564203,1.5850113047659837,0.03796177538236153
page_rank,0.9454978803334874,0.1556324241788841,0.22120275503746142
degree_centrality,0.9402426504629711,0.17048754311946576,0.2199732744115468
katz_centrality,0.5893649303831656,0.9544196694626544,0.13788412331208535
betweenness,0.8999752171636776,0.3199289799415102,0.21055255822659963
closeness,0.8643537126141639,0.4060334437720322,0.20221877439817615
eigenvector_centrality,0.8606324177155817,0.429708317264875,0.20134816357926782
core,0.6277533495121805,0.9136306944639618,0.1468652371247105
