measure,Hyperarea,GD,HyperVolume
two-hop,0.16637233105403143,1.482905021413078,0.03892342728275169
page_rank,0.974248275777451,0.12960550386132833,0.22792901726702677
degree_centrality,0.9690438317394634,0.14104369295377261,0.22671141817602183
katz_centrality,0.6180306584931325,0.8334556586544745,0.1445905773031223
betweenness,0.9239057042808696,0.24590933566167017,0.21615118492880256
closeness,0.8886223647949535,0.3377879004550568,0.20789651607808673
eigenvector_centrality,0.883587378691543,0.37304004659048773,0.20671856230281555
core,0.6227172147883299,0.8050326892694032,0.14568701462540393
