measure,Hyperarea,GD,HyperVolume
two-hop,0.15831849681487586,1.5363004745957958,0.03697190876910759
page_rank,0.8998865051072599,0.18047588496057787,0.21014930307404567
degree_centrality,0.8933697419458946,0.20850230702468442,0.20862745200850902
katz_centrality,0.5697664612718629,0.9386444918967805,0.13305680668805625
betweenness,0.8617618245658476,0.3174453935734642,0.20124609694724252
closeness,0.8310401680254995,0.40355802476101926,0.194071709205463
eigenvector_centrality,0.8261176280704862,0.4344077936274747,0.19292215497275794
core,0.5311343003013143,1.0173469507329305,0.12403508932911277
