measure,Hyperarea,GD,HyperVolume
two-hop,0.15651951542117656,3.718658079669517,0.03634117937604639
page_rank,0.9172506323093509,0.1750948453090465,0.21297005470434852
degree_centrality,0.9124041287797127,0.1951488665927615,0.2118447787051015
katz_centrality,0.5732874511479934,1.1955876027108785,0.13310763223450983
betweenness,0.8766320183259407,0.30778867338757915,0.2035391007890786
closeness,0.8428542261239332,0.41129242201110405,0.19569646977890173
eigenvector_centrality,0.8444057420622573,0.41467278237245253,0.19605670549051704
core,0.5455208707116277,1.1361740400234486,0.1266607027408803
