measure,Hyperarea,GD,HyperVolume
page_rank,0.9589091983632333,0.7665362035788508,0.5758714956419516
