measure,Hyperarea,GD,HyperVolume
two-hop,0.16249694831464573,1.6392890728425331,0.038103357556074184
page_rank,0.9463970374610451,0.16504955176552888,0.22191742726492417
degree_centrality,0.9440458829739667,0.18189288528292924,0.2213661130339809
katz_centrality,0.5974723630756319,0.9188099836726891,0.1400992653478128
betweenness,0.9010559943794386,0.2965639902618862,0.21128556005497173
closeness,0.8642287447859394,0.3768432082615745,0.20265006336643843
eigenvector_centrality,0.8591634412797108,0.41422390559476036,0.20146231754948843
core,0.6197061457267979,0.9176513369881304,0.14531278953376248
