measure,Hyperarea,GD,HyperVolume
two-hop,0.1540784818145685,3.933490535589436,0.035948350716064344
page_rank,0.9099772565633204,0.19789035906530683,0.21230856624060584
degree_centrality,0.9047104587811946,0.21206522261601876,0.211079759391053
katz_centrality,0.5726436379433324,1.1832739340961214,0.1336046026004097
betweenness,0.8693825625737165,0.34141215855161694,0.20283733911295376
closeness,0.8358245139883154,0.40727721053133276,0.19500784543098354
eigenvector_centrality,0.8333877014695321,0.467483776494112,0.19443930795564718
core,0.5403067008957136,1.2228256880264847,0.12606000882987856
