measure,Hyperarea,GD,HyperVolume
two-hop,0.16235665873711924,2.0230997658618457,0.03794016472652283
page_rank,0.9476128996551874,0.15711456606744512,0.221442038716186
degree_centrality,0.9432388027916973,0.16917902074380498,0.22041988196067352
katz_centrality,0.5907572090034376,0.9662089116300354,0.13805054869515473
betweenness,0.9095387016922464,0.2947683051795307,0.21254470519269217
closeness,0.8713249676121329,0.376471463692723,0.20361476430149314
eigenvector_centrality,0.8663373718114394,0.40609961606903777,0.20244924261769195
core,0.6181000221665363,0.9361543200756259,0.14444012854709168
