measure,Hyperarea,GD,HyperVolume
page_rank,0.9985381400540541,0.7256208241025391,0.5859408067803401
