measure,Hyperarea,GD,HyperVolume
two-hop,0.16478049332875214,3.693677030547603,0.03825923847016586
page_rank,0.9529936614723505,0.17220820594507338,0.22126898043741455
degree_centrality,0.9466779006738788,0.21826010856313321,0.21980256779579702
katz_centrality,0.5962348760983043,1.2122271240982598,0.1384356354812205
betweenness,0.9138310315846807,0.3206619382530134,0.21217608135862678
closeness,0.8686957052809408,0.4362851801885412,0.20169642337484878
eigenvector_centrality,0.8651168377706614,0.4680970273902858,0.20086547098016375
core,0.6266144311175328,1.1419134513986495,0.14548925339811372
