measure,Hyperarea,GD,HyperVolume
two-hop,0.16145810658283974,1.371407780660114,0.037839922796240065
page_rank,0.9450116987137859,0.16616319338846186,0.22147645898799317
degree_centrality,0.9402327356851883,0.1776431781681473,0.2203564434255944
katz_centrality,0.5935863998771375,0.8790943624835978,0.13911511796854067
betweenness,0.9015391653354717,0.2943670682646711,0.21128807426326351
closeness,0.8623840644583011,0.4023207276364522,0.20211153908872925
eigenvector_centrality,0.8580035180099018,0.4164203784704329,0.20108489791894862
core,0.6296313993590628,0.8406614968471899,0.1475627582044725
