measure,Hyperarea,GD,HyperVolume
page_rank,0.9756760554569649,0.6941722101918194,0.5859408067803401
