measure,Hyperarea,GD,HyperVolume
two-hop,0.16341680605722841,3.7422017787968462,0.03794261339236697
page_rank,0.951086451594751,0.18504252244582126,0.22082615862006413
degree_centrality,0.9444317929820363,0.22565456951387647,0.2192810596483464
katz_centrality,0.5920710404848496,1.1977699037872926,0.13746886340482004
betweenness,0.9071554046330174,0.3456866347789,0.21062611389389782
closeness,0.8685800067968041,0.43425145500033,0.2016695601472555
eigenvector_centrality,0.8564216899110496,0.47395518515643725,0.19884660497986276
core,0.6322026345913708,1.1415398785528068,0.14678673955685964
