measure,Hyperarea,GD,HyperVolume
two-hop,0.16482485867065788,1.6225062212351344,0.038491330831534415
page_rank,0.9475716133150708,0.1426434095675615,0.22128514320500473
degree_centrality,0.9413897126933096,0.15968229050019078,0.21984149214460652
katz_centrality,0.5947752582560484,0.9537283109032337,0.13889707790794797
betweenness,0.8991789693456923,0.30006311405872277,0.20998407318522133
closeness,0.8597313359135959,0.42025160035025205,0.20077191962293695
eigenvector_centrality,0.857625444812395,0.41881307284546315,0.20028013366464606
core,0.6314993437811258,0.8943630434089118,0.1474732049365523
