measure,Hyperarea,GD,HyperVolume
two-hop,0.1538031478551041,1.2829119012808459,0.03611481673545128
page_rank,0.9034454026085817,0.20002549722370044,0.21213977477517632
degree_centrality,0.9046383149450836,0.17715943082019825,0.21241988484454116
katz_centrality,0.5634456300683802,0.8552344140708472,0.13230376591174
betweenness,0.8686404102200206,0.28826349401244117,0.20396714671703123
closeness,0.8376146911276288,0.36744058808525754,0.19668193718306953
eigenvector_centrality,0.8371490954653534,0.36552068092202283,0.1965726097586937
core,0.5392127441294519,0.8851948664865734,0.12661359476205733
