measure,Hyperarea,GD,HyperVolume
two-hop,0.16475752585460846,1.3709547161437519,0.038491330831534415
page_rank,0.9471845196105921,0.16781839061403847,0.22128514320500473
degree_centrality,0.9410051443650439,0.18775920994191123,0.21984149214460652
katz_centrality,0.5945322858465594,0.9689743975684108,0.13889707790794797
betweenness,0.8988116445827484,0.31162876200410683,0.20998407318522133
closeness,0.8593801259543709,0.44179173762212154,0.20077191962293695
eigenvector_centrality,0.8572750951334654,0.4441739098912451,0.20028013366464606
core,0.6312413691679936,0.8985167941265197,0.1474732049365523
