measure,Hyperarea,GD,HyperVolume
two-hop,0.16227500607591142,1.2692584249736094,0.037839922796240065
page_rank,0.9497929982964738,0.13611095242808952,0.22147645898799317
degree_centrality,0.9449898560392324,0.17535099379187472,0.2203564434255944
katz_centrality,0.5965896583657726,0.8465053444198247,0.13911511796854067
betweenness,0.9061005150424247,0.27828824905279137,0.21128807426326351
closeness,0.8667473083981626,0.37427098079174126,0.20211153908872925
eigenvector_centrality,0.8623445985152427,0.3844850333572698,0.20108489791894862
core,0.6328170280143482,0.8209108346373719,0.1475627582044725
