measure,Hyperarea,GD,HyperVolume
two-hop,0.16869205282561878,1.937595650868491,0.03942064539910369
page_rank,0.9758340695367326,0.12156040946831558,0.22803687654057525
degree_centrality,0.9720634362289936,0.13068273361221902,0.22715573960457458
katz_centrality,0.6163873432430027,0.8973561711945304,0.14403990276646805
betweenness,0.9231123768968538,0.27226752981908636,0.21571665685277755
closeness,0.8904367597862953,0.34479499416525494,0.20808088567247338
eigenvector_centrality,0.8891534089537735,0.3557454138121138,0.2077809870273144
core,0.5931861078843823,0.9681326798345106,0.13861814367009395
