measure,Hyperarea,GD,HyperVolume
two-hop,0.16423836690704469,3.884555658652978,0.03831877329706302
page_rank,0.9514989592814822,0.21999261000402684,0.2219960755804046
degree_centrality,0.9445644908093959,0.23390954973026118,0.22037818123378156
katz_centrality,0.599001213060989,1.186201117210048,0.13975413979207837
betweenness,0.9101763908976976,0.3444161621698572,0.212355026660046
closeness,0.8683721930653382,0.4546748402410855,0.20260160783489176
eigenvector_centrality,0.8646459094611505,0.47253806756956923,0.20173222134890553
core,0.6225062280272993,1.162618548865321,0.14523814061843757
