measure,Hyperarea,GD,HyperVolume
two-hop,0.15643970319904069,1.4720553702492338,0.036663791101013504
page_rank,0.9066004072270729,0.20287757861045813,0.21247424575062096
degree_centrality,0.904418590958585,0.20328864918591052,0.21196290716934754
katz_centrality,0.5621184536061915,1.010714143656138,0.13174017295865426
betweenness,0.8690736562569182,0.3125996561659289,0.20367933672091665
closeness,0.836362134784167,0.43137391584473295,0.19601294279822207
eigenvector_centrality,0.8335712275347938,0.4315472360892626,0.1953588553876679
core,0.545752639048459,1.0391622417940367,0.12790461974631404
