measure,Hyperarea,GD,HyperVolume
two-hop,0.1635013003709307,1.4615119989212595,0.03831877329706302
page_rank,0.9472288361961095,0.15989630396063254,0.2219960755804046
degree_centrality,0.9403254881300085,0.16968185030833807,0.22037818123378156
katz_centrality,0.5963130241952971,0.925526623475691,0.13975413979207837
betweenness,0.906091714629141,0.2917250633390979,0.212355026660046
closeness,0.8644751250631786,0.4218963478400447,0.20260160783489176
eigenvector_centrality,0.8607655642199415,0.4398617087921654,0.20173222134890553
core,0.6197125536999044,0.8953913021194561,0.14523814061843757
