measure,Hyperarea,GD,HyperVolume
two-hop,0.16398319426182767,3.8939828960640255,0.03825923847016586
page_rank,0.9483825516150635,0.23005074691135302,0.22126898043741455
degree_centrality,0.9420973499567533,0.243249898017593,0.21980256779579702
katz_centrality,0.5933499623516718,1.2548879667059314,0.1384356354812205
betweenness,0.9094094121679002,0.35423382603185755,0.21217608135862678
closeness,0.8644924755098055,0.46298609604358754,0.20169642337484878
eigenvector_centrality,0.8609309245378429,0.48604568255955904,0.20086547098016375
core,0.6235825242992017,1.1869638122763537,0.14548925339811372
