measure,Hyperarea,GD,HyperVolume
two-hop,0.15620854081636126,1.4197389027746161,0.03660961502463609
page_rank,0.9006122785148836,0.219480569756624,0.21107084561817277
degree_centrality,0.8938053912015637,0.25272887942536326,0.2094755581725927
katz_centrality,0.56985690367593,0.971317152385542,0.13355378491904984
betweenness,0.8640322087874491,0.323616716581689,0.20249780432800374
closeness,0.8249176476027379,0.462447967941619,0.1933307701866806
eigenvector_centrality,0.8248241680387097,0.4398998060356944,0.19330886196812958
core,0.5414338977327415,1.0030616859734618,0.12689246345746374
