measure,Hyperarea,GD,HyperVolume
two-hop,0.1618114329759155,1.5722790841927958,0.03794261339236697
page_rank,0.9417431739709248,0.19435963814776208,0.22082615862006413
degree_centrality,0.9351538893552912,0.2003306618034311,0.2192810596483464
katz_centrality,0.5862546563958934,0.9065841269099575,0.13746886340482004
betweenness,0.8982436965761644,0.2965352890063988,0.21062611389389782
closeness,0.8600472555117871,0.395111592282453,0.2016695601472555
eigenvector_centrality,0.8480083794296647,0.4417169334547131,0.19884660497986276
core,0.6259920059785912,0.8756398617605063,0.14678673955685964
