measure,Hyperarea,GD,HyperVolume
two-hop,0.1682020350837713,1.3585050858924852,0.039495847492686774
page_rank,0.9755623533487413,0.11529549055646351,0.22907369645247572
degree_centrality,0.970244367949778,0.12299911415428622,0.22782496994223353
katz_centrality,0.6156901728130928,0.8821760052157017,0.144571408758883
betweenness,0.9243639633380567,0.2640608872427145,0.21705170276657293
closeness,0.8847391665450625,0.36464822042292455,0.20774732704790005
eigenvector_centrality,0.8845667607174076,0.3711404608051998,0.20770684409968532
core,0.6160728843862837,0.8991569076973087,0.144661274008854
