measure,Hyperarea,GD,HyperVolume
two-hop,0.16821178641474796,3.624699594366949,0.0390559265840692
page_rank,0.9507315875816531,0.18042653022126467,0.22074376520912498
degree_centrality,0.9471528329864998,0.20117354289065303,0.21991283903141895
katz_centrality,0.5993580238046985,1.2149043418674432,0.13916077745927063
betweenness,0.9035300556110071,0.35676569287896104,0.20978436927978292
closeness,0.8693042444167255,0.429458744624999,0.20183771585094282
eigenvector_centrality,0.8681761376189038,0.4411881200287911,0.20157578856740466
core,0.6194178024817286,1.1187793353110966,0.14381831817030655
