measure,Hyperarea,GD,HyperVolume
two-hop,0.16293565475785257,1.3808835130398007,0.03825923847016586
page_rank,0.9423241979394349,0.16692022417125027,0.22126898043741455
degree_centrality,0.9360791467188398,0.20693661230637633,0.21980256779579702
katz_centrality,0.5895595890268719,0.9099963530444559,0.1384356354812205
betweenness,0.9036000224385382,0.28938607088074186,0.21217608135862678
closeness,0.8589700192418795,0.4043236471152519,0.20169642337484878
eigenvector_centrality,0.8554312197802492,0.4348918958185599,0.20086547098016375
core,0.619599022629214,0.8871164801915606,0.14548925339811372
