measure,Hyperarea,GD,HyperVolume
two-hop,0.16881905507906456,1.536935276461757,0.039495847492686774
page_rank,0.9791410346552532,0.12207165022141642,0.22907369645247572
degree_centrality,0.9738035411491245,0.13377673009684146,0.22782496994223353
katz_centrality,0.617948725436086,0.8864028970360089,0.144571408758883
betweenness,0.9277548322298871,0.24503715491609962,0.21705170276657293
closeness,0.887984678741782,0.3773985126844338,0.20774732704790005
eigenvector_centrality,0.8878116404732477,0.37951899199291494,0.20770684409968532
core,0.6183328409203115,0.9018271651778192,0.144661274008854
