measure,Hyperarea,GD,HyperVolume
two-hop,0.1555772991982247,1.57361493324519,0.03639788932344989
page_rank,0.9007376097784776,0.2378834416708667,0.2107309228219327
degree_centrality,0.8950159447578578,0.2571856161535062,0.20939231795322993
katz_centrality,0.5619050520262747,1.0308363606232072,0.13145978236761344
betweenness,0.8607991413732088,0.3566492977214544,0.20138716920071248
closeness,0.8354286932451567,0.4666858333755413,0.1954516582501425
eigenvector_centrality,0.8268371524293971,0.4853977442726612,0.19344163523687832
core,0.5527664260964421,1.0368185541788668,0.12932176675173204
