measure,Hyperarea,GD,HyperVolume
two-hop,0.16660706289827934,1.2364157024753832,0.03892342728275169
page_rank,0.9756228258187936,0.14082420159710204,0.22792901726702677
degree_centrality,0.9704110389207307,0.14102554891760521,0.22671141817602183
katz_centrality,0.618902627259518,0.8286944105618099,0.1445905773031223
betweenness,0.925209226858831,0.2504078058802052,0.21615118492880256
closeness,0.8898761067195077,0.3376625838938053,0.20789651607808673
eigenvector_centrality,0.8848340168412908,0.3790709431015126,0.20671856230281555
core,0.6235957957359317,0.8016528037965711,0.14568701462540393
