measure,Hyperarea,GD,HyperVolume
two-hop,0.165764253637203,1.2837294229211718,0.03892342728275169
page_rank,0.9706874771089999,0.1214640664259299,0.22792901726702677
degree_centrality,0.9655020548931302,0.13841093915759412,0.22671141817602183
katz_centrality,0.6157718064114411,0.8146599441769712,0.1445905773031223
betweenness,0.9205289036404452,0.25642106812286164,0.21615118492880256
closeness,0.8853745219072742,0.34682891318519354,0.20789651607808673
eigenvector_centrality,0.8803579382709333,0.36058172342823946,0.20671856230281555
core,0.620441233722343,0.8304408871790325,0.14568701462540393
