measure,Hyperarea,GD,HyperVolume
two-hop,0.15733690237451772,3.6019080066355866,0.0365309627766088
page_rank,0.9093442982303767,0.20749001820851082,0.21113433789805897
degree_centrality,0.9054985614649049,0.22146049362118794,0.21024142298421586
katz_centrality,0.5720645012898575,1.1861031927133256,0.13282368399941064
betweenness,0.8748410489250835,0.33482364429746014,0.20312326804082084
closeness,0.8429847164896119,0.4198110161281752,0.19572676743075182
eigenvector_centrality,0.8418035791027352,0.4503716839185416,0.1954525273429983
core,0.5607373526486057,1.2189944575656173,0.13019371201487445
