measure,Hyperarea,GD,HyperVolume
two-hop,0.15538128610694588,1.4089664492983607,0.0364157365319446
page_rank,0.8998977049098129,0.23634679735719324,0.21090337548848787
degree_centrality,0.8952833448902373,0.24329608498179423,0.20982193689992612
katz_centrality,0.5626178390782607,0.9747426041334641,0.13185721079657145
betweenness,0.8626492112741184,0.3374443017767419,0.20217367988334492
closeness,0.8336532353950092,0.447829059056131,0.19537807505501636
eigenvector_centrality,0.8318542753556677,0.4337597540792972,0.19495646408457384
core,0.55159541103774,1.0008181606978328,0.12927395353617235
