measure,Hyperarea,GD,HyperVolume
two-hop,0.16825650401800543,1.32398025097159,0.03923471196191617
page_rank,0.9775133667634252,0.11506384984543107,0.22794040330103224
degree_centrality,0.9721669660798858,0.12282951772867323,0.2266937086066672
katz_centrality,0.6219252022231274,0.8560946335873136,0.14502295951941133
betweenness,0.9247717425846657,0.2579628988880364,0.21564190438038533
closeness,0.8947923704509805,0.34559125796457246,0.20865119672644308
eigenvector_centrality,0.8918033163693214,0.36343106033526174,0.2079541973645644
core,0.6153710733935405,0.8767371253456935,0.1434946420359896
