measure,Hyperarea,GD,HyperVolume
two-hop,0.1697291183595552,1.3162763035207983,0.03957810195363685
page_rank,0.9724630798393955,0.12011550741108669,0.22676275757526504
degree_centrality,0.9699097050854915,0.13604304633603354,0.22616735162893958
katz_centrality,0.623162207264467,0.8575082471196652,0.145311409209815
betweenness,0.9210116178298334,0.2622707389102843,0.21476510373272106
closeness,0.8889483918425152,0.3450478339929654,0.20728847485870358
eigenvector_centrality,0.8847999266107837,0.3690862335674118,0.20632111945451906
core,0.6189648066691563,0.8647844361162698,0.14433264286549485
