measure,Hyperarea,GD,HyperVolume
two-hop,0.1550631602669872,1.4649973164399632,0.03634117937604639
page_rank,0.9087159605628113,0.2008307881895678,0.21297005470434852
degree_centrality,0.9039145519235846,0.21352331405932626,0.2118447787051015
katz_centrality,0.5679532272841844,1.0185080493708414,0.13310763223450983
betweenness,0.8684752874877383,0.32187826540118153,0.2035391007890786
closeness,0.8350117849232763,0.4261606652759505,0.19569646977890173
eigenvector_centrality,0.8365488645900115,0.41384077815355474,0.19605670549051704
core,0.540445004423383,1.0475164378432984,0.1266607027408803
