measure,Hyperarea,GD,HyperVolume
two-hop,0.16392407278121104,1.40305831463668,0.038491330831534415
page_rank,0.9423930307553848,0.15542291050982293,0.22128514320500473
degree_centrality,0.936244914897008,0.18251010691888508,0.21984149214460652
katz_centrality,0.5915247463833238,0.9374650831844478,0.13889707790794797
betweenness,0.894264857880914,0.31707716448057544,0.20998407318522133
closeness,0.8550328100822852,0.4508230123417359,0.20077191962293695
eigenvector_centrality,0.8529384279064003,0.4368616164226562,0.20028013366464606
core,0.6280481307622838,0.8892301824204487,0.1474732049365523
