measure,Hyperarea,GD,HyperVolume
two-hop,0.15775440184583955,1.4327479213452914,0.03697190876910759
page_rank,0.8966801744481946,0.2417155253030005,0.21014930307404567
degree_centrality,0.8901866307677344,0.2359582555602457,0.20862745200850902
katz_centrality,0.5677363611837797,0.9707901513166808,0.13305680668805625
betweenness,0.8586913336281173,0.32529007757472606,0.20124609694724252
closeness,0.8280791395463166,0.4266285207884071,0.194071709205463
eigenvector_centrality,0.8231741387928455,0.44245946385416346,0.19292215497275794
core,0.5292418481070963,1.0340507958447187,0.12403508932911277
