measure,Hyperarea,GD,HyperVolume
two-hop,0.16740949340212521,1.4383388626116953,0.03923471196191617
page_rank,0.9725925216308957,0.1452323036837874,0.22794040330103224
degree_centrality,0.9672730349627292,0.1580195435364938,0.2266937086066672
katz_centrality,0.6187944034962617,0.8708838730431423,0.14502295951941133
betweenness,0.9201164010999083,0.2790132403042406,0.21564190438038533
closeness,0.8902879464395349,0.3681020663481811,0.20865119672644308
eigenvector_centrality,0.8873139393871325,0.3965781516301027,0.2079541973645644
core,0.6122732684384693,0.9165846956066652,0.1434946420359896
