measure,Hyperarea,GD,HyperVolume
page_rank,0.8699114754597225,0.8096992259961054,0.19281979519868864
