measure,Hyperarea,GD,HyperVolume
page_rank,0.7308915452862497,0.5762867049149456,0.19194765804167627
