measure,Hyperarea,GD,HyperVolume
page_rank,0.8848557154081031,0.4324873607084763,0.23154229785622835
