measure,Hyperarea,GD,HyperVolume
page_rank,0.874596579282383,0.9059041041877652,0.19238288374805013
