measure,Hyperarea,GD,HyperVolume
page_rank,0.7399707444527217,0.5653674284985172,0.1943320487602961
