measure,Hyperarea,GD,HyperVolume
page_rank,0.9310870816737106,0.4308440052119868,0.20606432231705377
