measure,Hyperarea,GD,HyperVolume
page_rank,0.9318833133875449,0.5104511880582647,0.20606432231705377
