measure,Hyperarea,GD,HyperVolume
page_rank,0.7859814632779599,1.131492703805609,0.17316353002870924
