measure,Hyperarea,GD,HyperVolume
page_rank,0.7343854401544411,0.6295053413732268,0.19019379641526651
