measure,Hyperarea,GD,HyperVolume
page_rank,0.7884250923736238,1.2372835266153277,0.17342795122136814
