measure,Hyperarea,GD,HyperVolume
page_rank,0.7517344575663902,0.5929201702468373,0.1946869076688873
