measure,Hyperarea,GD,HyperVolume
page_rank,0.8829520084086048,0.3034066717144445,0.23154229785622835
