measure,Hyperarea,GD,HyperVolume
page_rank,0.8711610822281166,0.8099111045006775,0.19192988037289438
