measure,Hyperarea,GD,HyperVolume
page_rank,0.9018056943197922,0.2931402532276499,0.2335528991363397
