measure,Hyperarea,GD,HyperVolume
page_rank,0.7236127256048119,0.6260383277822373,0.18975771236595984
