measure,Hyperarea,GD,HyperVolume
page_rank,0.8502881204323177,0.8310288054513798,0.18826927581526534
