measure,Hyperarea,GD,HyperVolume
page_rank,0.9306112831274873,0.4377087885917112,0.20627418086122162
