measure,Hyperarea,GD,HyperVolume
page_rank,0.7431723669678951,0.5665418824900238,0.1946869076688873
