measure,Hyperarea,GD,HyperVolume
page_rank,0.7330074103968066,0.6133826097738553,0.19113969720320018
