measure,Hyperarea,GD,HyperVolume
page_rank,0.9368729329844746,0.19837165815059815,0.24654188644753294
