measure,Hyperarea,GD,HyperVolume
page_rank,0.9379174281690825,0.45487909369317425,0.20862420577494048
