measure,Hyperarea,GD,HyperVolume
page_rank,0.9447240467562104,0.1541178309016761,0.24634712511270765
