measure,Hyperarea,GD,HyperVolume
page_rank,0.9486278889460836,0.4547965085659725,0.20803923417933018
