measure,Hyperarea,GD,HyperVolume
page_rank,0.8878902314242869,0.2902946384861499,0.23317885070517058
