measure,Hyperarea,GD,HyperVolume
page_rank,0.8041438660435043,1.375295641480928,0.17484102090781284
