measure,Hyperarea,GD,HyperVolume
page_rank,0.946177625963364,0.1710679672073195,0.2478676607095298
