measure,Hyperarea,GD,HyperVolume
page_rank,0.8919623840527912,0.497852574705525,0.23340191672904645
