measure,Hyperarea,GD,HyperVolume
page_rank,0.9423948765862499,0.16835478090539024,0.24634712511270765
