measure,Hyperarea,GD,HyperVolume
page_rank,0.93160439895835,0.4369320838817849,0.20627418086122162
