measure,Hyperarea,GD,HyperVolume
page_rank,0.7268394127180714,0.7790943391597238,0.19019379641526651
