measure,Hyperarea,GD,HyperVolume
page_rank,0.7919226203858567,1.3189822799331115,0.17511527006975386
