measure,Hyperarea,GD,HyperVolume
page_rank,0.7875036574798808,1.117208960890144,0.17349889229068238
