measure,Hyperarea,GD,HyperVolume
page_rank,0.8659042513319775,0.994081232678208,0.18826927581526534
