measure,Hyperarea,GD,HyperVolume
page_rank,0.9486318133629914,0.1422442925568068,0.24736611798422115
