measure,Hyperarea,GD,HyperVolume
page_rank,0.953226861865007,0.17084079059688645,0.24687013901717553
