measure,Hyperarea,GD,HyperVolume
page_rank,0.7880692637835175,1.091877182591195,0.17449288778650204
