measure,Hyperarea,GD,HyperVolume
page_rank,0.8719039294484062,0.3014751451271902,0.22944503144354259
