measure,Hyperarea,GD,HyperVolume
page_rank,0.9487139596957571,0.5231234391154591,0.20627418086122162
