measure,Hyperarea,GD,HyperVolume
page_rank,0.9413574489831104,0.18167719680779792,0.2463964563386505
