measure,Hyperarea,GD,HyperVolume
page_rank,0.8666271813914704,0.8311949062029218,0.19281979519868864
