measure,Hyperarea,GD,HyperVolume
page_rank,0.741321963731482,0.5684558260983998,0.1946869076688873
