measure,Hyperarea,GD,HyperVolume
page_rank,0.886675306922478,0.30502379987093614,0.23227999490265774
