measure,Hyperarea,GD,HyperVolume
page_rank,0.7870543206561244,1.1319670664038641,0.17511527006975386
