measure,Hyperarea,GD,HyperVolume
page_rank,0.9343143324701352,0.5138140294781312,0.20660188564992724
