measure,Hyperarea,GD,HyperVolume
page_rank,0.8672216043659744,0.8019608870038559,0.19192988037289438
