measure,Hyperarea,GD,HyperVolume
page_rank,0.7882259890765521,1.3346673874935515,0.17286222873956752
