measure,Hyperarea,GD,HyperVolume
page_rank,0.9385644131346528,0.5595804203310021,0.20645373268015238
