measure,Hyperarea,GD,HyperVolume
page_rank,0.7893730796367125,1.1225927980950268,0.17478157636226704
