measure,Hyperarea,GD,HyperVolume
page_rank,0.9426537342190323,0.42895253307890685,0.20862420577494048
