measure,Hyperarea,GD,HyperVolume
page_rank,0.7327016114358894,0.6086513821179278,0.18975771236595984
