measure,Hyperarea,GD,HyperVolume
page_rank,0.9502211677544978,0.5068448543405929,0.20660188564992724
