measure,Hyperarea,GD,HyperVolume
page_rank,0.9505551947414344,0.14762356767079446,0.2478676607095298
