measure,Hyperarea,GD,HyperVolume
page_rank,0.874695337196895,0.7874364071197597,0.1935839358541647
