measure,Hyperarea,GD,HyperVolume
page_rank,0.9387735292102385,0.21247556652249663,0.24654188644753294
