measure,Hyperarea,GD,HyperVolume
page_rank,0.9369573018443282,0.4534643345629651,0.2084678613027835
