measure,Hyperarea,GD,HyperVolume
page_rank,0.9411689790769322,0.17535595375364843,0.24634712511270765
