measure,Hyperarea,GD,HyperVolume
page_rank,0.791245975685608,1.1197550749308838,0.17511527006975386
