measure,Hyperarea,GD,HyperVolume
page_rank,0.9404581174707718,0.5550122677285517,0.2079604408192603
