measure,Hyperarea,GD,HyperVolume
page_rank,0.9379560932712383,0.47237115602776664,0.20569885158528722
