measure,Hyperarea,GD,HyperVolume
page_rank,0.7361058838723807,0.6050113082900113,0.19194765804167627
