measure,Hyperarea,GD,HyperVolume
page_rank,0.7932664267941985,1.2590786756834662,0.17449288778650204
