measure,Hyperarea,GD,HyperVolume
page_rank,0.9408144441586197,0.5125099589710816,0.20803923417933018
