measure,Hyperarea,GD,HyperVolume
page_rank,0.7362348411378788,0.5956176697255926,0.19265436420968962
