measure,Hyperarea,GD,HyperVolume
page_rank,0.7906085098344338,1.1140169273607918,0.17524193581657635
