measure,Hyperarea,GD,HyperVolume
page_rank,0.787839863250411,1.1269616013314736,0.17524193581657635
