measure,Hyperarea,GD,HyperVolume
page_rank,0.7354136011031351,0.6029247330157292,0.19265436420968962
