measure,Hyperarea,GD,HyperVolume
page_rank,0.7296317091523143,0.6260374679970051,0.19113969720320018
