measure,Hyperarea,GD,HyperVolume
page_rank,0.9488826738570516,0.1722288295912583,0.24883172880122154
