measure,Hyperarea,GD,HyperVolume
page_rank,0.7314747310663446,0.5810551303880934,0.19162250880002057
