measure,Hyperarea,GD,HyperVolume
page_rank,0.7234833580020089,0.7397937660538398,0.18931560960225605
