measure,Hyperarea,GD,HyperVolume
page_rank,0.869769405430484,0.790070902158475,0.192582787118576
