measure,Hyperarea,GD,HyperVolume
page_rank,0.8736727256844756,0.30588338950969446,0.22944503144354259
