measure,Hyperarea,GD,HyperVolume
page_rank,0.789108025128469,1.2978499511123724,0.17449288778650204
