measure,Hyperarea,GD,HyperVolume
page_rank,0.742646166537447,0.5908499127412532,0.1943320487602961
