measure,Hyperarea,GD,HyperVolume
page_rank,0.8747926722250091,0.9664506051473027,0.19184677123247046
