measure,Hyperarea,GD,HyperVolume
page_rank,0.7260209510592174,0.6141543876924624,0.19019379641526651
