measure,Hyperarea,GD,HyperVolume
page_rank,0.790037054053169,1.113692660636273,0.17511527006975386
