measure,Hyperarea,GD,HyperVolume
page_rank,0.7807046525898971,1.1367365945447414,0.17286222873956752
