measure,Hyperarea,GD,HyperVolume
page_rank,0.8017409107092217,1.4227029062740277,0.1743185582222377
