measure,Hyperarea,GD,HyperVolume
page_rank,0.946293008788738,0.14722049683605595,0.24736611798422115
