measure,Hyperarea,GD,HyperVolume
page_rank,0.7842570279646416,1.1064799690230427,0.17449288778650204
