measure,Hyperarea,GD,HyperVolume
page_rank,0.8025427022398666,1.430945660355988,0.17449288778650204
