measure,Hyperarea,GD,HyperVolume
page_rank,0.8888285416155743,0.291090746730106,0.23308333971265105
