measure,Hyperarea,GD,HyperVolume
page_rank,0.8240306035374426,0.8306563835011022,0.18245538335726913
