measure,Hyperarea,GD,HyperVolume
page_rank,0.8725371694503032,0.8995872916629756,0.19192988037289438
