measure,Hyperarea,GD,HyperVolume
page_rank,0.9419130645886966,0.17579098531818246,0.24654188644753294
