measure,Hyperarea,GD,HyperVolume
page_rank,0.9320897317274579,0.4223202844964348,0.20660188564992724
