measure,Hyperarea,GD,HyperVolume
page_rank,0.882358176049456,1.0678660315175612,0.19184677123247046
