measure,Hyperarea,GD,HyperVolume
page_rank,0.9490767169065458,0.157327346779777,0.24888261398312841
