measure,Hyperarea,GD,HyperVolume
page_rank,0.9330844253069858,0.4063313289118263,0.20660188564992724
