measure,Hyperarea,GD,HyperVolume
page_rank,0.7418177749298631,0.5911849810920313,0.1943320487602961
