measure,Hyperarea,GD,HyperVolume
page_rank,0.7278150204055118,0.613478797286171,0.19113969720320018
