measure,Hyperarea,GD,HyperVolume
page_rank,0.881658623011298,0.31254306612689675,0.23154229785622835
