measure,Hyperarea,GD,HyperVolume
page_rank,0.9492874148156437,0.3345419769996214,0.2484022937581852
