measure,Hyperarea,GD,HyperVolume
page_rank,0.7832596478415309,1.1136258144827362,0.17342795122136814
