measure,Hyperarea,GD,HyperVolume
page_rank,0.9458575227739903,0.21289587260645906,0.2484022937581852
