measure,Hyperarea,GD,HyperVolume
page_rank,0.8908235257746769,0.2714354307652882,0.23316940893290902
