measure,Hyperarea,GD,HyperVolume
page_rank,0.8319693437818436,0.9339646660148865,0.18245538335726913
