measure,Hyperarea,GD,HyperVolume
page_rank,0.9421677383076025,0.2062553047759224,0.24654188644753294
