measure,Hyperarea,GD,HyperVolume
page_rank,0.7251651930728137,0.61000152298528,0.18975771236595984
