measure,Hyperarea,GD,HyperVolume
page_rank,0.8707838535830819,0.8734377381047451,0.19184677123247046
