measure,Hyperarea,GD,HyperVolume
page_rank,0.8687858109991242,0.8295833406166735,0.1932470219281981
