measure,Hyperarea,GD,HyperVolume
page_rank,0.8758534877801176,0.3132135386604518,0.22944503144354259
