measure,Hyperarea,GD,HyperVolume
page_rank,0.8887983295217137,1.0203326528763135,0.1932470219281981
