measure,Hyperarea,GD,HyperVolume
page_rank,0.8925393742928314,0.4383592346487827,0.2335528991363397
