measure,Hyperarea,GD,HyperVolume
page_rank,0.7966716925437188,1.2842282134185548,0.17524193581657635
