measure,Hyperarea,GD,HyperVolume
page_rank,0.7452498560121485,0.5729757761040983,0.1943320487602961
