measure,Hyperarea,GD,HyperVolume
page_rank,0.7307238485917208,0.6179687739977943,0.19162250880002057
