measure,Hyperarea,GD,HyperVolume
page_rank,0.8942246326412984,0.29268407678800556,0.23317885070517058
