measure,Hyperarea,GD,HyperVolume
page_rank,0.8869403144470341,0.30675734035130486,0.23340191672904645
