measure,Hyperarea,GD,HyperVolume
page_rank,0.9382188883870746,0.4448719141128715,0.2079604408192603
