measure,Hyperarea,GD,HyperVolume
page_rank,0.9434598573122669,0.5224170960498123,0.20862420577494048
