measure,Hyperarea,GD,HyperVolume
page_rank,0.8844675998944691,0.2920462373653181,0.23227999490265774
