measure,Hyperarea,GD,HyperVolume
page_rank,0.9472342272354295,0.15222496755119866,0.2478676607095298
