measure,Hyperarea,GD,HyperVolume
page_rank,0.7969779280589157,1.2632953117770662,0.17478157636226704
