measure,Hyperarea,GD,HyperVolume
page_rank,0.9588033235188597,0.5345377616628799,0.2084678613027835
