measure,Hyperarea,GD,HyperVolume
page_rank,0.9506614053265161,0.16790476254993522,0.24883172880122154
