measure,Hyperarea,GD,HyperVolume
page_rank,0.8827138838865033,0.8775179523176079,0.1935839358541647
