measure,Hyperarea,GD,HyperVolume
page_rank,0.7885315862917686,1.132105031857456,0.17478157636226704
