measure,Hyperarea,GD,HyperVolume
page_rank,0.9376599909488983,0.4556875186903636,0.20862420577494048
