measure,Hyperarea,GD,HyperVolume
page_rank,0.9403733320224938,0.18000811757755425,0.24634712511270765
