measure,Hyperarea,GD,HyperVolume
page_rank,0.9495397698693677,0.6023833514644015,0.20645373268015238
