measure,Hyperarea,GD,HyperVolume
page_rank,0.8464072245116241,0.8546604878403788,0.18826927581526534
