measure,Hyperarea,GD,HyperVolume
page_rank,0.9513978555098123,0.17580163731926823,0.2463964563386505
