measure,Hyperarea,GD,HyperVolume
page_rank,0.8907775833168472,0.28561635825636106,0.23227999490265774
