measure,Hyperarea,GD,HyperVolume
page_rank,0.8575959028871747,0.7581963611963551,0.18988735194443895
