measure,Hyperarea,GD,HyperVolume
page_rank,0.7864426680199568,1.1101839310948307,0.1743185582222377
