measure,Hyperarea,GD,HyperVolume
page_rank,0.9484316544772463,0.4858973501840313,0.20862420577494048
