measure,Hyperarea,GD,HyperVolume
page_rank,0.7933257027069578,1.143558734009187,0.17478157636226704
