measure,Hyperarea,GD,HyperVolume
page_rank,0.7771413504236124,1.1523329265408129,0.17286222873956752
