measure,Hyperarea,GD,HyperVolume
page_rank,0.8868333915903229,1.0323165929242004,0.19281979519868864
