measure,Hyperarea,GD,HyperVolume
page_rank,0.7871816591615463,1.1224357551193047,0.17342795122136814
