measure,Hyperarea,GD,HyperVolume
page_rank,0.8701717173676148,0.806169684654687,0.192582787118576
