measure,Hyperarea,GD,HyperVolume
page_rank,0.8545457630196769,0.8548635007936412,0.18826927581526534
