measure,Hyperarea,GD,HyperVolume
page_rank,0.895659082292031,0.2685618622690597,0.2335528991363397
