measure,Hyperarea,GD,HyperVolume
page_rank,0.863251580515304,0.8958577633091586,0.18988735194443895
