measure,Hyperarea,GD,HyperVolume
page_rank,0.7834735049930716,1.1261278409761981,0.1743185582222377
