measure,Hyperarea,GD,HyperVolume
page_rank,0.7249691764729749,0.6274799493140613,0.18975771236595984
