measure,Hyperarea,GD,HyperVolume
page_rank,0.9454709428943472,0.16362344608830928,0.24654188644753294
