measure,Hyperarea,GD,HyperVolume
page_rank,0.938219765553538,0.20429311451063784,0.2463964563386505
