measure,Hyperarea,GD,HyperVolume
page_rank,0.8727693158797784,0.791451260850907,0.1932470219281981
