measure,Hyperarea,GD,HyperVolume
page_rank,0.9245120076034198,0.46088671806111414,0.20569885158528722
