measure,Hyperarea,GD,HyperVolume
page_rank,0.7322915725452811,0.5835429859887796,0.19162250880002057
