measure,Hyperarea,GD,HyperVolume
page_rank,0.942073793962481,0.4498197614660094,0.20660188564992724
