measure,Hyperarea,GD,HyperVolume
page_rank,0.7243563007804663,0.6047130848638007,0.18975771236595984
