measure,Hyperarea,GD,HyperVolume
page_rank,0.9421777330984836,0.37343205628252657,0.24654188644753294
