measure,Hyperarea,GD,HyperVolume
page_rank,0.9414024438708541,0.17509033154596598,0.24687013901717553
