measure,Hyperarea,GD,HyperVolume
page_rank,0.8658580124234675,0.9123320331149635,0.18988735194443895
