measure,Hyperarea,GD,HyperVolume
page_rank,0.9290060161550722,0.4158749780886433,0.20569885158528722
