measure,Hyperarea,GD,HyperVolume
page_rank,0.7836219446804771,1.1144819195060567,0.17342795122136814
