measure,Hyperarea,GD,HyperVolume
page_rank,0.8708398145776675,0.7962626524096822,0.19281979519868864
