measure,Hyperarea,GD,HyperVolume
page_rank,0.8904946983928957,0.2825219089057909,0.23308333971265105
