measure,Hyperarea,GD,HyperVolume
page_rank,0.7846128859130956,1.3173129793941802,0.17349889229068238
