measure,Hyperarea,GD,HyperVolume
page_rank,0.8941884241030602,0.2681123548159478,0.23316940893290902
