measure,Hyperarea,GD,HyperVolume
page_rank,0.8879067098260419,0.32349250746397284,0.23210362319272398
