measure,Hyperarea,GD,HyperVolume
page_rank,0.9279048152498265,0.5299879511759878,0.20645373268015238
