measure,Hyperarea,GD,HyperVolume
page_rank,0.7872230006589985,1.269204571576494,0.17316353002870924
