measure,Hyperarea,GD,HyperVolume
page_rank,0.8934508793526734,0.27082224147225714,0.2335528991363397
