measure,Hyperarea,GD,HyperVolume
page_rank,0.7219268326740195,0.6309269468728695,0.18931560960225605
