measure,Hyperarea,GD,HyperVolume
page_rank,0.7399020531739365,0.580227671860339,0.19162250880002057
