measure,Hyperarea,GD,HyperVolume
page_rank,0.7817337065730974,1.3452063156352159,0.17286222873956752
