measure,Hyperarea,GD,HyperVolume
page_rank,0.7327159133031598,0.5928578715494696,0.19194765804167627
