measure,Hyperarea,GD,HyperVolume
page_rank,0.9288256294320117,0.44669727410839105,0.20660188564992724
