measure,Hyperarea,GD,HyperVolume
page_rank,0.8962096802971601,0.2954547299265511,0.23210362319272398
