measure,Hyperarea,GD,HyperVolume
page_rank,0.7268317022748301,0.61153966900658,0.19019379641526651
