measure,Hyperarea,GD,HyperVolume
page_rank,0.950051975994055,0.17880363163469443,0.24888261398312841
