measure,Hyperarea,GD,HyperVolume
page_rank,0.7296534534329445,0.5852226417102327,0.19162250880002057
