measure,Hyperarea,GD,HyperVolume
page_rank,0.9281595741587481,0.5246511282566559,0.20645373268015238
