measure,Hyperarea,GD,HyperVolume
page_rank,0.9270978208922538,0.4836908406112625,0.20627418086122162
