measure,Hyperarea,GD,HyperVolume
page_rank,0.941947302767534,0.4216492966604414,0.2084678613027835
