measure,Hyperarea,GD,HyperVolume
page_rank,0.7251728858372382,0.7590324840768743,0.18975771236595984
