measure,Hyperarea,GD,HyperVolume
page_rank,0.8558956046611992,0.9158930684372051,0.18826927581526534
