measure,Hyperarea,GD,HyperVolume
page_rank,0.879229516431866,0.9301631244504593,0.19281979519868864
