measure,Hyperarea,GD,HyperVolume
page_rank,0.7312002170682168,0.622781196282458,0.19113969720320018
