measure,Hyperarea,GD,HyperVolume
page_rank,0.8059877883851472,1.4222991098181696,0.17524193581657635
