measure,Hyperarea,GD,HyperVolume
page_rank,0.8655619502816491,0.8228938379699785,0.192582787118576
