measure,Hyperarea,GD,HyperVolume
page_rank,0.8668206563730545,0.7800703383295883,0.19192988037289438
