measure,Hyperarea,GD,HyperVolume
page_rank,0.7972489863233478,1.2502051938215661,0.17484102090781284
