measure,Hyperarea,GD,HyperVolume
page_rank,0.9453275938056233,0.32254386069322766,0.24736611798422115
