measure,Hyperarea,GD,HyperVolume
page_rank,0.7872704086607311,1.1315469834897036,0.17511527006975386
