measure,Hyperarea,GD,HyperVolume
page_rank,0.7836886098745428,1.1179874705887751,0.1743185582222377
