measure,Hyperarea,GD,HyperVolume
page_rank,0.8200444069846503,0.8679127420711542,0.18245538335726913
