measure,Hyperarea,GD,HyperVolume
page_rank,0.9367941050653071,0.47464566007929504,0.20606432231705377
