measure,Hyperarea,GD,HyperVolume
page_rank,0.8668460815867391,0.8631546309206698,0.19184677123247046
