measure,Hyperarea,GD,HyperVolume
page_rank,0.885092538833578,0.3183868334378533,0.23210362319272398
