measure,Hyperarea,GD,HyperVolume
page_rank,0.7275816968362484,0.6178296249910935,0.19019379641526651
