measure,Hyperarea,GD,HyperVolume
page_rank,0.9261546131762841,0.4617227415240321,0.20606432231705377
