measure,Hyperarea,GD,HyperVolume
page_rank,0.9423698169736112,0.18749170915806965,0.24687013901717553
