measure,Hyperarea,GD,HyperVolume
page_rank,0.8938583546450706,0.2635654306804622,0.23308333971265105
