measure,Hyperarea,GD,HyperVolume
page_rank,0.7911290799422991,1.299915232369393,0.17349889229068238
