measure,Hyperarea,GD,HyperVolume
page_rank,0.9346767041341041,0.48156623835956874,0.2079604408192603
