measure,Hyperarea,GD,HyperVolume
page_rank,0.9012227137824379,0.28185257560896293,0.23340191672904645
