measure,Hyperarea,GD,HyperVolume
page_rank,0.8679403381899284,0.8132598662097897,0.19238288374805013
