measure,Hyperarea,GD,HyperVolume
page_rank,0.9442807135681891,0.4297364113668705,0.20803923417933018
