measure,Hyperarea,GD,HyperVolume
page_rank,0.7887997718910245,1.054319376041264,0.17484102090781284
