measure,Hyperarea,GD,HyperVolume
page_rank,0.7914522195995815,1.1030397863551693,0.17524193581657635
