measure,Hyperarea,GD,HyperVolume
page_rank,0.7345101287262479,0.6299482213930774,0.19261540987995118
