measure,Hyperarea,GD,HyperVolume
page_rank,0.931955007288695,0.49594705708599945,0.20729796395097203
