measure,Hyperarea,GD,HyperVolume
page_rank,0.8826769488696325,0.3018879137145444,0.23227999490265774
