measure,Hyperarea,GD,HyperVolume
page_rank,0.8910738386155472,0.46549116651431255,0.23316940893290902
