measure,Hyperarea,GD,HyperVolume
page_rank,0.7304542413094843,0.7931104767510159,0.19113969720320018
