measure,Hyperarea,GD,HyperVolume
page_rank,0.7797895223645533,1.1239883103153008,0.17349889229068238
