measure,Hyperarea,GD,HyperVolume
page_rank,0.9419120090837094,0.19580654423713068,0.24736611798422115
