measure,Hyperarea,GD,HyperVolume
page_rank,0.8786687655566803,0.8009317805176113,0.1935839358541647
