measure,Hyperarea,GD,HyperVolume
page_rank,0.8968906952317781,0.30728354952752757,0.23227999490265774
