measure,Hyperarea,GD,HyperVolume
page_rank,0.9498577335484065,0.181518883756148,0.24883172880122154
