measure,Hyperarea,GD,HyperVolume
page_rank,0.8869914515034205,0.33955052758489723,0.23210362319272398
