measure,Hyperarea,GD,HyperVolume
page_rank,0.8925299060745898,0.3128602130306558,0.2335528991363397
