measure,Hyperarea,GD,HyperVolume
page_rank,0.8922558783330251,0.5044825210382503,0.23347871607482643
