measure,Hyperarea,GD,HyperVolume
page_rank,0.9534226309647035,0.5828997646653243,0.20729796395097203
