measure,Hyperarea,GD,HyperVolume
page_rank,0.730446492519491,0.6191738855663195,0.19113969720320018
