measure,Hyperarea,GD,HyperVolume
page_rank,0.7924739028565022,1.2689275592106142,0.1743185582222377
