measure,Hyperarea,GD,HyperVolume
page_rank,0.858726307934608,0.9305335556698879,0.18988735194443895
