measure,Hyperarea,GD,HyperVolume
page_rank,0.7360859759155193,0.5941720585705319,0.19261540987995118
