measure,Hyperarea,GD,HyperVolume
page_rank,0.7368455196681447,0.5998156406026897,0.19261540987995118
