measure,Hyperarea,GD,HyperVolume
page_rank,0.8668651163515488,0.8279238874512544,0.19281979519868864
