measure,Hyperarea,GD,HyperVolume
page_rank,0.862490666452256,0.87859953646439,0.19184677123247046
