measure,Hyperarea,GD,HyperVolume
page_rank,0.7964286056671288,1.444199036445376,0.17316353002870924
