measure,Hyperarea,GD,HyperVolume
page_rank,0.7872291603420193,1.1005007165588339,0.17449288778650204
