measure,Hyperarea,GD,HyperVolume
page_rank,0.9394080083761254,0.1804297280791251,0.24634712511270765
