measure,Hyperarea,GD,HyperVolume
page_rank,0.7857702129247681,1.1400897342157443,0.17478157636226704
