measure,Hyperarea,GD,HyperVolume
page_rank,0.8931670938728647,0.29555601117894703,0.23347871607482643
