measure,Hyperarea,GD,HyperVolume
page_rank,0.8712426216326706,0.8160504096194715,0.19281979519868864
