measure,Hyperarea,GD,HyperVolume
page_rank,0.9452063440214965,0.1636841331923316,0.2478676607095298
