measure,Hyperarea,GD,HyperVolume
page_rank,0.8700616060663824,0.8104543705658325,0.1935839358541647
