measure,Hyperarea,GD,HyperVolume
page_rank,0.7842920695874723,1.2743841241345866,0.17342795122136814
