measure,Hyperarea,GD,HyperVolume
page_rank,0.9570785406311416,0.22455930537743693,0.2478676607095298
