measure,Hyperarea,GD,HyperVolume
page_rank,0.9396225853159476,0.45587148930707944,0.20606432231705377
