measure,Hyperarea,GD,HyperVolume
page_rank,0.8859441978854696,0.28767320771397525,0.22944503144354259
