measure,Hyperarea,GD,HyperVolume
page_rank,0.9474927104361223,0.1957289490690148,0.24883172880122154
