measure,Hyperarea,GD,HyperVolume
page_rank,0.9472450873890906,0.17111020220026127,0.2484022937581852
