measure,Hyperarea,GD,HyperVolume
page_rank,0.7810657676154997,1.1461619108975676,0.17286222873956752
