measure,Hyperarea,GD,HyperVolume
page_rank,0.8860020485986025,0.31607829945801286,0.23210362319272398
