measure,Hyperarea,GD,HyperVolume
page_rank,0.9419109491983104,0.17898619512018024,0.2478676607095298
