measure,Hyperarea,GD,HyperVolume
page_rank,0.7225527471193567,0.5982961576905457,0.18975771236595984
