measure,Hyperarea,GD,HyperVolume
page_rank,0.9264088915622432,0.4557714446895322,0.20606432231705377
