measure,Hyperarea,GD,HyperVolume
page_rank,0.8911004679799515,0.3123985713740221,0.23317885070517058
