measure,Hyperarea,GD,HyperVolume
page_rank,0.9377481481760381,0.4889386338522958,0.20627418086122162
