measure,Hyperarea,GD,HyperVolume
page_rank,0.9608010467443802,0.16292297534801622,0.24883172880122154
