measure,Hyperarea,GD,HyperVolume
page_rank,0.9439230740557927,0.45982365714649637,0.2079604408192603
