measure,Hyperarea,GD,HyperVolume
page_rank,0.7466107151819009,0.5891231168261568,0.1946869076688873
