measure,Hyperarea,GD,HyperVolume
page_rank,0.9351326295452216,0.4949864238673838,0.20569885158528722
