measure,Hyperarea,GD,HyperVolume
page_rank,0.8920199662662405,0.2996173798778328,0.23317885070517058
