measure,Hyperarea,GD,HyperVolume
page_rank,0.9564695515744304,0.5697994623564403,0.2079604408192603
