measure,Hyperarea,GD,HyperVolume
page_rank,0.9460678557906453,0.5321844355034123,0.20569885158528722
