measure,Hyperarea,GD,HyperVolume
page_rank,0.9380319238453969,0.19768733834360816,0.24634712511270765
