measure,Hyperarea,GD,HyperVolume
page_rank,0.9412134810914139,0.4271532244811346,0.20862420577494048
