measure,Hyperarea,GD,HyperVolume
page_rank,0.8838593185919603,0.29601468357764243,0.23154229785622835
