measure,Hyperarea,GD,HyperVolume
page_rank,0.7242222147522256,0.5934050331281874,0.18931560960225605
