measure,Hyperarea,GD,HyperVolume
page_rank,0.8754433447475606,0.9228220855548777,0.1935839358541647
