measure,Hyperarea,GD,HyperVolume
page_rank,0.7908801539806829,1.1060761534848438,0.17511527006975386
