measure,Hyperarea,GD,HyperVolume
page_rank,0.8901064816343,0.29860969316407326,0.23317885070517058
