measure,Hyperarea,GD,HyperVolume
page_rank,0.7242132526338508,0.6189544040137581,0.19019379641526651
