measure,Hyperarea,GD,HyperVolume
page_rank,0.7411575350742391,0.5978774619311898,0.19194765804167627
