measure,Hyperarea,GD,HyperVolume
page_rank,0.9335160236137416,0.42266409121305765,0.20660188564992724
