measure,Hyperarea,GD,HyperVolume
page_rank,0.9401507016694739,0.1793601478780036,0.24654188644753294
