measure,Hyperarea,GD,HyperVolume
page_rank,0.9411167884979652,0.18439731934829126,0.24654188644753294
