measure,Hyperarea,GD,HyperVolume
page_rank,0.9442631022865223,0.1586606538390781,0.24736611798422115
