measure,Hyperarea,GD,HyperVolume
page_rank,0.9280156702715171,0.42718049534421976,0.20569885158528722
