measure,Hyperarea,GD,HyperVolume
page_rank,0.7956615511972572,1.2857818307566162,0.17449288778650204
