measure,Hyperarea,GD,HyperVolume
page_rank,0.9316992066188199,0.5065772196067316,0.20729796395097203
