measure,Hyperarea,GD,HyperVolume
page_rank,0.8909579847319601,0.30998870307018644,0.23340191672904645
