measure,Hyperarea,GD,HyperVolume
page_rank,0.9320353126787504,0.44865372468546677,0.20627418086122162
