measure,Hyperarea,GD,HyperVolume
page_rank,0.8867516922732883,0.312846191413091,0.23210362319272398
