measure,Hyperarea,GD,HyperVolume
page_rank,0.7259134680162872,0.6044053456560379,0.18975771236595984
