measure,Hyperarea,GD,HyperVolume
page_rank,0.7369945384998017,0.6221417044056415,0.19265436420968962
