measure,Hyperarea,GD,HyperVolume
page_rank,0.8785250592056515,0.9279169803327374,0.1932470219281981
