measure,Hyperarea,GD,HyperVolume
page_rank,0.82441175898657,0.8487855698596133,0.18245538335726913
