measure,Hyperarea,GD,HyperVolume
page_rank,0.9366612042381633,0.4702268059256986,0.20729796395097203
