measure,Hyperarea,GD,HyperVolume
page_rank,0.9352301069222009,0.4714225719844749,0.20729796395097203
