measure,Hyperarea,GD,HyperVolume
page_rank,0.9385743666617206,0.4102951867890145,0.20803923417933018
