measure,Hyperarea,GD,HyperVolume
page_rank,0.7208693237557404,0.5864549098234272,0.18931560960225605
