measure,Hyperarea,GD,HyperVolume
page_rank,0.7883196557002178,1.308076912713588,0.1743185582222377
