measure,Hyperarea,GD,HyperVolume
page_rank,0.9431671532479758,0.17300835466300574,0.24687013901717553
