measure,Hyperarea,GD,HyperVolume
page_rank,0.8231521643218234,0.852580755888567,0.18245538335726913
