measure,Hyperarea,GD,HyperVolume
page_rank,0.939575980416973,0.4043515745787728,0.20803923417933018
