measure,Hyperarea,GD,HyperVolume
page_rank,0.861890137689633,0.7769451322740907,0.18988735194443895
