measure,Hyperarea,GD,HyperVolume
page_rank,0.8953745954239924,0.29335748355239327,0.23347871607482643
