measure,Hyperarea,GD,HyperVolume
page_rank,0.783580041852861,1.1022072656017063,0.17349889229068238
