measure,Hyperarea,GD,HyperVolume
page_rank,0.7362426513323669,0.7336100533768418,0.19265436420968962
