measure,Hyperarea,GD,HyperVolume
page_rank,0.7796846841332217,1.1274222344620282,0.17342795122136814
