measure,Hyperarea,GD,HyperVolume
page_rank,0.856681682142197,0.7629929212458635,0.18988735194443895
