measure,Hyperarea,GD,HyperVolume
page_rank,0.9381203110755244,0.19876379375537667,0.24687013901717553
