measure,Hyperarea,GD,HyperVolume
page_rank,0.7260121616427838,0.5854352187926672,0.18931560960225605
