measure,Hyperarea,GD,HyperVolume
page_rank,0.9453175656004531,0.19851399255164276,0.24736611798422115
