measure,Hyperarea,GD,HyperVolume
page_rank,0.7342910514114787,0.5980579812734268,0.19194765804167627
