measure,Hyperarea,GD,HyperVolume
page_rank,0.8857433236369573,0.9882463123609463,0.192582787118576
