measure,Hyperarea,GD,HyperVolume
page_rank,0.891711821609337,0.3015414920182211,0.23340191672904645
