measure,Hyperarea,GD,HyperVolume
page_rank,0.7900068002234422,1.0624664374968749,0.17484102090781284
