measure,Hyperarea,GD,HyperVolume
page_rank,0.7908055992436288,1.2572485746768518,0.17342795122136814
