measure,Hyperarea,GD,HyperVolume
two-hop,0.26889734463819703,1.5016003066097499,0.014155279916957735
page_rank,0.8000672992304019,0.430052603557446,0.04211710081499249
degree_centrality,0.7792623214535906,0.4812308249181804,0.0410218862657633
katz_centrality,0.7333028706788367,0.5904506448905076,0.03860249126793754
betweenness,0.8118780397036678,0.39858315702244285,0.04273884119569639
closeness,0.7584217701605506,0.5323287524789058,0.039924799057358074
eigenvector_centrality,0.7087582769712936,0.6380184386791014,0.0373104160529675
core,0.692707626359661,0.6952788905343004,0.03646547854507708
