measure,Hyperarea,GD,HyperVolume
page_rank,0.8407148305595042,0.358181981691791,0.1873185063614302
