measure,Hyperarea,GD,HyperVolume
two-hop,0.361146219657441,1.5258185516009717,0.018820722692140444
page_rank,0.9325379457618982,0.15651118500792463,0.04859814978467925
degree_centrality,0.920821713328643,0.19046178280856385,0.047987571715131364
katz_centrality,0.8261258753629194,0.4343890505775263,0.04305260629269591
betweenness,0.9180940269138362,0.1976223478309365,0.04784542145352017
closeness,0.8441004102989472,0.3978980903780263,0.043989328648178554
eigenvector_centrality,0.800315239395245,0.502444630035843,0.04170751448330037
core,0.7930408930494447,0.5140512792040236,0.041328420233135564
