measure,Hyperarea,GD,HyperVolume
two-hop,0.2951417923457331,1.621818741533789,0.015417676640154865
page_rank,0.863084938136028,0.3381414285945605,0.04508600555485419
degree_centrality,0.847740051232956,0.3801346987480936,0.04428441624935124
katz_centrality,0.7853318407484058,0.5236257573020592,0.04102432352817404
betweenness,0.8658180140908349,0.3264370076897043,0.04522877652933833
closeness,0.8048858337943954,0.4907957853291928,0.04204578897165061
eigenvector_centrality,0.7594476404623274,0.5962109167312072,0.03967217943862308
core,0.7551907363708982,0.606064938710971,0.0394498064217481
