measure,Hyperarea,GD,HyperVolume
two-hop,0.36221777869232247,1.3891424042143132,0.018956199413654277
page_rank,0.9255088368429255,0.17576228867947555,0.048435309093969606
degree_centrality,0.9086703030276714,0.2235471971001326,0.047554086184404334
katz_centrality,0.8196986548016,0.4437938451170291,0.042897869937858574
betweenness,0.9113492733777906,0.21024683274885647,0.04769428663608692
closeness,0.8375183408184218,0.40805231038849193,0.04383044018011195
eigenvector_centrality,0.7933428374160439,0.515418403650053,0.04151857229025515
core,0.7946112590813535,0.4960930607564289,0.041584953499137316
