measure,Hyperarea,GD,HyperVolume
two-hop,0.26676340999249787,1.6431269617120101,0.013889481546942726
page_rank,0.8130718313469281,0.40178392910667626,0.04233394001879673
degree_centrality,0.7946167400088248,0.4473687856059638,0.04137304492979282
katz_centrality,0.7384304988285135,0.5726254593382553,0.03844761463900461
betweenness,0.822452706391105,0.3713936835507001,0.042822370912763544
closeness,0.7692483898428694,0.5024958142629864,0.04005219949781874
eigenvector_centrality,0.720676486104809,0.6196155376160336,0.03752322237652373
core,0.6984995961237579,0.7052927507840713,0.036368545638177
