measure,Hyperarea,GD,HyperVolume
page_rank,0.8437400111438403,0.3621325406589964,0.18805353210172676
