measure,Hyperarea,GD,HyperVolume
two-hop,0.3800609431274317,1.4473160357477621,0.019958608621245915
page_rank,0.926370689473487,0.18015863118537936,0.04864764549930564
degree_centrality,0.9145694227490323,0.21398860320704824,0.04802791103816857
katz_centrality,0.823831537630375,0.43237599599408566,0.043262880668826886
betweenness,0.9143453789180189,0.208204534991821,0.04801614554840158
closeness,0.8396905686909569,0.4029273754788027,0.04409570550856373
eigenvector_centrality,0.794787376861704,0.5068907035437544,0.04173764886588394
core,0.7933353324320292,0.5066943805341043,0.041661395867525146
