measure,Hyperarea,GD,HyperVolume
page_rank,0.9036522434340607,0.2334978220852648,0.20159567745374465
