measure,Hyperarea,GD,HyperVolume
page_rank,0.840343880406053,0.3573124475338612,0.18750841644573496
