measure,Hyperarea,GD,HyperVolume
two-hop,0.2730902437807245,1.64423017993296,0.014155279916957735
page_rank,0.8125426975926322,0.4119027997163739,0.04211710081499249
degree_centrality,0.7914133091244544,0.4620549550283214,0.0410218862657633
katz_centrality,0.7447372155654298,0.5724956919300899,0.03860249126793754
betweenness,0.8245376021887145,0.37668960762238035,0.04273884119569639
closeness,0.7702477924444785,0.5142116421810964,0.039924799057358074
eigenvector_centrality,0.7198098995738548,0.6264049093836068,0.0373104160529675
core,0.7035089721910734,0.7019522851432092,0.03646547854507708
