measure,Hyperarea,GD,HyperVolume
page_rank,0.8999492880476401,0.2529252700168086,0.20058150626323837
