measure,Hyperarea,GD,HyperVolume
page_rank,0.9028320694074645,0.23292172172175543,0.2006136816339127
