measure,Hyperarea,GD,HyperVolume
page_rank,0.8899824428587633,0.2450295387884169,0.1988260776557393
