measure,Hyperarea,GD,HyperVolume
page_rank,0.8386270024336252,0.3623327977280169,0.18712532438384602
