measure,Hyperarea,GD,HyperVolume
page_rank,0.9065782589296875,0.2294392419607303,0.2014461031856247
