measure,Hyperarea,GD,HyperVolume
two-hop,0.2695513067852278,1.5694554274647639,0.014155279916957735
page_rank,0.8020130742230029,0.4126465126361453,0.04211710081499249
degree_centrality,0.7811574984458501,0.4615160527083806,0.0410218862657633
katz_centrality,0.7350862736364904,0.5714907430253235,0.03860249126793754
betweenness,0.8138525385842207,0.39079393947662217,0.04273884119569639
closeness,0.7602662626371737,0.5193556337400806,0.039924799057358074
eigenvector_centrality,0.7104819871297469,0.6210591238756847,0.0373104160529675
core,0.6943923011087116,0.6915383214097367,0.03646547854507708
