measure,Hyperarea,GD,HyperVolume
page_rank,0.8353199028129248,0.3770123249938882,0.18594377463563805
