measure,Hyperarea,GD,HyperVolume
page_rank,0.8404124826007386,0.3559865364675107,0.18752372385641544
