measure,Hyperarea,GD,HyperVolume
page_rank,0.9042972136294616,0.24613601631177537,0.20155057582516245
