measure,Hyperarea,GD,HyperVolume
page_rank,0.68323212919748,0.627293533753917,0.1520887514202752
