measure,Hyperarea,GD,HyperVolume
page_rank,0.8452547517297639,0.34399057038801145,0.18752372385641544
