measure,Hyperarea,GD,HyperVolume
page_rank,0.8416358788578047,0.3554680447960566,0.18752372385641544
