measure,Hyperarea,GD,HyperVolume
page_rank,0.8494288333802398,0.32772146767398563,0.1887472225729074
