measure,Hyperarea,GD,HyperVolume
page_rank,0.9017273196906709,0.23272509171381422,0.2000524274432241
