measure,Hyperarea,GD,HyperVolume
two-hop,0.3058260161740075,1.6536981373998714,0.01598244469693782
page_rank,0.87348503893833,0.308062567336494,0.04564826270532621
degree_centrality,0.8596111433299999,0.3470852599192763,0.04492321396007799
katz_centrality,0.7901853649942028,0.5275076780474054,0.04129502798468207
betweenness,0.8757312126522365,0.3015345013673052,0.04576564757536225
closeness,0.8135344860305211,0.4822313471256895,0.04251525130104224
eigenvector_centrality,0.7689431096734022,0.586352540045097,0.0401849093127972
core,0.7575987681629848,0.6261710399203424,0.0395920548752262
