measure,Hyperarea,GD,HyperVolume
page_rank,0.9064355400053182,0.2349969415405989,0.20159567745374465
