measure,Hyperarea,GD,HyperVolume
two-hop,0.27193950376267545,1.7850009200560426,0.01417527949613545
page_rank,0.8166322780253433,0.42538962542560865,0.04256825737491058
degree_centrality,0.8000371819279412,0.4680724621646363,0.041703211575418356
katz_centrality,0.7409738360538812,0.6125443410570718,0.03862444065704386
betweenness,0.8254729763513033,0.3967366034173118,0.043029092847423865
closeness,0.7718693890393262,0.5426870785522141,0.040234920534724855
eigenvector_centrality,0.7259023997668925,0.6525783528419381,0.03783881805047063
core,0.6963107169150403,0.7682404031020241,0.03629630447895187
