measure,Hyperarea,GD,HyperVolume
page_rank,0.6834770485983038,0.621163846625604,0.15228457405770876
