measure,Hyperarea,GD,HyperVolume
page_rank,0.6913189176725577,0.6067933170814288,0.15375269326263521
