measure,Hyperarea,GD,HyperVolume
page_rank,0.838472416947507,0.3548136630929446,0.1873185063614302
