measure,Hyperarea,GD,HyperVolume
two-hop,0.3085558344058135,1.6113135825574942,0.01599359298068426
page_rank,0.8878897746931048,0.27530129142408355,0.046022619197912715
degree_centrality,0.8729415579221022,0.3124317293781173,0.04524779769669935
katz_centrality,0.801180713261289,0.4963396418474844,0.04152816703839302
betweenness,0.8873768758660616,0.27334044202808205,0.045996033749947374
closeness,0.8214829415844428,0.46194203573226816,0.042580506810307325
eigenvector_centrality,0.7796092616172902,0.5565727411513989,0.040410038715650375
core,0.7659413637228152,0.5941789370732167,0.03970158088905721
