measure,Hyperarea,GD,HyperVolume
page_rank,0.8439226591795013,0.35022892412040635,0.18752372385641544
