measure,Hyperarea,GD,HyperVolume
page_rank,0.8413057260324531,0.35411674192325016,0.18751097644797932
