measure,Hyperarea,GD,HyperVolume
two-hop,0.2661965553218273,1.5688257511846597,0.014013105107379822
page_rank,0.8089716034873023,0.4208160635452772,0.04258584073279188
degree_centrality,0.7921298751505476,0.4685088937121846,0.04169925935277532
katz_centrality,0.7361412242480382,0.6042765709025376,0.03875190772769992
betweenness,0.8208778062241553,0.3873762001359857,0.04321260643297002
closeness,0.7637549996778396,0.549063723612725,0.04020555064596221
eigenvector_centrality,0.7174747877033839,0.6542100233891466,0.037769270153880694
core,0.7028785876157582,0.7012684892856913,0.037000897754211726
