measure,Hyperarea,GD,HyperVolume
two-hop,0.30313321984474234,1.6132801412217037,0.01571251876166029
page_rank,0.8703517605074639,0.3260246469669588,0.045113558894079024
degree_centrality,0.8559836248000497,0.3644842670710268,0.04436880514525382
katz_centrality,0.7922093475889032,0.5216546988527397,0.04106314789097897
betweenness,0.8750180505747335,0.31174554429952667,0.04535543001024001
closeness,0.8161543009675433,0.4790924280904175,0.04230430360925248
eigenvector_centrality,0.7688897370223404,0.5843704132600918,0.039854406009342265
core,0.7606779433234683,0.6195344840631086,0.039428758293705894
