measure,Hyperarea,GD,HyperVolume
page_rank,0.8294266021287232,0.3744500020918407,0.18480339182763122
