measure,Hyperarea,GD,HyperVolume
two-hop,0.3045573039477578,1.5483849450892486,0.01599359298068426
page_rank,0.8763837394423265,0.2872615934907839,0.046022619197912715
degree_centrality,0.8616292344517786,0.32522614927572424,0.04524779769669935
katz_centrality,0.7907983282042987,0.5024629517648121,0.04152816703839302
betweenness,0.8758774871970464,0.28562422606594334,0.045996033749947374
closeness,0.8108374628851857,0.467691504121625,0.042580506810307325
eigenvector_centrality,0.7695064178841226,0.5594209046442217,0.040410038715650375
core,0.7560156403028444,0.5946304797680458,0.03970158088905721
