measure,Hyperarea,GD,HyperVolume
two-hop,0.3609726090623331,1.4446798601982156,0.018956199413654277
page_rank,0.9223272826406882,0.17999474015583308,0.048435309093969606
degree_centrality,0.9055466334245722,0.22550265416414725,0.047554086184404334
katz_centrality,0.816880836542135,0.4431558727471481,0.042897869937858574
betweenness,0.9082163944737796,0.21386025109947604,0.04769428663608692
closeness,0.8346392651244812,0.40577257162156916,0.04383044018011195
eigenvector_centrality,0.7906156206270547,0.5111351795539301,0.04151857229025515
core,0.7918796819317511,0.4959555611922202,0.041584953499137316
