measure,Hyperarea,GD,HyperVolume
page_rank,0.6833066879226972,0.658986209153653,0.15196766331411576
