measure,Hyperarea,GD,HyperVolume
page_rank,0.681605945787575,0.6606540944681003,0.1520887514202752
