measure,Hyperarea,GD,HyperVolume
page_rank,0.839575420447374,0.36862963466682813,0.18712532438384602
