measure,Hyperarea,GD,HyperVolume
page_rank,0.8431637525392822,0.35582462624635514,0.18752372385641544
