measure,Hyperarea,GD,HyperVolume
page_rank,0.696477771913371,0.613082010329139,0.1547607520094264
