measure,Hyperarea,GD,HyperVolume
two-hop,0.36511813752185374,1.5333810932902934,0.019027714654434768
page_rank,0.9364915601674528,0.16995396058835402,0.04880418788312363
degree_centrality,0.9206314784823462,0.21545005652500102,0.04797765784342607
katz_centrality,0.8253110349830775,0.4637494790275904,0.043010141817110624
betweenness,0.9199182492160196,0.21276401121780086,0.04794048871494901
closeness,0.8458368836660144,0.4124407942473618,0.04407982297409136
eigenvector_centrality,0.8043373571872618,0.514137967895243,0.0419171225574773
core,0.8009312988285141,0.5102633383207582,0.04173961971692689
