measure,Hyperarea,GD,HyperVolume
page_rank,0.9003062283067181,0.23891469800117723,0.2000524274432241
