measure,Hyperarea,GD,HyperVolume
two-hop,0.2692772617974703,1.5130433600750892,0.01417527949613545
page_rank,0.808637585490354,0.4129833856796476,0.04256825737491058
degree_centrality,0.7922049525902285,0.458764001705692,0.041703211575418356
katz_centrality,0.7337198269299136,0.6030978699194386,0.03862444065704386
betweenness,0.817391734867892,0.38986211228292744,0.043029092847423865
closeness,0.7643129176523993,0.5352673785503933,0.040234920534724855
eigenvector_centrality,0.7187959374671411,0.6317021979481314,0.03783881805047063
core,0.6894939522091258,0.7235063899033894,0.03629630447895187
