measure,Hyperarea,GD,HyperVolume
page_rank,0.8990768674939729,0.25573178019731757,0.2006136816339127
