measure,Hyperarea,GD,HyperVolume
page_rank,0.8451972933595306,0.3364719870419908,0.18751097644797932
