measure,Hyperarea,GD,HyperVolume
two-hop,0.3583927994409575,1.448567490746336,0.018820722692140444
page_rank,0.9254281694642692,0.16153494290809378,0.04859814978467925
degree_centrality,0.9138012629314023,0.1946105333368976,0.047987571715131364
katz_centrality,0.819827396899703,0.43351372638554175,0.04305260629269591
betweenness,0.911094372710796,0.20186169112995558,0.04784542145352017
closeness,0.8376648919189855,0.39624654715392615,0.043989328648178554
eigenvector_centrality,0.7942135441821513,0.49905707098088675,0.04170751448330037
core,0.7869946582875478,0.5084097809518553,0.041328420233135564
