measure,Hyperarea,GD,HyperVolume
page_rank,0.8429496024705959,0.3508489032394817,0.18805353210172676
