measure,Hyperarea,GD,HyperVolume
page_rank,0.685334100922626,0.6212083112734073,0.15228457405770876
