measure,Hyperarea,GD,HyperVolume
two-hop,0.3585208770616845,1.574110502935582,0.018736274179747228
page_rank,0.9320523761569338,0.18543640535234965,0.04870898736130399
degree_centrality,0.9216945983229677,0.21683523584319273,0.048167690667564426
katz_centrality,0.8291130928098871,0.45339643661313994,0.04332938812439507
betweenness,0.9203107786973536,0.2150343366387588,0.04809537235758673
closeness,0.8462630750219468,0.4192939471638418,0.04422564491015444
eigenvector_centrality,0.8024182311706447,0.524284019110834,0.04193431665474336
core,0.7934258193497893,0.5271235273888766,0.041464373886574354
