measure,Hyperarea,GD,HyperVolume
page_rank,0.8954718122238564,0.2579173938264002,0.2000524274432241
