measure,Hyperarea,GD,HyperVolume
page_rank,0.6823767859291247,0.6210473965228993,0.1520887514202752
