measure,Hyperarea,GD,HyperVolume
page_rank,0.8309491034655506,0.3781532089319463,0.18480339182763122
