measure,Hyperarea,GD,HyperVolume
page_rank,0.6890631222230844,0.6514355263152515,0.15375269326263521
