measure,Hyperarea,GD,HyperVolume
page_rank,0.9049614038694866,0.23454722114035528,0.2014461031856247
