measure,Hyperarea,GD,HyperVolume
page_rank,0.6826881620479096,0.6668538074198466,0.15196766331411576
