measure,Hyperarea,GD,HyperVolume
two-hop,0.2867795681063301,1.661743288283713,0.014980849079100566
page_rank,0.8670637816899053,0.3258550687361903,0.04529385318913156
degree_centrality,0.8532817937184469,0.36585966499758693,0.044573906914110166
katz_centrality,0.7885772677468142,0.5252734697368925,0.04119385880009539
betweenness,0.8708686863609252,0.3149226329943825,0.04549261456886758
closeness,0.8085000165950174,0.4904002027701921,0.04223458738374782
eigenvector_centrality,0.7651566086356606,0.593207349600965,0.03997040567268443
core,0.7585664664845616,0.6276787959539886,0.03962614849415758
