measure,Hyperarea,GD,HyperVolume
page_rank,0.8979013025198656,0.23739660497361492,0.20059518649441005
