measure,Hyperarea,GD,HyperVolume
page_rank,0.9020384163300769,0.2446448428968539,0.2006136816339127
