measure,Hyperarea,GD,HyperVolume
page_rank,0.8334926186135375,0.37704509693634497,0.18594377463563805
