measure,Hyperarea,GD,HyperVolume
page_rank,0.6827237717677123,0.6344298272147585,0.15252355903435313
