measure,Hyperarea,GD,HyperVolume
page_rank,0.9054307289398004,0.2323220276292523,0.20155057582516245
