measure,Hyperarea,GD,HyperVolume
page_rank,0.6891961571581231,0.6180773310563825,0.15375269326263521
