measure,Hyperarea,GD,HyperVolume
two-hop,0.36365545230124546,1.5379024613184227,0.018996707065606192
page_rank,0.9338957862939755,0.17104326858949825,0.048785036962224186
degree_centrality,0.9200208205715492,0.20703235433385325,0.04806023369664324
katz_centrality,0.828391817614199,0.4419334825954128,0.04327369930844871
betweenness,0.9221888469018812,0.2024199720543449,0.048173487494564356
closeness,0.847832223400522,0.3951908969283615,0.044289231157682116
eigenvector_centrality,0.8042269337036009,0.49980741591410943,0.04201136921544699
core,0.7963849820779172,0.509401531471667,0.04160171976041184
