measure,Hyperarea,GD,HyperVolume
two-hop,0.30447112170610746,1.4763773113711967,0.015934102736747606
page_rank,0.8722849819223275,0.29801057430780886,0.04564990741909691
degree_centrality,0.860310663262909,0.32894267448754627,0.045023246924490466
katz_centrality,0.7899660307712164,0.503261881472665,0.041341851477787586
betweenness,0.8750007404542975,0.29224055806407934,0.045792033132741376
closeness,0.809344624370148,0.4714415994224787,0.0423560051340319
eigenvector_centrality,0.7651206731435843,0.5685784762478507,0.040041601789897456
core,0.7605736136611553,0.5770040125058848,0.03980363730729847
