measure,Hyperarea,GD,HyperVolume
two-hop,0.301430003977877,1.7426484473704826,0.01571251876166029
page_rank,0.8654615114974419,0.34355190686435066,0.045113558894079024
degree_centrality,0.8511741060931158,0.3821137852149893,0.04436880514525382
katz_centrality,0.787758157675163,0.5435980363088182,0.04106314789097897
betweenness,0.8701015830615529,0.3286710982605732,0.04535543001024001
closeness,0.8115685714459477,0.49605635636717854,0.04230430360925248
eigenvector_centrality,0.7645695731002301,0.6034623699089849,0.039854406009342265
core,0.7564039190403277,0.6521956802098778,0.039428758293705894
