measure,Hyperarea,GD,HyperVolume
page_rank,0.8423602829931077,0.33693880262855913,0.18751097644797932
