measure,Hyperarea,GD,HyperVolume
two-hop,0.36309813569767174,1.5111897872459592,0.018820722692140444
page_rank,0.9375781086526603,0.14646197923676013,0.04859814978467925
degree_centrality,0.9257985525549923,0.179446398420201,0.047987571715131364
katz_centrality,0.8305909043722222,0.42484695865478017,0.04305260629269591
betweenness,0.9230561235938816,0.18722016533018535,0.04784542145352017
closeness,0.8486625877238989,0.3873988844477084,0.043989328648178554
eigenvector_centrality,0.8046407675829647,0.4924985523063662,0.04170751448330037
core,0.7973271049919936,0.5039643254636101,0.041328420233135564
