measure,Hyperarea,GD,HyperVolume
page_rank,0.6818334997759824,0.6613574154897914,0.15196766331411576
