measure,Hyperarea,GD,HyperVolume
two-hop,0.36233443494783524,1.4594391746466082,0.019027714654434768
page_rank,0.9293516410599592,0.17205398344967937,0.04880418788312363
degree_centrality,0.9136124784574011,0.2182283732822883,0.04797765784342607
katz_centrality,0.8190187689564116,0.45626813460855165,0.043010141817110624
betweenness,0.9129046869328368,0.2145851121463559,0.04794048871494901
closeness,0.8393881262138597,0.4089560333660954,0.04407982297409136
eigenvector_centrality,0.7982049968866252,0.5095079687893398,0.0419171225574773
core,0.7948249067076146,0.5048558576706466,0.04173961971692689
