measure,Hyperarea,GD,HyperVolume
page_rank,0.8507696171696266,0.3221558042986128,0.1887472225729074
