measure,Hyperarea,GD,HyperVolume
page_rank,0.8309323115547871,0.3770406098481611,0.18480339182763122
