measure,Hyperarea,GD,HyperVolume
page_rank,0.8987298385944789,0.2558561118906804,0.20078028517723628
