measure,Hyperarea,GD,HyperVolume
page_rank,0.8440137413436741,0.3566158898727686,0.18805353210172676
