measure,Hyperarea,GD,HyperVolume
page_rank,0.9032756832865032,0.24028935262150528,0.20155057582516245
