measure,Hyperarea,GD,HyperVolume
page_rank,0.830196932397699,0.36490928105527626,0.18480339182763122
