measure,Hyperarea,GD,HyperVolume
page_rank,0.6913328882035062,0.6062648119268196,0.15375269326263521
