measure,Hyperarea,GD,HyperVolume
page_rank,0.8412942400672705,0.3604437328430048,0.18750841644573496
