measure,Hyperarea,GD,HyperVolume
page_rank,0.6927287834005917,0.6176836237272116,0.1540631408772742
