measure,Hyperarea,GD,HyperVolume
two-hop,0.37827545151830916,1.4227474642828633,0.01979655697232392
page_rank,0.9308186647661718,0.17838711620852712,0.04871319207731909
degree_centrality,0.9184933506667989,0.21741002772722762,0.04806816268989607
katz_centrality,0.8232595363745595,0.4568315556910265,0.0430842240738403
betweenness,0.9170819978687237,0.20952187601984484,0.04799430136486691
closeness,0.844458575394879,0.4186202595145647,0.044193648388952005
eigenvector_centrality,0.8007178962402798,0.5259517029897751,0.041904536464251144
core,0.8038258610170095,0.49904883978385933,0.04206718778493175
