measure,Hyperarea,GD,HyperVolume
two-hop,0.36350429189422306,1.5520271181618213,0.018996707065606192
page_rank,0.9335075944869246,0.17932143258741848,0.048785036962224186
degree_centrality,0.9196383961617771,0.21475209840733767,0.04806023369664324
katz_centrality,0.828047480567876,0.44725032031642636,0.04327369930844871
betweenness,0.9218055213101236,0.2097547820435576,0.048173487494564356
closeness,0.847479805574349,0.40035774870448115,0.044289231157682116
eigenvector_centrality,0.8038926412576393,0.5033195524839332,0.04201136921544699
core,0.7960539492904924,0.5145319707902661,0.04160171976041184
