measure,Hyperarea,GD,HyperVolume
two-hop,0.27135848643982935,1.6663844030639938,0.01417527949613545
page_rank,0.8148874873885916,0.4054742393405836,0.04256825737491058
degree_centrality,0.7983278478474216,0.44941242106282697,0.041703211575418356
katz_centrality,0.7393906948457589,0.5960873340942973,0.03862444065704386
betweenness,0.8237092969587719,0.3793377807072366,0.043029092847423865
closeness,0.7702202373721309,0.5271375570020477,0.040234920534724855
eigenvector_centrality,0.7243514597117536,0.6312482536966021,0.03783881805047063
core,0.6948230015113817,0.742274402090502,0.03629630447895187
