measure,Hyperarea,GD,HyperVolume
page_rank,0.688328293858242,0.6413773263519761,0.15341522885718695
