measure,Hyperarea,GD,HyperVolume
page_rank,0.6832928795860856,0.6590816794718125,0.15196766331411576
