measure,Hyperarea,GD,HyperVolume
page_rank,0.8403553533962295,0.35125498664467,0.18751097644797932
