measure,Hyperarea,GD,HyperVolume
two-hop,0.2686044536563659,1.5424791079115414,0.014057067008935458
page_rank,0.8142656635300082,0.4010121234584727,0.04261354135981708
degree_centrality,0.7959308759578361,0.44941615309118477,0.0416540139432451
katz_centrality,0.7388393032444333,0.5919550391163168,0.03866620025529885
betweenness,0.824569034825797,0.37295919427236734,0.04315275498323725
closeness,0.7675111008506258,0.5315488088154311,0.04016670173519057
eigenvector_centrality,0.7238512350791086,0.6272910378152041,0.037881819074471516
core,0.6982024342813641,0.702003460291004,0.03653952222643045
