measure,Hyperarea,GD,HyperVolume
page_rank,0.8989326692955214,0.25518924193857156,0.20058150626323837
