measure,Hyperarea,GD,HyperVolume
two-hop,0.2712456910479284,1.6815490954769838,0.01417527949613545
page_rank,0.8145487636777503,0.4139077652744195,0.04256825737491058
degree_centrality,0.7979960074703439,0.4580245826084891,0.041703211575418356
katz_centrality,0.7390833528337687,0.6036137308502475,0.03862444065704386
betweenness,0.8233669062925286,0.3881847847351345,0.043029092847423865
closeness,0.7699000804658028,0.5353478825804354,0.040234920534724855
eigenvector_centrality,0.7240503690480926,0.637846090877871,0.03783881805047063
core,0.6945341849212484,0.7487715977957524,0.03629630447895187
