measure,Hyperarea,GD,HyperVolume
page_rank,0.6826153155948668,0.621876575253082,0.15228457405770876
