measure,Hyperarea,GD,HyperVolume
page_rank,0.8463069824749404,0.35028562151165155,0.18805353210172676
