measure,Hyperarea,GD,HyperVolume
page_rank,0.8994966181280355,0.23761170939011692,0.2000524274432241
