measure,Hyperarea,GD,HyperVolume
page_rank,0.6952356247531634,0.618130734288347,0.1547607520094264
