measure,Hyperarea,GD,HyperVolume
page_rank,0.9047930132703167,0.23623640228659926,0.20159567745374465
