measure,Hyperarea,GD,HyperVolume
page_rank,0.8923626150671354,0.24584469522534175,0.1988260776557393
