measure,Hyperarea,GD,HyperVolume
two-hop,0.3642490330045371,1.5385577600892573,0.019027714654434768
page_rank,0.9342623938737851,0.16803895845090147,0.04880418788312363
degree_centrality,0.918440064541194,0.21541490259739612,0.04797765784342607
katz_centrality,0.8233465159001213,0.4655919679685058,0.043010141817110624
betweenness,0.9177285330014757,0.21223321986946966,0.04794048871494901
closeness,0.8438235061288243,0.41395747266741384,0.04407982297409136
eigenvector_centrality,0.8024227625431211,0.5162169257452408,0.0419171225574773
core,0.799024811753956,0.5120213836027562,0.04173961971692689
