measure,Hyperarea,GD,HyperVolume
page_rank,0.8381332016725755,0.3669182087806593,0.18594377463563805
