measure,Hyperarea,GD,HyperVolume
two-hop,0.3002764360587476,1.6210034357690637,0.01563439310412546
page_rank,0.8788119777338133,0.3087652541139698,0.04575681030734055
degree_centrality,0.8652467901793549,0.3467357141880796,0.04505051620867175
katz_centrality,0.7915524425123617,0.5273112595209976,0.04121349717347697
betweenness,0.8787314234036352,0.30178603919012476,0.04575261611188262
closeness,0.8147902114688567,0.4847745947109932,0.042423410343811814
eigenvector_centrality,0.7718571781963621,0.5836011936808744,0.04018803041142393
core,0.7627107593589987,0.6106902105091578,0.039711806870625206
