measure,Hyperarea,GD,HyperVolume
two-hop,0.3654490650659686,1.5250855708117101,0.019027714654434768
page_rank,0.9373403562699799,0.16938290374751908,0.04880418788312363
degree_centrality,0.9214658996816785,0.21689693609682517,0.04797765784342607
katz_centrality,0.826059061788296,0.46533653403968867,0.043010141817110624
betweenness,0.9207520239746928,0.2128277312884883,0.04794048871494901
closeness,0.8466035142271067,0.41428574247651867,0.04407982297409136
eigenvector_centrality,0.8050663743433539,0.5161463252198651,0.0419171225574773
core,0.8016572288782372,0.5106239960082568,0.04173961971692689
