measure,Hyperarea,GD,HyperVolume
page_rank,0.893191397181821,0.2425658258028334,0.1988260776557393
