measure,Hyperarea,GD,HyperVolume
two-hop,0.2935904418935012,1.5331137865734885,0.015417676640154865
page_rank,0.8585483145746875,0.33187884215460467,0.04508600555485419
degree_centrality,0.8432840848264268,0.3735416832457579,0.04428441624935124
katz_centrality,0.7812039099100987,0.5133692008466495,0.04102432352817404
betweenness,0.861267024693383,0.32458488141979774,0.04522877652933833
closeness,0.8006551215244456,0.4810047458579936,0.04204578897165061
eigenvector_centrality,0.7554557644521093,0.581185702112279,0.03967217943862308
core,0.7512212358773253,0.5863015724821232,0.0394498064217481
