measure,Hyperarea,GD,HyperVolume
page_rank,0.6858062148295541,0.6231719493879747,0.15252355903435313
