measure,Hyperarea,GD,HyperVolume
page_rank,0.8992504490263525,0.24667758304725654,0.2006136816339127
