measure,Hyperarea,GD,HyperVolume
page_rank,0.8479139026017841,0.33154979710497234,0.1887472225729074
