measure,Hyperarea,GD,HyperVolume
two-hop,0.3082546457875381,1.6336182715454288,0.016109364698621106
page_rank,0.8700145519148834,0.3298963538880302,0.04546689531344247
degree_centrality,0.8546956377914735,0.36952458266352417,0.04466633000883727
katz_centrality,0.7890050719384891,0.5387635703285298,0.04123334595800194
betweenness,0.8713026811716622,0.32252943769343817,0.04553421285191264
closeness,0.8108694488648112,0.4947595024749426,0.042375976658390484
eigenvector_centrality,0.7666866019364934,0.5996633762727503,0.04006698438749315
core,0.7630554678282,0.6177472612359313,0.0398772215909888
