measure,Hyperarea,GD,HyperVolume
two-hop,0.2993548010557132,1.6348824332122438,0.01563439310412546
page_rank,0.8761146502631791,0.30737957287952317,0.04575681030734055
degree_centrality,0.8625910981824763,0.3445400983049735,0.04505051620867175
katz_centrality,0.789122939727088,0.5248775243513637,0.04121349717347697
betweenness,0.876034343177478,0.3005281593555709,0.04575261611188262
closeness,0.8122893852672544,0.48122413039958517,0.042423410343811814
eigenvector_centrality,0.7694881258587689,0.5803462183822427,0.04018803041142393
core,0.7603697800192857,0.6091597780730172,0.039711806870625206
