measure,Hyperarea,GD,HyperVolume
two-hop,0.26783599390257945,1.7128271806334685,0.013957966867258623
page_rank,0.8172709715109892,0.40505124223947,0.042591143093604907
degree_centrality,0.8003636897275173,0.4493163393340494,0.04171003941702086
katz_centrality,0.737707652740749,0.6031600644776453,0.038444791622831015
betweenness,0.8259019271604163,0.37630640515740826,0.043040935487943445
closeness,0.7699406494196402,0.5399637507070554,0.04012457742428706
eigenvector_centrality,0.7267958304074714,0.64148466787894,0.03787613446674803
core,0.6984955202822778,0.7488203997353002,0.03640129613264318
