measure,Hyperarea,GD,HyperVolume
two-hop,0.3637458491523667,1.525168353806631,0.018956199413654277
page_rank,0.9294132357909706,0.17677966045494256,0.048435309093969606
degree_centrality,0.9125036660751419,0.2222241805222215,0.047554086184404334
katz_centrality,0.8231566775001607,0.4485910517999465,0.042897869937858574
betweenness,0.9151939380666938,0.20994388300489933,0.04769428663608692
closeness,0.8410515385564514,0.40798263513266847,0.04383044018011195
eigenvector_centrality,0.7966896741144514,0.5147825671380754,0.04151857229025515
core,0.797963446808318,0.5018403957985956,0.041584953499137316
