measure,Hyperarea,GD,HyperVolume
two-hop,0.36174397427605515,1.4508377992716364,0.018996707065606192
page_rank,0.9289869604754092,0.17256120257983867,0.048785036962224186
degree_centrality,0.9151849255777811,0.20854048851803872,0.04806023369664324
katz_centrality,0.8240375511083711,0.4346271493793095,0.04327369930844871
betweenness,0.9173415561359275,0.2033723384712638,0.048173487494564356
closeness,0.8433757725104749,0.3890811710796848,0.044289231157682116
eigenvector_centrality,0.7999996848027177,0.49193580569516354,0.04201136921544699
core,0.7921989527383309,0.5020969933651948,0.04160171976041184
