measure,Hyperarea,GD,HyperVolume
two-hop,0.26882833951273993,1.827625308026826,0.014013105107379822
page_rank,0.8169695983313046,0.429391197548252,0.04258584073279188
degree_centrality,0.7999613622261427,0.4763993886880974,0.04169925935277532
katz_centrality,0.7434191728071877,0.614780451033647,0.03875190772769992
betweenness,0.8289935131704,0.3936074316670631,0.04321260643297002
closeness,0.7713059551417543,0.5579987313885636,0.04020555064596221
eigenvector_centrality,0.7245681882974424,0.6707540956179352,0.037769270153880694
core,0.7098276811259343,0.7405708817075355,0.037000897754211726
