measure,Hyperarea,GD,HyperVolume
two-hop,0.2716525342430797,1.6898194170343492,0.01415686150738543
page_rank,0.8158118090040526,0.4013221069277097,0.042515100506389486
degree_centrality,0.7970626743808208,0.44767476670711304,0.04153801077305055
katz_centrality,0.7421836559371788,0.5839390629189404,0.0386780534163756
betweenness,0.8258015945973358,0.3682739053176975,0.04303570677103061
closeness,0.7686805370277894,0.5268039822649432,0.040058908106439986
eigenvector_centrality,0.725934356582817,0.6294637661199014,0.03783123974245675
core,0.7043623171834377,0.7142480616935336,0.03670703755137539
