measure,Hyperarea,GD,HyperVolume
two-hop,0.38021556284873076,1.536840292640042,0.01979655697232392
page_rank,0.9355926775413396,0.18082944618101898,0.04871319207731909
degree_centrality,0.9232041489736759,0.21989274093216477,0.04806816268989607
katz_centrality,0.8274818964245895,0.46501750359436805,0.0430842240738403
betweenness,0.9217855575838714,0.21291196363609594,0.04799430136486691
closeness,0.8487896617596414,0.4227371273101762,0.044193648388952005
eigenvector_centrality,0.8048246439997017,0.5291211408600219,0.041904536464251144
core,0.8079485490063715,0.5034212682025295,0.04206718778493175
