measure,Hyperarea,GD,HyperVolume
two-hop,0.26462441624211663,1.809301528503627,0.013793968915260418
page_rank,0.8147219175530507,0.4283556631817532,0.04246867679445637
degree_centrality,0.7972560049338375,0.47253440024726245,0.04155823829763358
katz_centrality,0.7401366573767012,0.6138054216704513,0.03858080138590807
betweenness,0.8234358012047515,0.3943994843034337,0.04292290185021533
closeness,0.7678056683051256,0.5466652049509761,0.04002309262298532
eigenvector_centrality,0.726885633965461,0.648674893692374,0.03789007069814418
core,0.6918732124512983,0.7669822418881054,0.03606499249533589
