measure,Hyperarea,GD,HyperVolume
page_rank,0.8415671767982671,0.3577240132846806,0.18750841644573496
