measure,Hyperarea,GD,HyperVolume
page_rank,0.6838511479147917,0.6135020725822998,0.1520887514202752
