measure,Hyperarea,GD,HyperVolume
two-hop,0.36288001114497764,1.5301888072797578,0.018956199413654277
page_rank,0.927200918300631,0.17618715518553366,0.048435309093969606
degree_centrality,0.9103315990733856,0.2225569028880989,0.047554086184404334
katz_centrality,0.8211972865158332,0.4499556363493247,0.042897869937858574
betweenness,0.9130154673087272,0.20971395041102525,0.04769428663608692
closeness,0.8390495517572835,0.4100676914498118,0.04383044018011195
eigenvector_centrality,0.7947932835396858,0.5176670952376728,0.04151857229025515
core,0.7960640242242149,0.5042125047021829,0.041584953499137316
