measure,Hyperarea,GD,HyperVolume
two-hop,0.30162598332332563,1.6168648889776778,0.01563439310412546
page_rank,0.8827616659484324,0.2959320209690312,0.04575681030734055
degree_centrality,0.8691355116994245,0.3340464648222259,0.04505051620867175
katz_centrality,0.795109955874328,0.5163496800049888,0.04121349717347697
betweenness,0.882680749578937,0.2895432243041161,0.04575261611188262
closeness,0.8184521634872216,0.47294484569552886,0.042423410343811814
eigenvector_centrality,0.7753261741560585,0.5723363582482475,0.04018803041142393
core,0.7661386481153305,0.5989947904825526,0.039711806870625206
