measure,Hyperarea,GD,HyperVolume
page_rank,0.8987005592245072,0.23792837987656404,0.2000524274432241
