measure,Hyperarea,GD,HyperVolume
two-hop,0.3659893282648933,1.3758565388716655,0.019266391028068847
page_rank,0.9217443797441678,0.18741622629617088,0.048522419307326516
degree_centrality,0.9089451085455895,0.21954322517711056,0.04784864074401379
katz_centrality,0.8134819789363212,0.44831939097012613,0.04282327568068005
betweenness,0.9086217492800955,0.21994864506804027,0.047831618482514826
closeness,0.8324078889748155,0.40844508552305253,0.04381957244455665
eigenvector_centrality,0.7903615916022838,0.5054396178081932,0.0416061734629466
core,0.7863109405643017,0.5061868244051343,0.04139293930339884
