measure,Hyperarea,GD,HyperVolume
two-hop,0.3068971228254683,1.6253372608986252,0.01599359298068426
page_rank,0.8831167226644837,0.286543820636329,0.046022619197912715
degree_centrality,0.8682488634090384,0.3237461512567946,0.04524779769669935
katz_centrality,0.7968737853770866,0.5069665862424282,0.04152816703839302
betweenness,0.882606581040932,0.2849092090718418,0.045996033749947374
closeness,0.8170668744862913,0.4730223048440042,0.042580506810307325
eigenvector_centrality,0.7754182959436733,0.5661554103040012,0.040410038715650375
core,0.7618238729214535,0.6043922667826732,0.03970158088905721
