measure,Hyperarea,GD,HyperVolume
two-hop,0.2697376021521421,1.6857008387155588,0.014057067008935458
page_rank,0.8177007663335218,0.4067299784394501,0.04261354135981708
degree_centrality,0.7992886306880956,0.4543029941440447,0.0416540139432451
katz_centrality,0.7419562085440112,0.599164656930501,0.03866620025529885
betweenness,0.8280476039588012,0.37558697080210895,0.04315275498323725
closeness,0.7707489624630511,0.5367152503595973,0.04016670173519057
eigenvector_centrality,0.7269049109472124,0.6355846007847179,0.037881819074471516
core,0.7011479068056781,0.7286925644405465,0.03653952222643045
