measure,Hyperarea,GD,HyperVolume
two-hop,0.30509340036369714,1.615564221951771,0.015934102736747606
page_rank,0.8740677596273021,0.2987467970665712,0.04564990741909691
degree_centrality,0.8620689678326345,0.33129927119162983,0.045023246924490466
katz_centrality,0.7915805648472732,0.5092127442870689,0.041341851477787586
betweenness,0.8767890686317247,0.2938118731153467,0.045792033132741376
closeness,0.8109987644526567,0.4729886671233008,0.0423560051340319
eigenvector_centrality,0.7666844282304707,0.5718621213446502,0.040041601789897456
core,0.7621280754592237,0.5915061903972463,0.03980363730729847
