measure,Hyperarea,GD,HyperVolume
page_rank,0.6835545938779934,0.675433491784418,0.15252355903435313
