measure,Hyperarea,GD,HyperVolume
two-hop,0.2670873875584482,1.7317506860756688,0.013957966867258623
page_rank,0.8149866846784659,0.41634747900618624,0.042591143093604907
degree_centrality,0.7981266590468679,0.45896984020525844,0.04171003941702086
katz_centrality,0.735645746792601,0.6110500217210978,0.038444791622831015
betweenness,0.8235935166540697,0.38810883176462524,0.043040935487943445
closeness,0.7677886516751933,0.5497429858046586,0.04012457742428706
eigenvector_centrality,0.7247644231959035,0.6510341183967784,0.03787613446674803
core,0.6965432129384757,0.7606629502194496,0.03640129613264318
