measure,Hyperarea,GD,HyperVolume
page_rank,0.9027692880905538,0.24262349544777237,0.20078028517723628
