measure,Hyperarea,GD,HyperVolume
page_rank,0.692053187776607,0.6621382135559857,0.15441987543660313
