measure,Hyperarea,GD,HyperVolume
two-hop,0.3071752813191599,1.6165897581953208,0.01599359298068426
page_rank,0.8839171420853913,0.28752342972447126,0.046022619197912715
degree_centrality,0.8690358072349426,0.32463846260481843,0.04524779769669935
katz_centrality,0.797596037869264,0.5079395030095526,0.04152816703839302
betweenness,0.8834065380911785,0.28548125148992726,0.045996033749947374
closeness,0.8178074291352238,0.4752162011271352,0.042580506810307325
eigenvector_centrality,0.7761211020931569,0.5673196729408612,0.040410038715650375
core,0.7625143576643508,0.6056644548156747,0.03970158088905721
