measure,Hyperarea,GD,HyperVolume
two-hop,0.37003311833678953,1.506682428727641,0.019266391028068847
page_rank,0.9319286678743887,0.17295518541767613,0.048522419307326516
degree_centrality,0.9189879784381648,0.20603592863422754,0.04784864074401379
katz_centrality,0.8224700834957754,0.4394114104589639,0.04282327568068005
betweenness,0.9186610463991322,0.2057582209971836,0.047831618482514826
closeness,0.8416051045689495,0.39790717490019256,0.04381957244455665
eigenvector_centrality,0.7990942406455811,0.4974547171011612,0.0416061734629466
core,0.7949988342522182,0.49726622438103485,0.04139293930339884
