measure,Hyperarea,GD,HyperVolume
two-hop,0.3600968484316128,1.3884121543761896,0.018956199413654277
page_rank,0.9200896116858917,0.1906445747371154,0.048435309093969606
degree_centrality,0.9033496742345258,0.23754120872073606,0.047554086184404334
katz_centrality,0.8148989906660953,0.45725318822055944,0.042897869937858574
betweenness,0.9060129581395908,0.2247762998064099,0.04769428663608692
closeness,0.832614335279671,0.42051760229243884,0.04383044018011195
eigenvector_centrality,0.7886974971539851,0.5248415363153422,0.04151857229025515
core,0.7899584917020974,0.5074851193478974,0.041584953499137316
