measure,Hyperarea,GD,HyperVolume
page_rank,0.9000936493223681,0.249356903661144,0.2006136816339127
