measure,Hyperarea,GD,HyperVolume
two-hop,0.3595257579193144,1.5564356843678469,0.018736274179747228
page_rank,0.9346647807643995,0.17858223483794994,0.04870898736130399
degree_centrality,0.9242779716149958,0.20902834208865745,0.048167690667564426
katz_centrality,0.8314369738697666,0.4441811399004313,0.04332938812439507
betweenness,0.9228902733481611,0.20851476532496702,0.04809537235758673
closeness,0.8486350249390008,0.4104983963481055,0.04422564491015444
eigenvector_centrality,0.8046672904916112,0.5173735436421986,0.04193431665474336
core,0.7956496742737991,0.519868683580113,0.041464373886574354
