measure,Hyperarea,GD,HyperVolume
page_rank,0.8345448189981047,0.3784453927787875,0.18594377463563805
