measure,Hyperarea,GD,HyperVolume
page_rank,0.82838085483048,0.37371600729351284,0.18480339182763122
