measure,Hyperarea,GD,HyperVolume
page_rank,0.8333317302579935,0.39169474237790775,0.18594377463563805
