measure,Hyperarea,GD,HyperVolume
page_rank,0.6905877380044022,0.6265514591374198,0.1540631408772742
