measure,Hyperarea,GD,HyperVolume
page_rank,0.8329929774522163,0.36315935122302045,0.18480339182763122
