measure,Hyperarea,GD,HyperVolume
page_rank,0.6915122444909261,0.6287049044618708,0.15341522885718695
