measure,Hyperarea,GD,HyperVolume
page_rank,0.6958514566934622,0.614894615146044,0.1547607520094264
