measure,Hyperarea,GD,HyperVolume
page_rank,0.9044995711612625,0.25405305439672415,0.20159567745374465
