measure,Hyperarea,GD,HyperVolume
page_rank,0.9011334048690968,0.24566456828107447,0.20078028517723628
