measure,Hyperarea,GD,HyperVolume
page_rank,0.901005463735637,0.24937055346588768,0.20128867006129975
