measure,Hyperarea,GD,HyperVolume
page_rank,0.84345898402448,0.34268411482751676,0.18712532438384602
