measure,Hyperarea,GD,HyperVolume
two-hop,0.2703473412288225,1.6963093010899446,0.014013105107379822
page_rank,0.8215858460978229,0.39748031210186,0.04258584073279188
degree_centrality,0.8044815057654129,0.44393203885304183,0.04169925935277532
katz_centrality,0.7476198274007831,0.5835335440653429,0.03875190772769992
betweenness,0.8336777014944792,0.36127933648873606,0.04321260643297002
closeness,0.7756641826694346,0.5284278477354037,0.04020555064596221
eigenvector_centrality,0.7286623263017821,0.6403659991608319,0.037769270153880694
core,0.713838528597252,0.6984268754454012,0.037000897754211726
