measure,Hyperarea,GD,HyperVolume
two-hop,0.30233656546777105,1.5133122629385254,0.015876972604469134
page_rank,0.8585322875942274,0.3162127104230775,0.04508516391028069
degree_centrality,0.8461869048831562,0.3506148225704102,0.04443685561587341
katz_centrality,0.7796348685230665,0.5101674422137124,0.04094192652442875
betweenness,0.8618733120083673,0.3071561075415574,0.04526061524218323
closeness,0.8006599963976688,0.4698759241959462,0.04204604497187504
eigenvector_centrality,0.755081133783857,0.5734018432262732,0.03965250599671759
core,0.7483771814156154,0.5850695997282692,0.03930045308532873
