measure,Hyperarea,GD,HyperVolume
page_rank,0.6843276377799109,0.6456940656043412,0.15252355903435313
