measure,Hyperarea,GD,HyperVolume
two-hop,0.3791388720258874,1.3929087402464901,0.019958608621245915
page_rank,0.9241232087535469,0.19212747751582213,0.04864764549930564
degree_centrality,0.91235057324523,0.22521035000313092,0.04802791103816857
katz_centrality,0.8218328285624582,0.4416769692710725,0.043262880668826886
betweenness,0.9121270729700484,0.21953542493677466,0.04801614554840158
closeness,0.8376533838088217,0.4177747550257481,0.04409570550856373
eigenvector_centrality,0.7928591322332349,0.523492419963726,0.04173764886588394
core,0.7914106106285991,0.5163062772292035,0.041661395867525146
