measure,Hyperarea,GD,HyperVolume
two-hop,0.2665218459318193,1.6535931218356918,0.013889481546942726
page_rank,0.8123355649556375,0.3996139892656973,0.04233394001879673
degree_centrality,0.7938971853802305,0.44738172767948275,0.04137304492979282
katz_centrality,0.7377618229039146,0.5725511518986978,0.03844761463900461
betweenness,0.8217079452730885,0.37052020020655047,0.042822370912763544
closeness,0.7685518071866269,0.5030335676412517,0.04005219949781874
eigenvector_centrality,0.7200238870904841,0.6201401444908315,0.03752322237652373
core,0.6978670790974283,0.7047377532311483,0.036368545638177
