measure,Hyperarea,GD,HyperVolume
page_rank,0.6914595353872205,0.6352349059777297,0.1540631408772742
