measure,Hyperarea,GD,HyperVolume
page_rank,0.9086834497081095,0.22377981931640703,0.20159567745374465
