measure,Hyperarea,GD,HyperVolume
two-hop,0.30904312280186774,1.7236891600778108,0.016109364698621106
page_rank,0.8722399408447553,0.3278370090761161,0.04546689531344247
degree_centrality,0.8568818428458196,0.36732366735636457,0.04466633000883727
katz_centrality,0.7910232487021308,0.5438624358361257,0.04123334595800194
betweenness,0.8735313649758347,0.321265143292565,0.04553421285191264
closeness,0.8129435519830905,0.49289955797108337,0.042375976658390484
eigenvector_centrality,0.7686476908319324,0.6033250003792754,0.04006698438749315
core,0.7650072687345706,0.6297485033791765,0.0398772215909888
