measure,Hyperarea,GD,HyperVolume
page_rank,0.9062327493523866,0.23710798100292715,0.20155057582516245
