measure,Hyperarea,GD,HyperVolume
two-hop,0.3586699651547584,1.561118509621018,0.018736274179747228
page_rank,0.9324399628228628,0.17689924257547404,0.04870898736130399
degree_centrality,0.9220778777882717,0.207421253944655,0.048167690667564426
katz_centrality,0.829457872982698,0.44498302768957093,0.04332938812439507
betweenness,0.9206934827121263,0.20641869626151216,0.04809537235758673
closeness,0.8466149868802684,0.4119897993078965,0.04422564491015444
eigenvector_centrality,0.8027519104947427,0.5188252650567946,0.04193431665474336
core,0.7937557592500035,0.5210823879588933,0.041464373886574354
