measure,Hyperarea,GD,HyperVolume
two-hop,0.34670297373066045,1.54750011317162,0.018068029429505254
page_rank,0.9409602285219136,0.15578880915261636,0.04903706742975775
degree_centrality,0.9298168539756511,0.1868773991271128,0.04845634319460226
katz_centrality,0.8345750749741973,0.4322438507919981,0.04349292667873024
betweenness,0.9265410058848847,0.19357635509372176,0.048285626113425635
closeness,0.8517403547770196,0.3942451556880481,0.0443874756273759
eigenvector_centrality,0.8087783011849228,0.49641278014438983,0.04214855728092694
core,0.8014959470758716,0.5076766867358055,0.04176904571532775
