measure,Hyperarea,GD,HyperVolume
two-hop,0.302688321265251,1.4755827216972175,0.015934102736747606
page_rank,0.8671774037664437,0.31274014614880075,0.04564990741909691
degree_centrality,0.8552731995417385,0.34551962395396574,0.045023246924490466
katz_centrality,0.78534046306539,0.5152215810928444,0.041341851477787586
betweenness,0.8698772604438112,0.3092362856853989,0.045792033132741376
closeness,0.804605587232417,0.48530273790968326,0.0423560051340319
eigenvector_centrality,0.7606405849639724,0.5785479610367402,0.040041601789897456
core,0.7561201503371435,0.5871603266629608,0.03980363730729847
