measure,Hyperarea,GD,HyperVolume
page_rank,0.8291576028240595,0.3768177729844413,0.18480339182763122
