measure,Hyperarea,GD,HyperVolume
page_rank,0.8448676160030555,0.3351839491766142,0.1887472225729074
