measure,Hyperarea,GD,HyperVolume
two-hop,0.26574142748872975,1.56393205926689,0.013989146291854283
page_rank,0.8087329811368696,0.42292513993649433,0.04257327918753244
degree_centrality,0.7919679290495142,0.4724943377478507,0.041690734194616275
katz_centrality,0.7312288147719784,0.6136803650509409,0.03849330892564071
betweenness,0.8160184239370805,0.39521920875383115,0.042956799085412896
closeness,0.7631559789701097,0.5534372333045009,0.040174017029275214
eigenvector_centrality,0.7188171883129778,0.6527658737645833,0.03783993673638289
core,0.6924713356067341,0.7231493361204366,0.036453039739651284
