measure,Hyperarea,GD,HyperVolume
two-hop,0.2671984537524772,1.7177725741352172,0.013957966867258623
page_rank,0.8153255904953186,0.4059720662249892,0.042591143093604907
degree_centrality,0.7984585537543782,0.45193205359746325,0.04171003941702086
katz_centrality,0.7359516593030971,0.6044793603021041,0.038444791622831015
betweenness,0.8239360015544536,0.37686457136704976,0.043040935487943445
closeness,0.7681079305604291,0.5410722366784643,0.04012457742428706
eigenvector_centrality,0.7250658107933781,0.6415497378974351,0.03787613446674803
core,0.6968328649671431,0.7511867505171764,0.03640129613264318
