measure,Hyperarea,GD,HyperVolume
page_rank,0.6962991855318106,0.6205667990974834,0.15486032908302824
