measure,Hyperarea,GD,HyperVolume
page_rank,0.6851854263952248,0.6411193339056871,0.15252355903435313
