measure,Hyperarea,GD,HyperVolume
two-hop,0.2852721719184277,1.5757868540163247,0.014980849079100566
page_rank,0.8625062441783661,0.3258228895726764,0.04529385318913156
degree_centrality,0.8487966983138091,0.3652386458268662,0.044573906914110166
katz_centrality,0.7844322780074221,0.5191208064595191,0.04119385880009539
betweenness,0.8662911491721624,0.3154336190099187,0.04549261456886758
closeness,0.8042503071370463,0.4842487238102611,0.04223458738374782
eigenvector_centrality,0.7611347246408493,0.5835601032187019,0.03997040567268443
core,0.7545792221791183,0.609112187362791,0.03962614849415758
