measure,Hyperarea,GD,HyperVolume
two-hop,0.29287815806888085,1.472395901281434,0.015417676640154865
page_rank,0.8564653786548988,0.34955335130365855,0.04508600555485419
degree_centrality,0.8412381816651805,0.39049489399942033,0.04428441624935124
katz_centrality,0.7793086203183449,0.5253841976350918,0.04102432352817404
betweenness,0.8591774928734387,0.3386201579515385,0.04522877652933833
closeness,0.7987126410796356,0.4972765864146675,0.04204578897165061
eigenvector_centrality,0.7536229427915505,0.5946924467694538,0.03967217943862308
core,0.749398687665007,0.5968158191534285,0.0394498064217481
