measure,Hyperarea,GD,HyperVolume
page_rank,0.6838373285756729,0.6085918507551902,0.1520887514202752
