measure,Hyperarea,GD,HyperVolume
page_rank,0.8421297215426403,0.35444145176699693,0.18712532438384602
