measure,Hyperarea,GD,HyperVolume
two-hop,0.28739360417018855,1.7730944433624436,0.014980849079100566
page_rank,0.8689202892337958,0.33249477863525584,0.04529385318913156
degree_centrality,0.8551087920553113,0.37213090725836906,0.044573906914110166
katz_centrality,0.7902657244410372,0.5359788574148664,0.04119385880009539
betweenness,0.8727333407498054,0.321271352185725,0.04549261456886758
closeness,0.8102311307434125,0.4957535381962775,0.04223458738374782
eigenvector_centrality,0.7667949183496487,0.5981606466422086,0.03997040567268443
core,0.7601906657618354,0.6471608371834441,0.03962614849415758
