measure,Hyperarea,GD,HyperVolume
page_rank,0.8360767153700152,0.38570963589538143,0.18594377463563805
