measure,Hyperarea,GD,HyperVolume
two-hop,0.3645231405246976,1.53315326111595,0.018996707065606192
page_rank,0.9361240778555924,0.17210744393769653,0.048785036962224186
degree_centrality,0.922216006224037,0.2075615755404169,0.04806023369664324
katz_centrality,0.830368374874648,0.43977728177834785,0.04327369930844871
betweenness,0.9243892055028373,0.20262848000852426,0.048173487494564356
closeness,0.8498551658067269,0.39337682221631115,0.044289231157682116
eigenvector_centrality,0.8061458331314569,0.4969931763226542,0.04201136921544699
core,0.7982851704730322,0.5073394831812408,0.04160171976041184
