measure,Hyperarea,GD,HyperVolume
page_rank,0.6943652542214789,0.6306601205336919,0.1547607520094264
