measure,Hyperarea,GD,HyperVolume
two-hop,0.3034244635455778,1.5327010100497642,0.015934102736747606
page_rank,0.8692863914828777,0.2987160878360229,0.04564990741909691
degree_centrality,0.8573532360650548,0.3316983289062006,0.045023246924490466
katz_centrality,0.7872504221840545,0.5062437874644913,0.041341851477787586
betweenness,0.8719928142498873,0.29485696505041536,0.045792033132741376
closeness,0.8065623994056553,0.46944822697385963,0.0423560051340319
eigenvector_centrality,0.7624904736295934,0.5668582583720368,0.040041601789897456
core,0.7579590452417885,0.5790553456344915,0.03980363730729847
