measure,Hyperarea,GD,HyperVolume
two-hop,0.3000045247226971,1.6308443476811945,0.01563439310412546
page_rank,0.8780161812266374,0.3073877811941066,0.04575681030734055
degree_centrality,0.86446327744749,0.34528970022314504,0.04505051620867175
katz_centrality,0.7908356627176413,0.5268000608133695,0.04121349717347697
betweenness,0.8779356998413625,0.3011251522711981,0.04575261611188262
closeness,0.8140523890212837,0.4835721803510307,0.042423410343811814
eigenvector_centrality,0.7711582331864965,0.5820883247797092,0.04018803041142393
core,0.7620200967671569,0.6101829688592814,0.039711806870625206
