measure,Hyperarea,GD,HyperVolume
two-hop,0.347017210553878,1.538860816774159,0.018068029429505254
page_rank,0.9418130748352959,0.15624532915288225,0.04903706742975775
degree_centrality,0.9306596004084938,0.1880101524616654,0.04845634319460226
katz_centrality,0.83533149831108,0.4325441639403622,0.04349292667873024
betweenness,0.9273807832284051,0.19355723185821802,0.048285626113425635
closeness,0.8525123359931348,0.39630612588692055,0.0443874756273759
eigenvector_centrality,0.8095113434236926,0.4976279137414095,0.04214855728092694
core,0.8022223888987403,0.5088842620853388,0.04176904571532775
