measure,Hyperarea,GD,HyperVolume
page_rank,0.6904224448684849,0.6252507393204827,0.15341522885718695
