measure,Hyperarea,GD,HyperVolume
page_rank,0.8368111065212139,0.35476150163964465,0.18694736214563262
