measure,Hyperarea,GD,HyperVolume
two-hop,0.3802587455301359,1.5885588787815106,0.01982159239153306
page_rank,0.9293202685021197,0.19049511487509055,0.048442298250782036
degree_centrality,0.9157697337222839,0.22764688643763203,0.047735955056179794
katz_centrality,0.8245526449221948,0.45744528118887684,0.04298111910673455
betweenness,0.9165953409809103,0.22379676007535348,0.047778991148704555
closeness,0.8418597196390599,0.4143815979364821,0.043883277925065585
eigenvector_centrality,0.7997391506245093,0.5113323751335728,0.04168767621933257
core,0.801077398635315,0.5146842505609045,0.04175743452706588
