measure,Hyperarea,GD,HyperVolume
page_rank,0.6864096173044791,0.6338548792219593,0.15252355903435313
