measure,Hyperarea,GD,HyperVolume
page_rank,0.9020201878386698,0.2377796135331751,0.2006136816339127
