measure,Hyperarea,GD,HyperVolume
page_rank,0.6896152259758286,0.6231879247993931,0.1540631408772742
