measure,Hyperarea,GD,HyperVolume
page_rank,0.8413288289290658,0.34734812051110603,0.18694736214563262
