measure,Hyperarea,GD,HyperVolume
two-hop,0.3819103947333738,1.544943866101039,0.019958608621245915
page_rank,0.9308785921936303,0.18756079164747497,0.04864764549930564
degree_centrality,0.9190198981747104,0.22126584305545863,0.04802791103816857
katz_centrality,0.8278404645876113,0.4467675191498097,0.043262880668826886
betweenness,0.9187947641021699,0.21593191552686314,0.04801614554840158
closeness,0.8437766688252692,0.41557218239731464,0.04409570550856373
eigenvector_centrality,0.7986549691968272,0.5218654028367858,0.04173764886588394
core,0.7971958588321993,0.5239852799885045,0.041661395867525146
