measure,Hyperarea,GD,HyperVolume
two-hop,0.2950191109637327,1.6362016506876482,0.015417676640154865
page_rank,0.8627261802246093,0.34711414683713704,0.04508600555485419
degree_centrality,0.8473876717199232,0.3879605171201921,0.04428441624935124
katz_centrality,0.785005402412492,0.5308845897259488,0.04102432352817404
betweenness,0.8654581201236494,0.33565321578677726,0.04522877652933833
closeness,0.8045512674638947,0.49710154328857453,0.04204578897165061
eigenvector_centrality,0.7591319613938078,0.6011929465127119,0.03967217943862308
core,0.7548768267667192,0.6131074447917267,0.0394498064217481
