measure,Hyperarea,GD,HyperVolume
two-hop,0.3057555791634285,1.6113481805104946,0.015934102736747606
page_rank,0.8759648479919272,0.2982291295381307,0.04564990741909691
degree_centrality,0.8639400138589484,0.3316902835712684,0.045023246924490466
katz_centrality,0.7932986219002819,0.5117190324713424,0.041341851477787586
betweenness,0.8786920633618369,0.2941807605075782,0.045792033132741376
closeness,0.8127589670259956,0.4753772867321413,0.0423560051340319
eigenvector_centrality,0.768348450375339,0.5742809011631489,0.040041601789897456
core,0.7637822084350521,0.5924650706680413,0.03980363730729847
