measure,Hyperarea,GD,HyperVolume
page_rank,0.6950374410642569,0.631623538034987,0.15486032908302824
