measure,Hyperarea,GD,HyperVolume
page_rank,0.6898015749673538,0.6229981078339303,0.15341522885718695
