measure,Hyperarea,GD,HyperVolume
page_rank,0.6944326787827543,0.635557778731867,0.1540631408772742
