measure,Hyperarea,GD,HyperVolume
page_rank,0.9000106671574725,0.23563731856048753,0.20059518649441005
