measure,Hyperarea,GD,HyperVolume
two-hop,0.30595319152272765,1.6410388470642387,0.01598244469693782
page_rank,0.8738482708367098,0.30127414662481256,0.04564826270532621
degree_centrality,0.8599686058777726,0.34111541049928734,0.04492321396007799
katz_centrality,0.7905139573769042,0.5214685570310906,0.04129502798468207
betweenness,0.8760953786043274,0.29402158334897655,0.04576564757536225
closeness,0.8138727879619628,0.4773103321912534,0.04251525130104224
eigenvector_centrality,0.7692628686309365,0.5814433703733944,0.0401849093127972
core,0.7579138096651318,0.6181834513490253,0.0395920548752262
