measure,Hyperarea,GD,HyperVolume
two-hop,0.26779532392132643,1.7100764427258401,0.013989146291854283
page_rank,0.814983620341217,0.4129549535346299,0.04257327918753244
degree_centrality,0.7980889923687617,0.4605197624011988,0.041690734194616275
katz_centrality,0.7368804298335244,0.6046432100834741,0.03849330892564071
betweenness,0.8223253718062777,0.381345816545812,0.042956799085412896
closeness,0.7690543567937479,0.5438232488354423,0.040174017029275214
eigenvector_centrality,0.7243728748038536,0.6509131771136681,0.03783993673638289
core,0.6978233968917154,0.734102809352229,0.036453039739651284
