measure,Hyperarea,GD,HyperVolume
two-hop,0.2677705638504686,1.8307725733475675,0.013957966867258623
page_rank,0.8170713191734691,0.42678905506583964,0.042591143093604907
degree_centrality,0.800168167694935,0.47146700997615376,0.04171003941702086
katz_centrality,0.7375274370443518,0.6248489127744917,0.038444791622831015
betweenness,0.8257001663539423,0.39615268693761374,0.043040935487943445
closeness,0.7697525594766876,0.560256008304973,0.04012457742428706
eigenvector_centrality,0.7266182803763326,0.6651967707233133,0.03787613446674803
core,0.6983248837758645,0.7823577478513528,0.03640129613264318
