measure,Hyperarea,GD,HyperVolume
two-hop,0.37880951679235775,1.5606900256643588,0.01979655697232392
page_rank,0.9321328339074486,0.1874122894133345,0.04871319207731909
degree_centrality,0.9197901184085776,0.22609832848286085,0.04806816268989607
katz_centrality,0.8244218489913108,0.4729858704595054,0.0430842240738403
betweenness,0.9183767730029571,0.2188953780364401,0.04799430136486691
closeness,0.8456508177111085,0.4291929353990942,0.044193648388952005
eigenvector_centrality,0.8018483836165416,0.5353246288333547,0.041904536464251144
core,0.8049607363493323,0.510103754188287,0.04206718778493175
