measure,Hyperarea,GD,HyperVolume
page_rank,0.8999972490946376,0.24894215007616224,0.20078028517723628
