measure,Hyperarea,GD,HyperVolume
page_rank,0.9029817770597128,0.24478659060325025,0.2014461031856247
