measure,Hyperarea,GD,HyperVolume
page_rank,0.8387769570567893,0.36423419699264453,0.18694736214563262
