measure,Hyperarea,GD,HyperVolume
two-hop,0.3803516622016993,1.4841425514099422,0.01982159239153306
page_rank,0.929547349002386,0.18450010064038141,0.048442298250782036
degree_centrality,0.9159935031334446,0.22159166119102783,0.047735955056179794
katz_centrality,0.8247541253304578,0.4463111102463526,0.04298111910673455
betweenness,0.9168193121301754,0.21690484514343072,0.047778991148704555
closeness,0.842065429051379,0.40784362470769525,0.043883277925065585
eigenvector_centrality,0.7999345678262658,0.5050105212158598,0.04168767621933257
core,0.8012731428395465,0.5004023383700401,0.04175743452706588
