measure,Hyperarea,GD,HyperVolume
page_rank,0.9010773533354189,0.24991918048076336,0.20058150626323837
