measure,Hyperarea,GD,HyperVolume
two-hop,0.3016030625519912,1.456349781683073,0.015876972604469134
page_rank,0.8564493905577174,0.3292114731739849,0.04508516391028069
degree_centrality,0.8441339591500916,0.36255733182751493,0.04443685561587341
katz_centrality,0.7777433856042854,0.5240794515034171,0.04094192652442875
betweenness,0.8597823092663972,0.3200542907074128,0.04526061524218323
closeness,0.7987175041258615,0.48456349856158343,0.04204604497187504
eigenvector_centrality,0.7532492210199349,0.5882060778911194,0.03965250599671759
core,0.746561533203094,0.5949462561647992,0.03930045308532873
