measure,Hyperarea,GD,HyperVolume
page_rank,0.9018937431444222,0.2403369782526592,0.20058150626323837
