measure,Hyperarea,GD,HyperVolume
two-hop,0.27133440993173574,1.6725299283409691,0.014170973081401056
page_rank,0.8145389908627726,0.4071195256502473,0.04254090041941955
degree_centrality,0.7972526220800652,0.4496498976580394,0.041638085819691674
katz_centrality,0.7348404529190713,0.5977461302908998,0.03837848756470143
betweenness,0.8220883940898069,0.3751704444915586,0.0429351828472836
closeness,0.7675229523828402,0.5217604518930206,0.0400853953625384
eigenvector_centrality,0.7231831676778109,0.6330356725519366,0.03776966292134832
core,0.6910775228739559,0.7333644009212322,0.03609288249239013
