measure,Hyperarea,GD,HyperVolume
two-hop,0.2638481703141644,1.4917004041397,0.013889481546942726
page_rank,0.8041864326179776,0.40709639321904567,0.04233394001879673
degree_centrality,0.7859330219171763,0.45415280424072063,0.04137304492979282
katz_centrality,0.7303607943291709,0.5790928871983634,0.03844761463900461
betweenness,0.8134647917318513,0.38136504432297796,0.042822370912763544
closeness,0.7608419017543151,0.5098012352732795,0.04005219949781874
eigenvector_centrality,0.7128008007265416,0.6182202525968661,0.03752322237652373
core,0.6908662638838636,0.6856090553457546,0.036368545638177
