measure,Hyperarea,GD,HyperVolume
page_rank,0.904173781704248,0.22053041836742399,0.20059518649441005
