measure,Hyperarea,GD,HyperVolume
two-hop,0.3820692091738118,1.5320150616977537,0.019958608621245915
page_rank,0.93126569075071,0.17939975748066636,0.04864764549930564
degree_centrality,0.9194020653869486,0.21308103167662654,0.04802791103816857
katz_centrality,0.8281847155479635,0.4403984810517193,0.043262880668826886
betweenness,0.9191768376941708,0.20821496154736663,0.04801614554840158
closeness,0.8441275467310873,0.40862378835507074,0.04409570550856373
eigenvector_centrality,0.7989870835979673,0.515613697066753,0.04173764886588394
core,0.7975273664737453,0.5185021990897205,0.041661395867525146
