measure,Hyperarea,GD,HyperVolume
two-hop,0.38215140641342593,1.5298338249039949,0.019958608621245915
page_rank,0.9314660404970101,0.17877776842802992,0.04864764549930564
degree_centrality,0.9195998628279771,0.2128582219151485,0.04802791103816857
katz_centrality,0.8283628887581415,0.4380387056347061,0.043262880668826886
betweenness,0.9193745866803796,0.2072878482053301,0.04801614554840158
closeness,0.8443091498348118,0.4055071685646834,0.04409570550856373
eigenvector_centrality,0.7991589753159656,0.5120014193405964,0.04173764886588394
core,0.7976989441525189,0.5149526313666923,0.041661395867525146
