measure,Hyperarea,GD,HyperVolume
page_rank,0.8431119634598198,0.35865651180236874,0.18750841644573496
