measure,Hyperarea,GD,HyperVolume
two-hop,0.2719233177667798,1.6675502813057241,0.014170973081401056
page_rank,0.8163068771908969,0.4069008602821509,0.04254090041941955
degree_centrality,0.7989829898420107,0.4496282135042064,0.041638085819691674
katz_centrality,0.736435360473702,0.6003357909641106,0.03837848756470143
betweenness,0.8238726657437416,0.3752804835210384,0.0429351828472836
closeness,0.7691887944717523,0.5237569265538368,0.0400853953625384
eigenvector_centrality,0.7247527741045247,0.6350326909518665,0.03776966292134832
core,0.6925774467794631,0.7352399553127694,0.03609288249239013
