measure,Hyperarea,GD,HyperVolume
two-hop,0.26577691265452913,1.6754529357432961,0.013889481546942726
page_rank,0.8100650726718021,0.4117816384453102,0.04233394001879673
degree_centrality,0.7916782286937004,0.4572064164722691,0.04137304492979282
katz_centrality,0.7356997655492015,0.5815150118828024,0.03844761463900461
betweenness,0.819411257020358,0.3804783184507869,0.042822370912763544
closeness,0.7664036912808061,0.5129087698824512,0.04005219949781874
eigenvector_centrality,0.7180114075803627,0.6292653631337758,0.03752322237652373
core,0.6959165282578623,0.7148138897545921,0.036368545638177
