measure,Hyperarea,GD,HyperVolume
page_rank,0.8417625286452585,0.36063176613796905,0.18805353210172676
