measure,Hyperarea,GD,HyperVolume
two-hop,0.30434501323574825,1.557542795302737,0.01598244469693782
page_rank,0.8692550720918956,0.3012145089196581,0.04564826270532621
degree_centrality,0.8554483626582999,0.3407571209823248,0.04492321396007799
katz_centrality,0.7863587878377976,0.516388199754887,0.04129502798468207
betweenness,0.8714903684124666,0.29480027507219014,0.04576564757536225
closeness,0.809594837666855,0.47131216547600296,0.04251525130104224
eigenvector_centrality,0.7652194009483322,0.573805889453272,0.0401849093127972
core,0.7539299959123186,0.6005313584122595,0.0395920548752262
