measure,Hyperarea,GD,HyperVolume
page_rank,0.839391008561131,0.3573293324650237,0.18752372385641544
