measure,Hyperarea,GD,HyperVolume
page_rank,0.90274883477992,0.22242175061956068,0.20059518649441005
