measure,Hyperarea,GD,HyperVolume
page_rank,0.694027139311113,0.665447184313153,0.15486032908302824
