measure,Hyperarea,GD,HyperVolume
two-hop,0.2709756329280818,1.6652233594268968,0.014155279916957735
page_rank,0.8062509620008453,0.4232471829018518,0.04211710081499249
degree_centrality,0.7852851840430467,0.4731298415340711,0.0410218862657633
katz_centrality,0.7389705159697239,0.5853360484848961,0.03860249126793754
betweenness,0.8181529868400966,0.38790314955841015,0.04273884119569639
closeness,0.7642835576238638,0.525517932757448,0.039924799057358074
eigenvector_centrality,0.7142362188578909,0.6394815676843826,0.0373104160529675
core,0.6980615139189236,0.7156930699160239,0.03646547854507708
