measure,Hyperarea,GD,HyperVolume
page_rank,0.902787531720167,0.2591072823908902,0.20078028517723628
