measure,Hyperarea,GD,HyperVolume
two-hop,0.3066832011500601,1.6361884087900087,0.01598244469693782
page_rank,0.8759332879838221,0.3008334747927541,0.04564826270532621
degree_centrality,0.8620205059032959,0.34107659283295827,0.04492321396007799
katz_centrality,0.7924001374051421,0.5197990873940712,0.04129502798468207
betweenness,0.8781857573895905,0.2947557863963065,0.04576564757536225
closeness,0.8158147025655633,0.4747752458913428,0.04251525130104224
eigenvector_centrality,0.7710983431924373,0.5795602348426985,0.0401849093127972
core,0.759722205174883,0.6170403208826537,0.0395920548752262
