measure,Hyperarea,GD,HyperVolume
two-hop,0.37896704175703955,1.5495724180590593,0.01979655697232392
page_rank,0.9325204540311016,0.17956852540880935,0.04871319207731909
degree_centrality,0.9201726059108554,0.218410963713408,0.04806816268989607
katz_centrality,0.8247646783471964,0.46514379672605094,0.0430842240738403
betweenness,0.9187586727766398,0.21207172191117077,0.04799430136486691
closeness,0.8460024749670324,0.42185330402067556,0.044193648388952005
eigenvector_centrality,0.8021818259740064,0.5292141161172356,0.041904536464251144
core,0.8052954729542555,0.5039459925450044,0.04206718778493175
