measure,Hyperarea,GD,HyperVolume
page_rank,0.6928358428877051,0.6304228399730659,0.15441987543660313
