measure,Hyperarea,GD,HyperVolume
page_rank,0.8390490771187026,0.36015071219922307,0.18694736214563262
