measure,Hyperarea,GD,HyperVolume
page_rank,0.6900661978104451,0.6241192222205182,0.15375269326263521
