measure,Hyperarea,GD,HyperVolume
two-hop,0.3610579947119155,1.6347897249484653,0.018820722692140444
page_rank,0.9323101346843149,0.1579015591073422,0.04859814978467925
degree_centrality,0.9205967644268542,0.1931610844733857,0.047987571715131364
katz_centrality,0.8259240598478068,0.4414184658541468,0.04305260629269591
betweenness,0.9178697443626064,0.19908781838861211,0.04784542145352017
closeness,0.8438942037580416,0.39901781015850035,0.043989328648178554
eigenvector_centrality,0.8001197291986663,0.5048618521384485,0.04170751448330037
core,0.7928471599137216,0.5230116522569789,0.041328420233135564
