measure,Hyperarea,GD,HyperVolume
two-hop,0.3765360764218254,1.3585313808852841,0.01982159239153306
page_rank,0.9202223795095693,0.19881799637900902,0.048442298250782036
degree_centrality,0.9068045021842139,0.2356534435569042,0.047735955056179794
katz_centrality,0.8164804133285514,0.4532099886880982,0.04298111910673455
betweenness,0.9076220268867562,0.23073027912305763,0.047778991148704555
closeness,0.8336180546973055,0.4181289186323855,0.043883277925065585
eigenvector_centrality,0.7919098389630885,0.5138815348300986,0.04168767621933257
core,0.7932349857511409,0.5033288028767631,0.04175743452706588
