measure,Hyperarea,GD,HyperVolume
page_rank,0.6898155148350547,0.6253708212641932,0.15341522885718695
