measure,Hyperarea,GD,HyperVolume
two-hop,0.27186837228471955,1.6499989505603803,0.014155279916957735
page_rank,0.8089071859473588,0.42307123087656606,0.04211710081499249
degree_centrality,0.7878723354499992,0.47303317593956307,0.0410218862657633
katz_centrality,0.7414050819706313,0.5832892448162371,0.03860249126793754
betweenness,0.8208484224525553,0.3873023295131632,0.04273884119569639
closeness,0.7668015183871587,0.5244157905725222,0.039924799057358074
eigenvector_centrality,0.7165892967919493,0.6387221681558906,0.0373104160529675
core,0.7003613036826583,0.7129021436172173,0.03646547854507708
