measure,Hyperarea,GD,HyperVolume
two-hop,0.36881803353224785,1.5202027111174279,0.019266391028068847
page_rank,0.9288684759425403,0.1712091240383793,0.048522419307326516
degree_centrality,0.9159702800949037,0.20427833403610507,0.04784864074401379
katz_centrality,0.8197693228040357,0.43977411672080635,0.04282327568068005
betweenness,0.9156444216088399,0.2046824191733367,0.047831618482514826
closeness,0.8388415098437453,0.3973614707851883,0.04381957244455665
eigenvector_centrality,0.7964702396546172,0.4992947228438224,0.0416061734629466
core,0.7923882814252979,0.49859577426686685,0.04139293930339884
