measure,Hyperarea,GD,HyperVolume
two-hop,0.38137195768101984,1.3929548964126595,0.019958608621245915
page_rank,0.9295661913472747,0.17627197261530744,0.04864764549930564
degree_centrality,0.9177242163293047,0.21074719766828573,0.04802791103816857
katz_centrality,0.8266733322295537,0.4297147118231824,0.043262880668826886
betweenness,0.9174993996624384,0.20447784539090405,0.04801614554840158
closeness,0.8425870687811949,0.4042753646406041,0.04409570550856373
eigenvector_centrality,0.7975289840615906,0.510175391158498,0.04173764886588394
core,0.7960719308263171,0.5049687366832943,0.041661395867525146
