measure,Hyperarea,GD,HyperVolume
page_rank,0.6921017286910206,0.6348035610645345,0.1540631408772742
