measure,Hyperarea,GD,HyperVolume
page_rank,0.8460590686974948,0.3334995335526971,0.1887472225729074
