measure,Hyperarea,GD,HyperVolume
page_rank,0.8476428385683012,0.34393086597820255,0.18805353210172676
