measure,Hyperarea,GD,HyperVolume
two-hop,0.363584302175901,1.4087500261844235,0.019027714654434768
page_rank,0.9325574256817748,0.16638848634790807,0.04880418788312363
degree_centrality,0.9167639710726152,0.21322272890231983,0.04797765784342607
katz_centrality,0.8218439619818462,0.4555451865499442,0.043010141817110624
betweenness,0.9160537380317456,0.21030060210477045,0.04794048871494901
closeness,0.8422835830332848,0.40996477084890187,0.04407982297409136
eigenvector_centrality,0.8009583931158037,0.5130826079305184,0.0419171225574773
core,0.7975666433661448,0.5037611734515993,0.04173961971692689
