measure,Hyperarea,GD,HyperVolume
two-hop,0.368144964574388,1.376677884521072,0.019266391028068847
page_rank,0.92717335130044,0.17118130384500596,0.048522419307326516
degree_centrality,0.9142986938225361,0.20389795675294597,0.04784864074401379
katz_centrality,0.8182732970308357,0.4349842705745865,0.04282327568068005
betweenness,0.9139734300070461,0.20371705658540656,0.047831618482514826
closeness,0.8373106785678642,0.39521809264600843,0.04381957244455665
eigenvector_centrality,0.7950167331949776,0.49556275345413353,0.0416061734629466
core,0.790942224274319,0.4958305085302083,0.04139293930339884
