measure,Hyperarea,GD,HyperVolume
two-hop,0.2699321479084082,1.575934571037649,0.01417527949613545
page_rank,0.810604203540408,0.39671565793995195,0.04256825737491058
degree_centrality,0.7941316062445493,0.43977270713294486,0.041703211575418356
katz_centrality,0.7355042439310697,0.5840506830073956,0.03862444065704386
betweenness,0.8193796431331024,0.3814843357663675,0.043029092847423865
closeness,0.7661717374830818,0.5211634278287887,0.040234920534724855
eigenvector_centrality,0.7205440593579523,0.6153454755305177,0.03783881805047063
core,0.6911708112571693,0.7185924712334442,0.03629630447895187
