measure,Hyperarea,GD,HyperVolume
page_rank,0.904254163079262,0.2413629813008814,0.20128867006129975
