measure,Hyperarea,GD,HyperVolume
two-hop,0.3003165583209569,1.6458186279017744,0.015650654378655895
page_rank,0.8768693214864731,0.30659935100131946,0.04569704302206511
degree_centrality,0.8614864755742494,0.3469650807902058,0.04489538357951438
katz_centrality,0.7946693625508214,0.5185503558478927,0.04141328606096312
betweenness,0.8784545221494461,0.29947933465182575,0.0457796539438062
closeness,0.8140964653652262,0.4877868655301558,0.04242570733212699
eigenvector_centrality,0.7686774415898944,0.5944874739655974,0.040058746791230074
core,0.761927502798814,0.6109274813344938,0.039706981441737156
