measure,Hyperarea,GD,HyperVolume
page_rank,0.8458957546510162,0.343835430539738,0.1887472225729074
