measure,Hyperarea,GD,HyperVolume
two-hop,0.3824073794429988,1.4707862161576184,0.01982159239153306
page_rank,0.9345713483741439,0.17275709472658596,0.048442298250782036
degree_centrality,0.9209442469435535,0.20966902157490974,0.047735955056179794
katz_centrality,0.8292117403319549,0.43592339283131,0.04298111910673455
betweenness,0.9217745192566341,0.20561722256892506,0.047778991148704555
closeness,0.8466166078493966,0.3973974109365493,0.043883277925065585
eigenvector_centrality,0.8042580385677184,0.4949074488274042,0.04168767621933257
core,0.8056038482851086,0.48962380618400564,0.04175743452706588
