measure,Hyperarea,GD,HyperVolume
two-hop,0.3614735472242082,1.517159992141102,0.018820722692140444
page_rank,0.933383158476554,0.15678571092355045,0.04859814978467925
degree_centrality,0.9216563069487456,0.19081387282433643,0.047987571715131364
katz_centrality,0.8268746407047868,0.4364010667237499,0.04305260629269591
betweenness,0.9189261482750352,0.19757457813230322,0.04784542145352017
closeness,0.8448654669944663,0.3992402322766148,0.043989328648178554
eigenvector_centrality,0.801040611074911,0.5039322766424129,0.04170751448330037
core,0.7937596715711054,0.5147859068439249,0.041328420233135564
