measure,Hyperarea,GD,HyperVolume
page_rank,0.8414956447748847,0.354740377099275,0.1873185063614302
