measure,Hyperarea,GD,HyperVolume
page_rank,0.8447976194236873,0.3516013240037579,0.18805353210172676
