measure,Hyperarea,GD,HyperVolume
page_rank,0.8438537704519261,0.34827472948293725,0.18750841644573496
