measure,Hyperarea,GD,HyperVolume
page_rank,0.8413894301111445,0.35703679972259755,0.18712532438384602
