measure,Hyperarea,GD,HyperVolume
two-hop,0.2734760849640282,1.646070463679026,0.01417527949613545
page_rank,0.8212466197795545,0.3915520547531061,0.04256825737491058
degree_centrality,0.8045577538828217,0.4378853435955792,0.041703211575418356
katz_centrality,0.7451606733887329,0.5840850026180329,0.03862444065704386
betweenness,0.830137272049927,0.3653367325921792,0.043029092847423865
closeness,0.7762308002233832,0.5144142879080887,0.040234920534724855
eigenvector_centrality,0.7300040766695322,0.6190465056627165,0.03783881805047063
core,0.7002451874245028,0.7277529525923638,0.03629630447895187
