measure,Hyperarea,GD,HyperVolume
page_rank,0.8406278085106321,0.35154716701160654,0.18712532438384602
