measure,Hyperarea,GD,HyperVolume
page_rank,0.9038284761106143,0.26002860996877625,0.2014461031856247
