measure,Hyperarea,GD,HyperVolume
page_rank,0.6912120361040925,0.6234332006848287,0.15441987543660313
