measure,Hyperarea,GD,HyperVolume
page_rank,0.6825981658939327,0.6255474591191335,0.1520887514202752
