measure,Hyperarea,GD,HyperVolume
two-hop,0.26703166693126956,1.5416753654772186,0.014057067008935458
page_rank,0.8094978117357853,0.41702112989624146,0.04261354135981708
degree_centrality,0.7912703816929036,0.4651870873389392,0.0416540139432451
katz_centrality,0.7345131030183979,0.6083543444671542,0.03866620025529885
betweenness,0.8197408526633424,0.38951737143588405,0.04315275498323725
closeness,0.7630170157587745,0.5469568307532398,0.04016670173519057
eigenvector_centrality,0.7196127959989678,0.6393942292701718,0.037881819074471516
core,0.6941141792091955,0.7140377112097172,0.03653952222643045
