measure,Hyperarea,GD,HyperVolume
two-hop,0.37952792970320604,1.4878208661676369,0.01982159239153306
page_rank,0.927534216324513,0.18451797707781656,0.048442298250782036
degree_centrality,0.9140097241943121,0.2208585085497233,0.047735955056179794
katz_centrality,0.822967944688132,0.4446308842787122,0.04298111910673455
betweenness,0.9148337447258521,0.21655888595240705,0.047778991148704555
closeness,0.8402417570953997,0.40569063461552424,0.043883277925065585
eigenvector_centrality,0.7982021392196117,0.5019509371793722,0.04168767621933257
core,0.7995378152637286,0.49790786881200316,0.04175743452706588
