n_nodes,influence,nodes
0.1557632398753892,4.47,[215]
0.46728971962616805,11.15,"[55, 220, 134]"
0.9345794392523363,17.81,"[55, 215, 172, 498, 220, 134]"
0.6230529595015577,13.83,"[55, 498, 134, 220]"
0.46728971962616805,11.15,"[55, 134, 220]"
1.4018691588785046,22.88,"[55, 56, 355, 215, 172, 220, 134, 425, 498]"
1.4018691588785046,22.88,"[55, 215, 355, 220, 56, 172, 134, 425, 498]"
1.2461059190031152,21.47,"[55, 220, 56, 294, 134, 172, 215, 498]"
1.7133956386292835,25.91,"[55, 182, 56, 280, 379, 220, 134, 215, 425, 172, 498]"
0.9345794392523363,17.81,"[55, 172, 215, 220, 498, 134]"
0.31152647975077885,7.96,"[55, 215]"
2.336448598130841,30.56,"[55, 56, 107, 280, 134, 220, 291, 215, 328, 425, 172, 379, 656, 498, 182]"
1.8691588785046727,27.62,"[55, 56, 107, 280, 513, 220, 215, 172, 425, 498, 595, 379]"
1.0903426791277258,20.0,"[55, 220, 355, 134, 172, 498, 215]"
2.1806853582554515,29.61,"[55, 182, 56, 107, 215, 220, 134, 606, 280, 425, 172, 498, 595, 379]"
0.7788161993769471,16.26,"[55, 56, 280, 220, 134]"
1.557632398753894,24.75,"[55, 56, 182, 280, 215, 220, 134, 425, 172, 498]"
2.0249221183800623,28.54,"[55, 56, 107, 595, 280, 220, 326, 379, 134, 215, 425, 172, 498]"
