n_nodes,influence,nodes
0.2938295788442704,6.48,"[17, 122, 268]"
0.5876591576885406,12.43,"[250, 63, 174, 466, 476, 122]"
1.0773751224289911,19.82,"[17, 476, 509, 63, 589, 229, 268, 769, 304, 466, 122]"
0.19588638589618013,4.46,"[122, 476]"
1.4691478942213516,25.09,"[17, 476, 509, 63, 704, 227, 268, 589, 174, 405, 304, 122, 860, 624, 466]"
0.9794319294809011,18.48,"[558, 476, 110, 63, 860, 268, 174, 122, 304, 466]"
0.4897159647404503,9.9,"[860, 466, 268, 65, 122]"
2.0568070519098924,31.6,"[17, 476, 246, 227, 704, 405, 860, 63, 341, 509, 1070, 229, 122, 268, 589, 174, 558, 250, 624, 304, 466]"
2.2526934378060726,33.26,"[17, 476, 246, 268, 597, 509, 770, 122, 405, 250, 61, 341, 229, 860, 63, 704, 589, 227, 174, 848, 624, 304, 466]"
0.09794319294809029,2.41,[122]
1.3712047012732616,24.18,"[466, 476, 63, 624, 405, 61, 704, 268, 589, 174, 304, 122, 860, 509]"
0.6856023506366307,13.92,"[704, 476, 63, 268, 860, 466, 122]"
2.4485798237022527,34.75,"[17, 476, 63, 227, 792, 509, 341, 246, 268, 466, 122, 304, 677, 405, 174, 1017, 860, 890, 558, 11, 880, 250, 704, 589, 624]"
2.3506366307541624,34.12,"[17, 476, 341, 268, 509, 246, 63, 250, 589, 558, 860, 304, 466, 122, 792, 405, 677, 174, 704, 61, 890, 956, 624, 239]"
1.5670910871694417,26.32,"[17, 476, 997, 268, 405, 558, 792, 304, 466, 122, 704, 246, 589, 860, 509, 174]"
1.1753183153770812,21.42,"[17, 476, 246, 704, 268, 848, 558, 624, 174, 304, 466, 122]"
1.6650342801175317,27.41,"[17, 476, 63, 769, 246, 709, 704, 268, 589, 558, 405, 860, 174, 304, 466, 624, 122]"
1.9588638589618022,30.53,"[17, 476, 246, 509, 405, 341, 229, 63, 860, 61, 641, 704, 268, 589, 174, 558, 624, 304, 466, 122]"
1.860920666013712,29.71,"[17, 476, 405, 63, 341, 624, 246, 860, 704, 227, 250, 509, 22, 589, 174, 558, 122, 304, 466]"
1.2732615083251715,22.7,"[17, 476, 227, 63, 704, 268, 589, 624, 558, 466, 304, 122, 860]"
2.1547502448579823,32.69,"[17, 476, 749, 63, 224, 704, 624, 509, 860, 246, 227, 250, 268, 405, 589, 341, 122, 174, 558, 304, 61, 466]"
1.762977473065622,28.84,"[17, 476, 63, 860, 597, 405, 346, 624, 229, 174, 250, 466, 304, 704, 122, 268, 558, 589]"
0.881488736532811,17.66,"[17, 476, 704, 268, 304, 466, 63, 122, 246]"
0.3917727717923607,8.31,"[122, 476, 224, 268]"
0.7835455435847207,15.34,"[466, 250, 63, 174, 476, 704, 122, 304]"
