n_nodes,influence,nodes
0.14534883720930214,51.53,"[389, 977]"
1.816860465116279,54.51,"[946, 1001, 1374, 687, 1295, 558, 915, 741, 1004, 360, 970, 1272, 911, 1173, 678, 1196, 960, 945, 482, 739, 991, 581, 1007, 621, 601]"
0.5087209302325582,52.97,"[946, 58, 910, 937, 1006, 429, 993]"
0.07267441860465107,49.81,[28]
0.5813953488372094,53.01,"[946, 1001, 993, 155, 910, 270, 970, 1288]"
0.43604651162790686,52.8,"[916, 28, 943, 985, 550, 993]"
0.2906976744186047,52.22,"[916, 142, 264, 977]"
1.0901162790697674,54.0,"[946, 1001, 155, 993, 910, 270, 972, 698, 672, 1272, 567, 945, 1293, 1260, 581]"
1.88953488372093,54.61,"[946, 922, 1374, 954, 945, 615, 915, 687, 207, 1295, 601, 741, 1260, 621, 1272, 965, 1007, 1173, 970, 960, 991, 1004, 482, 1076, 581, 911]"
0.21802325581395365,51.97,"[924, 293, 1006]"
1.5988372093023255,54.35,"[986, 919, 1374, 333, 960, 947, 1090, 970, 1295, 915, 482, 558, 739, 965, 581, 1272, 1004, 1173, 741, 911, 1260, 991]"
1.2354651162790697,54.11,"[986, 943, 937, 910, 170, 589, 852, 326, 1238, 915, 670, 1289, 623, 1293, 1272, 1004, 911]"
0.7994186046511629,53.63,"[986, 919, 1374, 243, 970, 1295, 589, 915, 670, 326, 945]"
1.4534883720930232,54.32,"[620, 1008, 610, 993, 910, 270, 972, 698, 567, 985, 1293, 1086, 672, 1272, 604, 945, 805, 1007, 991, 1260]"
1.744186046511628,54.44,"[946, 919, 1374, 687, 1178, 1295, 972, 630, 693, 1272, 482, 1293, 212, 739, 717, 904, 1210, 522, 915, 1196, 1260, 945, 991, 621]"
0.3633720930232558,52.49,"[694, 919, 993, 399, 968]"
0.8720930232558137,53.68,"[1001, 1008, 937, 910, 945, 968, 852, 915, 326, 1238, 670, 853]"
0.9447674418604652,53.84,"[946, 1001, 1374, 912, 1295, 711, 915, 1289, 589, 911, 621, 991, 326]"
1.6715116279069766,54.42,"[916, 1008, 937, 910, 945, 904, 830, 960, 970, 687, 991, 482, 1295, 1272, 597, 739, 621, 1069, 965, 867, 581, 1260, 911]"
1.1627906976744184,54.03,"[986, 943, 937, 334, 170, 492, 985, 326, 1014, 915, 670, 1260, 970, 945, 1293, 1272]"
0.7267441860465116,53.49,"[986, 943, 648, 334, 1289, 1295, 589, 985, 326, 915]"
0.6540697674418603,53.19,"[916, 762, 1238, 937, 910, 915, 945, 326, 670]"
1.3081395348837208,54.27,"[1001, 919, 940, 1084, 904, 1295, 970, 913, 915, 326, 853, 623, 1291, 945, 985, 1272, 656, 1007]"
