n_nodes,influence,nodes
0.001979610016826685,7.4845689399188355,[48099]
0.00395922003365337,7.414748094625359,"[48099, 38500]"
