n_nodes,influence,nodes
0.06765899864682003,8.978349120433018,[444]
0.13531799729364005,13.748308525033828,"[444, 189]"
