n_nodes,influence,nodes
0.001979610016826685,7.4845689399188355,[48099]
0.00395922003365337,7.414748094625359,"[48099, 38500]"
0.005938830050480056,7.421498564782738,"[48099, 38500, 44272]"
0.00791844006730674,7.310759180441454,"[48099, 38500, 44272, 4764]"
