n_nodes,influence,nodes
0.001979610016826685,7.4845689399188355,[48099]
