n_nodes,influence,nodes
0.20533880903490762,6.926078028747433,[325]
0.41067761806981523,10.862422997946613,"[325, 216]"
0.6160164271047228,12.928131416837783,"[325, 216, 313]"
0.8213552361396305,13.036960985626283,"[325, 216, 313, 310]"
1.0266940451745379,15.570841889117043,"[325, 216, 313, 310, 69]"
1.2320328542094456,16.31416837782341,"[325, 216, 313, 310, 69, 397]"
1.4373716632443532,17.833675564681723,"[325, 216, 313, 310, 69, 397, 178]"
1.642710472279261,18.521560574948666,"[325, 216, 313, 310, 69, 397, 178, 413]"
1.8480492813141685,19.357289527720738,"[325, 216, 313, 310, 69, 397, 178, 413, 159]"
2.0533880903490758,20.0,"[325, 216, 313, 310, 69, 397, 178, 413, 159, 217]"
2.2587268993839835,20.320328542094455,"[325, 216, 313, 310, 69, 397, 178, 413, 159, 217, 112]"
2.4640657084188913,21.340862422997947,"[325, 216, 313, 310, 69, 397, 178, 413, 159, 217, 112, 427]"
