n_nodes,influence,nodes
0.1557632398753894,4.208722741433022,[220]
0.3115264797507788,7.068535825545172,"[220, 215]"
0.46728971962616817,9.968847352024921,"[220, 215, 134]"
0.6230529595015576,11.713395638629285,"[220, 215, 134, 288]"
0.778816199376947,12.833333333333332,"[220, 215, 134, 288, 294]"
0.9345794392523363,14.417445482866045,"[220, 215, 134, 288, 294, 107]"
1.0903426791277258,17.529595015576323,"[220, 215, 134, 288, 294, 107, 55]"
1.2461059190031152,18.646417445482864,"[220, 215, 134, 288, 294, 107, 55, 291]"
1.4018691588785046,20.33489096573209,"[220, 215, 134, 288, 294, 107, 55, 291, 172]"
1.557632398753894,21.090342679127726,"[220, 215, 134, 288, 294, 107, 55, 291, 172, 280]"
1.7133956386292832,23.063862928348907,"[220, 215, 134, 288, 294, 107, 55, 291, 172, 280, 182]"
1.8691588785046727,23.123052959501557,"[220, 215, 134, 288, 294, 107, 55, 291, 172, 280, 182, 268]"
2.0249221183800623,24.269470404984425,"[220, 215, 134, 288, 294, 107, 55, 291, 172, 280, 182, 268, 320]"
2.1806853582554515,26.610591900311526,"[220, 215, 134, 288, 294, 107, 55, 291, 172, 280, 182, 268, 320, 56]"
2.336448598130841,27.429906542056077,"[220, 215, 134, 288, 294, 107, 55, 291, 172, 280, 182, 268, 320, 56, 420]"
2.4922118380062304,27.78348909657321,"[220, 215, 134, 288, 294, 107, 55, 291, 172, 280, 182, 268, 320, 56, 420, 328]"
