n_nodes,influence,nodes
1.2320328542094456,32.49,"[251, 216, 336, 376, 108, 54]"
1.8480492813141685,40.6,"[271, 216, 376, 420, 108, 54, 198, 251, 147]"
1.4373716632443534,34.52,"[271, 216, 145, 376, 108, 54, 251]"
1.6427104722792607,37.67,"[271, 356, 376, 146, 108, 216, 54, 251]"
0.8213552361396304,23.79,"[54, 108, 271, 216]"
0.4106776180698155,13.16,"[251, 54]"
2.053388090349076,42.17,"[271, 317, 356, 455, 198, 216, 108, 147, 54, 251]"
2.2587268993839835,43.83,"[271, 376, 171, 146, 108, 216, 147, 251, 54, 356, 198]"
2.4640657084188913,45.6,"[271, 417, 376, 356, 133, 216, 336, 198, 251, 54, 108, 146]"
0.20533880903490775,7.76,[271]
0.6160164271047228,19.05,"[54, 271, 108]"
1.026694045174538,27.71,"[356, 271, 216, 108, 54]"
